Event Rate: [0.89, 0.50, 0.24, 0.04, 0.03, 0.02, 0.00, 0.00, 0.00, 0.00, 0.00, 0.00, 0.00, 0.00, 0.00, 0.00, 0.00, 0.00, 0.00, 0.00]
Event Rate: [0.89, 0.50, 0.24, 0.04, 0.03, 0.02, 0.00, 0.00, 0.00, 0.00, 0.00, 0.00, 0.00, 0.00, 0.00, 0.00, 0.00, 0.00, 0.00, 0.00]
Event Rate: [0.89, 0.51, 0.26, 0.04, 0.03, 0.02, 0.00, 0.00, 0.00, 0.00, 0.00, 0.00, 0.00, 0.00, 0.00, 0.00, 0.00, 0.00, 0.00, 0.00]
Event Rate: [0.88, 0.51, 0.25, 0.04, 0.03, 0.02, 0.00, 0.00, 0.00, 0.00, 0.00, 0.00, 0.00, 0.00, 0.00, 0.00, 0.00, 0.00, 0.00, 0.00]
Event Rate: [0.88, 0.51, 0.26, 0.04, 0.03, 0.02, 0.00, 0.00, 0.00, 0.00, 0.00, 0.00, 0.00, 0.00, 0.00, 0.00, 0.00, 0.00, 0.00, 0.00]
Event Rate: [0.89, 0.51, 0.26, 0.04, 0.03, 0.02, 0.00, 0.00, 0.00, 0.00, 0.00, 0.00, 0.00, 0.00, 0.00, 0.00, 0.00, 0.00, 0.00, 0.00]
Event Rate: [0.89, 0.52, 0.26, 0.04, 0.03, 0.02, 0.00, 0.00, 0.00, 0.00, 0.00, 0.00, 0.00, 0.00, 0.00, 0.00, 0.00, 0.00, 0.00, 0.00]
Event Rate: [0.89, 0.52, 0.25, 0.04, 0.03, 0.03, 0.00, 0.00, 0.00, 0.00, 0.00, 0.00, 0.00, 0.00, 0.00, 0.00, 0.00, 0.00, 0.00, 0.00]
Event Rate: [0.88, 0.51, 0.26, 0.05, 0.04, 0.03, 0.00, 0.00, 0.00, 0.00, 0.00, 0.00, 0.00, 0.00, 0.00, 0.00, 0.00, 0.00, 0.00, 0.00]
Event Rate: [0.88, 0.50, 0.26, 0.05, 0.04, 0.03, 0.00, 0.00, 0.00, 0.00, 0.00, 0.00, 0.00, 0.00, 0.00, 0.00, 0.00, 0.00, 0.00, 0.00]
Event Rate: [0.89, 0.53, 0.28, 0.06, 0.05, 0.04, 0.00, 0.00, 0.00, 0.00, 0.00, 0.00, 0.00, 0.00, 0.00, 0.00, 0.00, 0.00, 0.00, 0.00]
Event Rate: [0.88, 0.51, 0.27, 0.05, 0.04, 0.03, 0.00, 0.00, 0.00, 0.00, 0.00, 0.00, 0.00, 0.00, 0.00, 0.00, 0.00, 0.00, 0.00, 0.00]
Event Rate: [0.88, 0.51, 0.26, 0.05, 0.04, 0.03, 0.00, 0.00, 0.00, 0.00, 0.00, 0.00, 0.00, 0.00, 0.00, 0.00, 0.00, 0.00, 0.00, 0.00]
Event Rate: [0.89, 0.52, 0.27, 0.05, 0.04, 0.03, 0.00, 0.00, 0.00, 0.00, 0.00, 0.00, 0.00, 0.00, 0.00, 0.00, 0.00, 0.00, 0.00, 0.00]
Event Rate: [0.88, 0.50, 0.27, 0.06, 0.05, 0.04, 0.00, 0.00, 0.00, 0.00, 0.00, 0.00, 0.00, 0.00, 0.00, 0.00, 0.00, 0.00, 0.00, 0.00]
Event Rate: [0.89, 0.52, 0.30, 0.08, 0.06, 0.05, 0.00, 0.00, 0.00, 0.00, 0.00, 0.00, 0.00, 0.00, 0.00, 0.00, 0.00, 0.00, 0.00, 0.00]
Event Rate: [0.89, 0.51, 0.31, 0.11, 0.10, 0.10, 0.00, 0.00, 0.00, 0.00, 0.00, 0.00, 0.00, 0.00, 0.00, 0.00, 0.02, 0.01, 0.15, 0.43]
Event Rate: [0.89, 0.52, 0.32, 0.15, 0.16, 0.17, 0.01, 0.00, 0.00, 0.00, 0.00, 0.00, 0.00, 0.00, 0.00, 0.00, 0.09, 0.07, 0.52, 1.00]
Event Rate: [0.88, 0.52, 0.34, 0.18, 0.21, 0.25, 0.03, 0.00, 0.00, 0.00, 0.00, 0.00, 0.00, 0.00, 0.00, 0.00, 0.23, 0.23, 0.74, 1.00]
Event Rate: [0.89, 0.53, 0.35, 0.23, 0.27, 0.34, 0.08, 0.01, 0.00, 0.00, 0.00, 0.00, 0.00, 0.00, 0.00, 0.00, 0.37, 0.37, 0.82, 1.00]
Event Rate: [0.89, 0.53, 0.36, 0.24, 0.29, 0.37, 0.08, 0.01, 0.00, 0.00, 0.00, 0.00, 0.00, 0.00, 0.00, 0.00, 0.43, 0.45, 0.86, 1.00]
Event Rate: [0.89, 0.52, 0.37, 0.24, 0.30, 0.39, 0.08, 0.00, 0.00, 0.00, 0.00, 0.00, 0.00, 0.00, 0.00, 0.00, 0.46, 0.51, 0.88, 1.00]
Event Rate: [0.88, 0.50, 0.35, 0.23, 0.28, 0.38, 0.07, 0.00, 0.00, 0.00, 0.00, 0.00, 0.00, 0.00, 0.00, 0.00, 0.44, 0.51, 0.89, 1.00]
Event Rate: [0.89, 0.51, 0.35, 0.23, 0.29, 0.41, 0.08, 0.00, 0.00, 0.00, 0.00, 0.00, 0.00, 0.00, 0.00, 0.00, 0.45, 0.52, 0.90, 1.00]
Event Rate: [0.87, 0.48, 0.32, 0.20, 0.24, 0.34, 0.05, 0.00, 0.00, 0.00, 0.00, 0.00, 0.00, 0.00, 0.00, 0.00, 0.39, 0.46, 0.86, 1.00]
Event Rate: [0.88, 0.48, 0.31, 0.19, 0.21, 0.28, 0.02, 0.00, 0.00, 0.00, 0.00, 0.00, 0.00, 0.00, 0.00, 0.00, 0.33, 0.41, 0.81, 1.00]
Event Rate: [0.89, 0.48, 0.31, 0.19, 0.20, 0.27, 0.04, 0.00, 0.00, 0.00, 0.00, 0.00, 0.00, 0.00, 0.00, 0.00, 0.32, 0.40, 0.79, 1.00]
Event Rate: [0.89, 0.48, 0.32, 0.19, 0.22, 0.30, 0.08, 0.01, 0.00, 0.00, 0.00, 0.00, 0.00, 0.00, 0.00, 0.00, 0.36, 0.44, 0.82, 1.00]
Event Rate: [0.88, 0.48, 0.30, 0.18, 0.23, 0.33, 0.12, 0.02, 0.00, 0.00, 0.00, 0.00, 0.00, 0.00, 0.00, 0.00, 0.38, 0.45, 0.84, 1.00]
Event Rate: [0.88, 0.46, 0.30, 0.18, 0.23, 0.34, 0.13, 0.03, 0.00, 0.00, 0.00, 0.00, 0.00, 0.00, 0.00, 0.00, 0.38, 0.44, 0.83, 1.00]
Event Rate: [0.88, 0.47, 0.28, 0.16, 0.21, 0.31, 0.11, 0.03, 0.00, 0.00, 0.00, 0.00, 0.00, 0.00, 0.00, 0.00, 0.34, 0.41, 0.81, 1.00]
Event Rate: [0.89, 0.47, 0.28, 0.15, 0.19, 0.28, 0.09, 0.02, 0.00, 0.00, 0.00, 0.00, 0.00, 0.00, 0.00, 0.00, 0.32, 0.39, 0.79, 1.00]
Event Rate: [0.88, 0.45, 0.27, 0.15, 0.18, 0.26, 0.09, 0.02, 0.00, 0.00, 0.00, 0.00, 0.00, 0.00, 0.00, 0.00, 0.31, 0.38, 0.74, 1.00]
Event Rate: [0.88, 0.45, 0.26, 0.14, 0.17, 0.26, 0.08, 0.02, 0.00, 0.00, 0.00, 0.00, 0.00, 0.00, 0.00, 0.00, 0.30, 0.36, 0.73, 1.00]
Event Rate: [0.89, 0.45, 0.26, 0.14, 0.18, 0.27, 0.10, 0.02, 0.00, 0.00, 0.00, 0.00, 0.00, 0.00, 0.00, 0.00, 0.31, 0.37, 0.77, 1.00]
Event Rate: [0.88, 0.44, 0.25, 0.14, 0.17, 0.27, 0.09, 0.02, 0.00, 0.00, 0.00, 0.00, 0.00, 0.00, 0.00, 0.00, 0.31, 0.37, 0.74, 1.00]
Event Rate: [0.89, 0.43, 0.25, 0.13, 0.16, 0.26, 0.08, 0.01, 0.00, 0.00, 0.00, 0.00, 0.00, 0.00, 0.00, 0.00, 0.30, 0.37, 0.74, 1.00]
Event Rate: [0.89, 0.44, 0.25, 0.13, 0.17, 0.26, 0.08, 0.01, 0.00, 0.00, 0.00, 0.00, 0.00, 0.00, 0.00, 0.00, 0.30, 0.37, 0.74, 1.00]
Event Rate: [0.88, 0.43, 0.25, 0.13, 0.17, 0.27, 0.10, 0.02, 0.00, 0.00, 0.00, 0.00, 0.00, 0.00, 0.00, 0.00, 0.30, 0.37, 0.73, 1.00]
Event Rate: [0.89, 0.42, 0.24, 0.12, 0.16, 0.26, 0.09, 0.02, 0.00, 0.00, 0.00, 0.00, 0.00, 0.00, 0.00, 0.00, 0.30, 0.37, 0.72, 1.00]
Event Rate: [0.88, 0.41, 0.24, 0.12, 0.15, 0.24, 0.08, 0.02, 0.00, 0.00, 0.00, 0.00, 0.00, 0.00, 0.00, 0.00, 0.28, 0.35, 0.69, 1.00]
Event Rate: [0.89, 0.42, 0.24, 0.12, 0.15, 0.24, 0.08, 0.02, 0.00, 0.00, 0.00, 0.00, 0.00, 0.00, 0.00, 0.00, 0.28, 0.35, 0.66, 1.00]
Event Rate: [0.89, 0.41, 0.24, 0.12, 0.16, 0.25, 0.10, 0.03, 0.00, 0.00, 0.00, 0.00, 0.00, 0.00, 0.00, 0.00, 0.29, 0.36, 0.68, 1.00]
Event Rate: [0.89, 0.41, 0.23, 0.12, 0.16, 0.25, 0.10, 0.03, 0.00, 0.00, 0.00, 0.00, 0.00, 0.00, 0.00, 0.00, 0.28, 0.35, 0.67, 1.00]
Event Rate: [0.88, 0.41, 0.23, 0.12, 0.15, 0.24, 0.10, 0.03, 0.00, 0.00, 0.00, 0.00, 0.00, 0.00, 0.00, 0.00, 0.28, 0.35, 0.64, 1.00]
Event Rate: [0.89, 0.41, 0.23, 0.12, 0.14, 0.23, 0.08, 0.02, 0.00, 0.00, 0.00, 0.00, 0.00, 0.00, 0.00, 0.00, 0.27, 0.34, 0.62, 1.00]
Event Rate: [0.89, 0.41, 0.23, 0.12, 0.15, 0.23, 0.08, 0.02, 0.00, 0.00, 0.00, 0.00, 0.00, 0.00, 0.00, 0.00, 0.26, 0.33, 0.63, 1.00]
Event Rate: [0.89, 0.41, 0.22, 0.12, 0.14, 0.23, 0.08, 0.02, 0.00, 0.00, 0.00, 0.00, 0.00, 0.00, 0.00, 0.00, 0.26, 0.33, 0.61, 1.00]
Event Rate: [0.88, 0.40, 0.22, 0.12, 0.15, 0.24, 0.09, 0.02, 0.00, 0.00, 0.00, 0.00, 0.00, 0.00, 0.00, 0.00, 0.28, 0.34, 0.63, 1.00]
Event Rate: [0.89, 0.41, 0.23, 0.12, 0.16, 0.25, 0.09, 0.02, 0.00, 0.00, 0.00, 0.00, 0.00, 0.00, 0.00, 0.00, 0.29, 0.36, 0.66, 1.00]
Event Rate: [0.89, 0.41, 0.23, 0.12, 0.15, 0.24, 0.09, 0.02, 0.00, 0.00, 0.00, 0.00, 0.00, 0.00, 0.00, 0.00, 0.28, 0.35, 0.65, 1.00]
Event Rate: [0.88, 0.40, 0.22, 0.11, 0.14, 0.22, 0.07, 0.01, 0.00, 0.00, 0.00, 0.00, 0.00, 0.00, 0.00, 0.00, 0.25, 0.32, 0.61, 1.00]
Event Rate: [0.88, 0.41, 0.21, 0.11, 0.13, 0.21, 0.07, 0.01, 0.00, 0.00, 0.00, 0.00, 0.00, 0.00, 0.00, 0.00, 0.24, 0.31, 0.60, 1.00]
Event Rate: [0.89, 0.40, 0.21, 0.11, 0.14, 0.22, 0.07, 0.01, 0.00, 0.00, 0.00, 0.00, 0.00, 0.00, 0.00, 0.00, 0.26, 0.32, 0.61, 1.00]
Event Rate: [0.88, 0.40, 0.21, 0.12, 0.15, 0.24, 0.08, 0.01, 0.00, 0.00, 0.00, 0.00, 0.00, 0.00, 0.00, 0.00, 0.28, 0.35, 0.65, 1.00]
Event Rate: [0.88, 0.40, 0.21, 0.11, 0.14, 0.23, 0.08, 0.01, 0.00, 0.00, 0.00, 0.00, 0.00, 0.00, 0.00, 0.00, 0.26, 0.33, 0.64, 1.00]
Event Rate: [0.89, 0.40, 0.21, 0.11, 0.14, 0.22, 0.07, 0.01, 0.00, 0.00, 0.00, 0.00, 0.00, 0.00, 0.00, 0.00, 0.27, 0.34, 0.63, 1.00]
Event Rate: [0.88, 0.40, 0.21, 0.10, 0.13, 0.20, 0.05, 0.00, 0.00, 0.00, 0.00, 0.00, 0.00, 0.00, 0.00, 0.00, 0.24, 0.31, 0.61, 1.00]
Event Rate: [0.89, 0.39, 0.21, 0.11, 0.13, 0.21, 0.05, 0.00, 0.00, 0.00, 0.00, 0.00, 0.00, 0.00, 0.00, 0.00, 0.27, 0.34, 0.65, 1.00]
Event Rate: [0.88, 0.39, 0.21, 0.11, 0.14, 0.22, 0.07, 0.01, 0.00, 0.00, 0.00, 0.00, 0.00, 0.00, 0.00, 0.00, 0.27, 0.34, 0.64, 1.00]
Event Rate: [0.88, 0.41, 0.21, 0.10, 0.14, 0.21, 0.05, 0.00, 0.00, 0.00, 0.00, 0.00, 0.00, 0.00, 0.00, 0.00, 0.26, 0.33, 0.66, 1.00]
Event Rate: [0.88, 0.39, 0.21, 0.10, 0.13, 0.22, 0.07, 0.01, 0.00, 0.00, 0.00, 0.00, 0.00, 0.00, 0.00, 0.00, 0.26, 0.33, 0.65, 1.00]
Event Rate: [0.88, 0.40, 0.20, 0.10, 0.13, 0.21, 0.08, 0.01, 0.00, 0.00, 0.00, 0.00, 0.00, 0.00, 0.00, 0.00, 0.25, 0.32, 0.64, 1.00]
Event Rate: [0.89, 0.41, 0.21, 0.10, 0.13, 0.21, 0.09, 0.01, 0.00, 0.00, 0.00, 0.00, 0.00, 0.00, 0.00, 0.00, 0.26, 0.34, 0.67, 1.00]
Event Rate: [0.88, 0.40, 0.20, 0.10, 0.13, 0.22, 0.10, 0.02, 0.00, 0.00, 0.00, 0.00, 0.00, 0.00, 0.00, 0.00, 0.26, 0.33, 0.69, 1.00]
Event Rate: [0.88, 0.39, 0.21, 0.10, 0.14, 0.22, 0.11, 0.02, 0.00, 0.00, 0.00, 0.00, 0.00, 0.00, 0.00, 0.00, 0.27, 0.35, 0.71, 1.00]
Event Rate: [0.88, 0.39, 0.20, 0.10, 0.14, 0.22, 0.10, 0.02, 0.00, 0.00, 0.00, 0.00, 0.00, 0.00, 0.00, 0.00, 0.27, 0.34, 0.70, 1.00]
Event Rate: [0.87, 0.39, 0.21, 0.10, 0.13, 0.21, 0.09, 0.01, 0.00, 0.00, 0.00, 0.00, 0.00, 0.00, 0.00, 0.00, 0.26, 0.33, 0.70, 1.00]
Event Rate: [0.89, 0.39, 0.20, 0.10, 0.13, 0.21, 0.08, 0.01, 0.00, 0.00, 0.00, 0.00, 0.00, 0.00, 0.00, 0.00, 0.26, 0.33, 0.72, 1.00]
Event Rate: [0.89, 0.40, 0.20, 0.10, 0.13, 0.21, 0.09, 0.01, 0.00, 0.00, 0.00, 0.00, 0.00, 0.00, 0.00, 0.00, 0.26, 0.34, 0.73, 1.00]
Event Rate: [0.89, 0.40, 0.21, 0.10, 0.14, 0.23, 0.10, 0.01, 0.00, 0.00, 0.00, 0.00, 0.00, 0.00, 0.00, 0.00, 0.29, 0.36, 0.76, 1.00]
Event Rate: [0.88, 0.39, 0.20, 0.10, 0.13, 0.22, 0.10, 0.01, 0.00, 0.00, 0.00, 0.00, 0.00, 0.00, 0.00, 0.00, 0.27, 0.34, 0.76, 1.00]
Event Rate: [0.88, 0.40, 0.20, 0.10, 0.13, 0.22, 0.10, 0.02, 0.00, 0.00, 0.00, 0.00, 0.00, 0.00, 0.00, 0.00, 0.27, 0.34, 0.78, 1.00]
Event Rate: [0.88, 0.40, 0.20, 0.10, 0.12, 0.22, 0.10, 0.02, 0.00, 0.00, 0.00, 0.00, 0.00, 0.00, 0.00, 0.00, 0.27, 0.35, 0.78, 1.00]
Event Rate: [0.89, 0.40, 0.21, 0.10, 0.13, 0.22, 0.10, 0.02, 0.00, 0.00, 0.00, 0.00, 0.00, 0.00, 0.00, 0.00, 0.28, 0.35, 0.81, 1.00]
Event Rate: [0.88, 0.39, 0.20, 0.10, 0.13, 0.23, 0.11, 0.02, 0.00, 0.00, 0.00, 0.00, 0.00, 0.00, 0.00, 0.00, 0.29, 0.36, 0.82, 1.00]
Event Rate: [0.89, 0.39, 0.20, 0.10, 0.13, 0.23, 0.12, 0.02, 0.00, 0.00, 0.00, 0.00, 0.00, 0.00, 0.00, 0.00, 0.29, 0.37, 0.83, 1.00]
Event Rate: [0.89, 0.38, 0.20, 0.09, 0.12, 0.22, 0.10, 0.02, 0.00, 0.00, 0.00, 0.00, 0.00, 0.00, 0.00, 0.00, 0.28, 0.36, 0.82, 1.00]
Event Rate: [0.89, 0.40, 0.21, 0.10, 0.14, 0.24, 0.12, 0.02, 0.00, 0.00, 0.00, 0.00, 0.00, 0.00, 0.00, 0.00, 0.30, 0.38, 0.85, 1.00]
Event Rate: [0.89, 0.39, 0.21, 0.10, 0.14, 0.24, 0.12, 0.02, 0.00, 0.00, 0.00, 0.00, 0.00, 0.00, 0.00, 0.00, 0.30, 0.38, 0.86, 1.00]
Event Rate: [0.88, 0.38, 0.20, 0.09, 0.13, 0.23, 0.12, 0.02, 0.00, 0.00, 0.00, 0.00, 0.00, 0.00, 0.00, 0.00, 0.29, 0.36, 0.84, 1.00]
Event Rate: [0.88, 0.39, 0.21, 0.10, 0.13, 0.23, 0.12, 0.02, 0.00, 0.00, 0.00, 0.00, 0.00, 0.00, 0.00, 0.00, 0.29, 0.37, 0.87, 1.00]
Event Rate: [0.89, 0.40, 0.21, 0.10, 0.13, 0.23, 0.13, 0.02, 0.00, 0.00, 0.00, 0.00, 0.00, 0.00, 0.00, 0.00, 0.29, 0.37, 0.85, 1.00]
Event Rate: [0.89, 0.40, 0.21, 0.10, 0.13, 0.24, 0.13, 0.03, 0.00, 0.00, 0.00, 0.00, 0.00, 0.00, 0.00, 0.00, 0.30, 0.38, 0.87, 1.00]
Event Rate: [0.88, 0.39, 0.21, 0.10, 0.14, 0.25, 0.15, 0.03, 0.00, 0.00, 0.00, 0.00, 0.00, 0.00, 0.00, 0.00, 0.31, 0.39, 0.88, 1.00]
Event Rate: [0.88, 0.39, 0.20, 0.10, 0.14, 0.25, 0.15, 0.03, 0.00, 0.00, 0.00, 0.00, 0.00, 0.00, 0.00, 0.00, 0.32, 0.40, 0.88, 1.00]
Event Rate: [0.88, 0.38, 0.21, 0.10, 0.14, 0.26, 0.15, 0.03, 0.00, 0.00, 0.00, 0.00, 0.00, 0.00, 0.00, 0.00, 0.33, 0.41, 0.89, 1.00]
Event Rate: [0.88, 0.37, 0.20, 0.09, 0.14, 0.25, 0.13, 0.02, 0.00, 0.00, 0.00, 0.00, 0.00, 0.00, 0.00, 0.00, 0.31, 0.40, 0.89, 1.00]
Event Rate: [0.88, 0.37, 0.20, 0.09, 0.13, 0.24, 0.12, 0.01, 0.00, 0.00, 0.00, 0.00, 0.00, 0.00, 0.00, 0.00, 0.30, 0.38, 0.88, 1.00]
Event Rate: [0.89, 0.39, 0.21, 0.10, 0.14, 0.26, 0.13, 0.01, 0.00, 0.00, 0.00, 0.00, 0.00, 0.00, 0.00, 0.00, 0.33, 0.42, 0.90, 1.00]
Event Rate: [0.89, 0.39, 0.21, 0.10, 0.15, 0.27, 0.14, 0.02, 0.00, 0.00, 0.00, 0.00, 0.00, 0.00, 0.00, 0.00, 0.33, 0.42, 0.90, 1.00]
Event Rate: [0.88, 0.38, 0.21, 0.09, 0.13, 0.25, 0.13, 0.01, 0.00, 0.00, 0.00, 0.00, 0.00, 0.00, 0.00, 0.00, 0.31, 0.40, 0.89, 1.00]
Event Rate: [0.89, 0.38, 0.21, 0.09, 0.13, 0.25, 0.13, 0.01, 0.00, 0.00, 0.00, 0.00, 0.00, 0.00, 0.00, 0.00, 0.31, 0.40, 0.89, 1.00]
Event Rate: [0.88, 0.38, 0.21, 0.09, 0.13, 0.24, 0.11, 0.01, 0.00, 0.00, 0.00, 0.00, 0.00, 0.00, 0.00, 0.00, 0.30, 0.39, 0.89, 1.00]
Event Rate: [0.88, 0.39, 0.21, 0.09, 0.13, 0.24, 0.11, 0.01, 0.00, 0.00, 0.00, 0.00, 0.00, 0.00, 0.00, 0.00, 0.30, 0.38, 0.90, 1.00]
Event Rate: [0.89, 0.39, 0.21, 0.09, 0.14, 0.27, 0.13, 0.01, 0.00, 0.00, 0.00, 0.00, 0.00, 0.00, 0.00, 0.00, 0.33, 0.42, 0.91, 1.00]
Event Rate: [0.89, 0.38, 0.21, 0.09, 0.13, 0.26, 0.14, 0.02, 0.00, 0.00, 0.00, 0.00, 0.00, 0.00, 0.00, 0.00, 0.32, 0.41, 0.91, 1.00]
Event Rate: [0.89, 0.39, 0.22, 0.09, 0.14, 0.27, 0.17, 0.03, 0.00, 0.00, 0.00, 0.00, 0.00, 0.00, 0.00, 0.00, 0.34, 0.42, 0.92, 1.00]
Event Rate: [0.88, 0.38, 0.21, 0.09, 0.14, 0.26, 0.17, 0.03, 0.00, 0.00, 0.00, 0.00, 0.00, 0.00, 0.00, 0.00, 0.32, 0.41, 0.91, 1.00]
Event Rate: [0.88, 0.38, 0.21, 0.08, 0.13, 0.24, 0.16, 0.03, 0.00, 0.00, 0.00, 0.00, 0.00, 0.00, 0.00, 0.00, 0.31, 0.40, 0.90, 1.00]
Event Rate: [0.89, 0.38, 0.21, 0.08, 0.12, 0.23, 0.15, 0.03, 0.00, 0.00, 0.00, 0.00, 0.00, 0.00, 0.00, 0.00, 0.30, 0.39, 0.90, 1.00]
Event Rate: [0.89, 0.38, 0.21, 0.08, 0.13, 0.24, 0.17, 0.03, 0.00, 0.00, 0.00, 0.00, 0.00, 0.00, 0.00, 0.00, 0.31, 0.40, 0.90, 1.00]
Event Rate: [0.89, 0.38, 0.22, 0.09, 0.14, 0.28, 0.20, 0.05, 0.00, 0.00, 0.00, 0.00, 0.00, 0.00, 0.00, 0.00, 0.34, 0.43, 0.92, 1.00]
Event Rate: [0.88, 0.39, 0.21, 0.09, 0.14, 0.27, 0.20, 0.05, 0.00, 0.00, 0.00, 0.00, 0.00, 0.00, 0.00, 0.00, 0.34, 0.43, 0.92, 1.00]
Event Rate: [0.88, 0.38, 0.22, 0.09, 0.14, 0.27, 0.20, 0.05, 0.00, 0.00, 0.00, 0.00, 0.00, 0.00, 0.00, 0.00, 0.34, 0.42, 0.91, 1.00]
Event Rate: [0.88, 0.38, 0.21, 0.09, 0.14, 0.27, 0.20, 0.05, 0.00, 0.00, 0.00, 0.00, 0.00, 0.00, 0.00, 0.00, 0.34, 0.43, 0.92, 1.00]
Event Rate: [0.89, 0.39, 0.20, 0.08, 0.13, 0.25, 0.17, 0.03, 0.00, 0.00, 0.00, 0.00, 0.00, 0.00, 0.00, 0.00, 0.32, 0.41, 0.91, 1.00]
Event Rate: [0.89, 0.38, 0.20, 0.08, 0.13, 0.24, 0.17, 0.04, 0.00, 0.00, 0.00, 0.00, 0.00, 0.00, 0.00, 0.00, 0.31, 0.40, 0.90, 1.00]
Event Rate: [0.89, 0.37, 0.20, 0.08, 0.13, 0.25, 0.18, 0.04, 0.00, 0.00, 0.00, 0.00, 0.00, 0.00, 0.00, 0.00, 0.32, 0.41, 0.90, 1.00]
Event Rate: [0.88, 0.37, 0.20, 0.08, 0.13, 0.24, 0.18, 0.05, 0.00, 0.00, 0.00, 0.00, 0.00, 0.00, 0.00, 0.00, 0.31, 0.40, 0.89, 1.00]
Event Rate: [0.88, 0.37, 0.20, 0.07, 0.13, 0.24, 0.18, 0.04, 0.00, 0.00, 0.00, 0.00, 0.00, 0.00, 0.00, 0.00, 0.31, 0.40, 0.90, 1.00]
Event Rate: [0.89, 0.37, 0.20, 0.07, 0.12, 0.23, 0.17, 0.03, 0.00, 0.00, 0.00, 0.00, 0.00, 0.00, 0.00, 0.00, 0.30, 0.40, 0.91, 1.00]
Event Rate: [0.88, 0.36, 0.19, 0.07, 0.12, 0.23, 0.17, 0.03, 0.00, 0.00, 0.00, 0.00, 0.00, 0.00, 0.00, 0.00, 0.30, 0.39, 0.90, 1.00]
Event Rate: [0.89, 0.37, 0.20, 0.07, 0.11, 0.23, 0.16, 0.03, 0.00, 0.00, 0.00, 0.00, 0.00, 0.00, 0.00, 0.00, 0.30, 0.39, 0.90, 1.00]
Event Rate: [0.88, 0.37, 0.21, 0.08, 0.13, 0.25, 0.20, 0.04, 0.00, 0.00, 0.00, 0.00, 0.00, 0.00, 0.00, 0.00, 0.32, 0.41, 0.91, 1.00]
Event Rate: [0.89, 0.38, 0.21, 0.08, 0.13, 0.26, 0.21, 0.05, 0.00, 0.00, 0.00, 0.00, 0.00, 0.00, 0.00, 0.00, 0.34, 0.43, 0.91, 1.00]
Event Rate: [0.88, 0.37, 0.20, 0.08, 0.14, 0.27, 0.22, 0.06, 0.00, 0.00, 0.00, 0.00, 0.00, 0.00, 0.00, 0.00, 0.34, 0.43, 0.91, 1.00]
Event Rate: [0.88, 0.36, 0.20, 0.08, 0.14, 0.27, 0.22, 0.06, 0.00, 0.00, 0.00, 0.00, 0.00, 0.00, 0.00, 0.00, 0.34, 0.43, 0.91, 1.00]
Event Rate: [0.88, 0.38, 0.21, 0.08, 0.14, 0.28, 0.23, 0.07, 0.00, 0.00, 0.00, 0.00, 0.00, 0.00, 0.00, 0.00, 0.35, 0.44, 0.91, 1.00]
Event Rate: [0.88, 0.36, 0.19, 0.07, 0.12, 0.24, 0.20, 0.05, 0.00, 0.00, 0.00, 0.00, 0.00, 0.00, 0.00, 0.00, 0.31, 0.40, 0.90, 1.00]
Event Rate: [0.88, 0.37, 0.20, 0.08, 0.14, 0.26, 0.22, 0.06, 0.00, 0.00, 0.00, 0.00, 0.00, 0.00, 0.00, 0.00, 0.33, 0.43, 0.92, 1.00]
Event Rate: [0.88, 0.38, 0.20, 0.08, 0.13, 0.26, 0.22, 0.06, 0.00, 0.00, 0.00, 0.00, 0.00, 0.00, 0.00, 0.00, 0.32, 0.41, 0.92, 1.00]
Event Rate: [0.88, 0.37, 0.21, 0.08, 0.14, 0.27, 0.24, 0.07, 0.00, 0.00, 0.00, 0.00, 0.00, 0.00, 0.00, 0.00, 0.34, 0.43, 0.92, 1.00]
Event Rate: [0.89, 0.37, 0.21, 0.08, 0.15, 0.29, 0.25, 0.08, 0.00, 0.00, 0.00, 0.00, 0.00, 0.00, 0.00, 0.00, 0.35, 0.44, 0.93, 1.00]
Event Rate: [0.89, 0.38, 0.21, 0.08, 0.14, 0.27, 0.23, 0.07, 0.00, 0.00, 0.00, 0.00, 0.00, 0.00, 0.00, 0.00, 0.34, 0.43, 0.92, 1.00]
Event Rate: [0.87, 0.35, 0.19, 0.07, 0.12, 0.24, 0.20, 0.06, 0.00, 0.00, 0.00, 0.00, 0.00, 0.00, 0.00, 0.00, 0.30, 0.38, 0.89, 1.00]
Event Rate: [0.88, 0.37, 0.20, 0.08, 0.13, 0.26, 0.22, 0.05, 0.00, 0.00, 0.00, 0.00, 0.00, 0.00, 0.00, 0.00, 0.33, 0.42, 0.91, 1.00]
Event Rate: [0.88, 0.37, 0.20, 0.08, 0.14, 0.26, 0.22, 0.05, 0.00, 0.00, 0.00, 0.00, 0.00, 0.00, 0.00, 0.00, 0.33, 0.42, 0.92, 1.00]
Event Rate: [0.88, 0.37, 0.20, 0.07, 0.13, 0.26, 0.21, 0.05, 0.00, 0.00, 0.00, 0.00, 0.00, 0.00, 0.00, 0.00, 0.32, 0.42, 0.91, 1.00]
Event Rate: [0.88, 0.36, 0.20, 0.08, 0.14, 0.28, 0.24, 0.06, 0.00, 0.00, 0.00, 0.00, 0.00, 0.00, 0.00, 0.00, 0.34, 0.43, 0.92, 1.00]
Event Rate: [0.88, 0.38, 0.21, 0.08, 0.15, 0.29, 0.23, 0.05, 0.00, 0.00, 0.00, 0.00, 0.00, 0.00, 0.00, 0.00, 0.35, 0.44, 0.92, 1.00]
Event Rate: [0.88, 0.37, 0.20, 0.08, 0.15, 0.29, 0.23, 0.05, 0.00, 0.00, 0.00, 0.00, 0.00, 0.00, 0.00, 0.00, 0.35, 0.45, 0.93, 1.00]
Event Rate: [0.88, 0.36, 0.19, 0.08, 0.14, 0.27, 0.23, 0.05, 0.00, 0.00, 0.00, 0.00, 0.00, 0.00, 0.00, 0.00, 0.32, 0.42, 0.91, 1.00]
Event Rate: [0.88, 0.36, 0.20, 0.08, 0.14, 0.27, 0.24, 0.06, 0.00, 0.00, 0.00, 0.00, 0.00, 0.00, 0.00, 0.00, 0.34, 0.43, 0.92, 1.00]
Event Rate: [0.89, 0.37, 0.21, 0.08, 0.15, 0.29, 0.26, 0.08, 0.00, 0.00, 0.00, 0.00, 0.00, 0.00, 0.00, 0.00, 0.35, 0.44, 0.92, 1.00]
Event Rate: [0.89, 0.38, 0.21, 0.09, 0.16, 0.30, 0.27, 0.09, 0.00, 0.00, 0.00, 0.00, 0.00, 0.00, 0.00, 0.00, 0.36, 0.46, 0.93, 1.00]
Event Rate: [0.89, 0.38, 0.22, 0.09, 0.16, 0.30, 0.29, 0.10, 0.00, 0.00, 0.00, 0.00, 0.00, 0.00, 0.00, 0.00, 0.36, 0.45, 0.93, 1.00]
Event Rate: [0.89, 0.38, 0.21, 0.09, 0.16, 0.30, 0.29, 0.10, 0.00, 0.00, 0.00, 0.00, 0.00, 0.00, 0.00, 0.00, 0.36, 0.46, 0.93, 1.00]
Event Rate: [0.89, 0.38, 0.21, 0.08, 0.15, 0.29, 0.28, 0.10, 0.00, 0.00, 0.00, 0.00, 0.00, 0.00, 0.00, 0.00, 0.35, 0.45, 0.93, 1.00]
Event Rate: [0.89, 0.38, 0.21, 0.08, 0.15, 0.29, 0.28, 0.10, 0.00, 0.00, 0.00, 0.00, 0.00, 0.00, 0.00, 0.00, 0.34, 0.44, 0.93, 1.00]
Event Rate: [0.89, 0.40, 0.22, 0.09, 0.15, 0.29, 0.28, 0.10, 0.00, 0.00, 0.00, 0.00, 0.00, 0.00, 0.00, 0.00, 0.35, 0.45, 0.93, 1.00]
Event Rate: [0.88, 0.38, 0.20, 0.08, 0.15, 0.28, 0.28, 0.09, 0.00, 0.00, 0.00, 0.00, 0.00, 0.00, 0.00, 0.00, 0.34, 0.43, 0.92, 1.00]
Event Rate: [0.87, 0.37, 0.21, 0.08, 0.15, 0.28, 0.29, 0.11, 0.00, 0.00, 0.00, 0.00, 0.00, 0.00, 0.00, 0.00, 0.34, 0.43, 0.93, 1.00]
Event Rate: [0.89, 0.39, 0.22, 0.09, 0.17, 0.31, 0.31, 0.12, 0.00, 0.00, 0.00, 0.00, 0.00, 0.00, 0.00, 0.00, 0.38, 0.47, 0.93, 1.00]
Event Rate: [0.88, 0.38, 0.22, 0.09, 0.16, 0.31, 0.31, 0.11, 0.00, 0.00, 0.00, 0.00, 0.00, 0.00, 0.00, 0.00, 0.36, 0.46, 0.93, 1.00]
Event Rate: [0.88, 0.36, 0.20, 0.07, 0.14, 0.26, 0.27, 0.09, 0.00, 0.00, 0.00, 0.00, 0.00, 0.00, 0.00, 0.00, 0.32, 0.42, 0.92, 1.00]
Event Rate: [0.89, 0.37, 0.21, 0.08, 0.15, 0.29, 0.29, 0.10, 0.00, 0.00, 0.00, 0.00, 0.00, 0.00, 0.00, 0.00, 0.35, 0.45, 0.92, 1.00]
Event Rate: [0.88, 0.36, 0.20, 0.08, 0.15, 0.28, 0.28, 0.08, 0.00, 0.00, 0.00, 0.00, 0.00, 0.00, 0.00, 0.00, 0.32, 0.43, 0.92, 1.00]
Event Rate: [0.89, 0.36, 0.20, 0.08, 0.15, 0.28, 0.28, 0.08, 0.00, 0.00, 0.00, 0.00, 0.00, 0.00, 0.00, 0.00, 0.33, 0.44, 0.93, 1.00]
Event Rate: [0.88, 0.37, 0.20, 0.08, 0.15, 0.28, 0.28, 0.09, 0.00, 0.00, 0.00, 0.00, 0.00, 0.00, 0.00, 0.00, 0.33, 0.43, 0.92, 1.00]
Event Rate: [0.88, 0.36, 0.20, 0.09, 0.16, 0.30, 0.31, 0.10, 0.00, 0.00, 0.00, 0.00, 0.00, 0.00, 0.00, 0.00, 0.35, 0.45, 0.92, 1.00]
Event Rate: [0.88, 0.35, 0.20, 0.08, 0.16, 0.30, 0.30, 0.10, 0.00, 0.00, 0.00, 0.00, 0.00, 0.00, 0.00, 0.00, 0.35, 0.45, 0.93, 1.00]
Event Rate: [0.89, 0.38, 0.22, 0.09, 0.17, 0.31, 0.33, 0.11, 0.00, 0.00, 0.00, 0.00, 0.00, 0.00, 0.00, 0.00, 0.36, 0.46, 0.94, 1.00]
Event Rate: [0.89, 0.37, 0.22, 0.09, 0.16, 0.30, 0.32, 0.11, 0.00, 0.00, 0.00, 0.00, 0.00, 0.00, 0.00, 0.00, 0.36, 0.45, 0.93, 1.00]
Event Rate: [0.88, 0.36, 0.21, 0.08, 0.16, 0.30, 0.31, 0.11, 0.00, 0.00, 0.00, 0.00, 0.00, 0.00, 0.00, 0.00, 0.35, 0.45, 0.93, 1.00]
Event Rate: [0.89, 0.36, 0.20, 0.08, 0.15, 0.29, 0.31, 0.10, 0.00, 0.00, 0.00, 0.00, 0.00, 0.00, 0.00, 0.00, 0.34, 0.44, 0.92, 1.00]
Event Rate: [0.89, 0.38, 0.21, 0.09, 0.16, 0.30, 0.31, 0.11, 0.00, 0.00, 0.00, 0.00, 0.00, 0.00, 0.00, 0.00, 0.35, 0.45, 0.93, 1.00]
Event Rate: [0.89, 0.37, 0.21, 0.09, 0.16, 0.30, 0.32, 0.11, 0.00, 0.00, 0.00, 0.00, 0.00, 0.00, 0.00, 0.00, 0.36, 0.45, 0.92, 1.00]
Event Rate: [0.89, 0.37, 0.22, 0.10, 0.18, 0.32, 0.34, 0.13, 0.00, 0.00, 0.00, 0.00, 0.00, 0.00, 0.00, 0.00, 0.38, 0.47, 0.94, 1.00]
Event Rate: [0.89, 0.37, 0.21, 0.09, 0.17, 0.32, 0.34, 0.13, 0.00, 0.00, 0.00, 0.00, 0.00, 0.00, 0.00, 0.00, 0.38, 0.47, 0.94, 1.00]
Event Rate: [0.89, 0.37, 0.22, 0.09, 0.17, 0.32, 0.34, 0.13, 0.00, 0.00, 0.00, 0.00, 0.00, 0.00, 0.00, 0.00, 0.37, 0.46, 0.93, 1.00]
Event Rate: [0.88, 0.36, 0.21, 0.09, 0.16, 0.30, 0.33, 0.11, 0.00, 0.00, 0.00, 0.00, 0.00, 0.00, 0.00, 0.00, 0.35, 0.45, 0.93, 1.00]
Event Rate: [0.88, 0.36, 0.21, 0.09, 0.16, 0.30, 0.32, 0.11, 0.00, 0.00, 0.00, 0.00, 0.00, 0.00, 0.00, 0.00, 0.35, 0.44, 0.92, 1.00]
Event Rate: [0.89, 0.37, 0.22, 0.09, 0.17, 0.31, 0.35, 0.12, 0.00, 0.00, 0.00, 0.00, 0.00, 0.00, 0.00, 0.00, 0.36, 0.46, 0.94, 1.00]
Event Rate: [0.89, 0.36, 0.20, 0.08, 0.15, 0.28, 0.31, 0.10, 0.00, 0.00, 0.00, 0.00, 0.00, 0.00, 0.00, 0.00, 0.32, 0.43, 0.92, 1.00]
Event Rate: [0.89, 0.36, 0.20, 0.08, 0.15, 0.28, 0.31, 0.10, 0.00, 0.00, 0.00, 0.00, 0.00, 0.00, 0.00, 0.00, 0.32, 0.43, 0.93, 1.00]
Event Rate: [0.89, 0.36, 0.20, 0.09, 0.16, 0.30, 0.34, 0.12, 0.00, 0.00, 0.00, 0.00, 0.00, 0.00, 0.00, 0.00, 0.34, 0.44, 0.93, 1.00]
Event Rate: [0.88, 0.35, 0.20, 0.08, 0.15, 0.29, 0.33, 0.12, 0.00, 0.00, 0.00, 0.00, 0.00, 0.00, 0.00, 0.00, 0.34, 0.44, 0.93, 1.00]
Event Rate: [0.88, 0.36, 0.21, 0.09, 0.17, 0.31, 0.35, 0.14, 0.00, 0.00, 0.00, 0.00, 0.00, 0.00, 0.00, 0.00, 0.36, 0.46, 0.93, 1.00]
Event Rate: [0.89, 0.37, 0.22, 0.10, 0.18, 0.33, 0.38, 0.16, 0.00, 0.00, 0.00, 0.00, 0.00, 0.00, 0.00, 0.00, 0.39, 0.48, 0.93, 1.00]
Event Rate: [0.88, 0.35, 0.21, 0.09, 0.17, 0.32, 0.35, 0.14, 0.00, 0.00, 0.00, 0.00, 0.00, 0.00, 0.00, 0.00, 0.37, 0.47, 0.93, 1.00]
Event Rate: [0.89, 0.38, 0.22, 0.10, 0.18, 0.33, 0.37, 0.15, 0.00, 0.00, 0.00, 0.00, 0.00, 0.00, 0.00, 0.00, 0.38, 0.48, 0.94, 1.00]
Event Rate: [0.88, 0.36, 0.21, 0.09, 0.17, 0.33, 0.36, 0.14, 0.00, 0.00, 0.00, 0.00, 0.00, 0.00, 0.00, 0.00, 0.38, 0.48, 0.94, 1.00]
Event Rate: [0.88, 0.36, 0.21, 0.08, 0.16, 0.30, 0.34, 0.11, 0.00, 0.00, 0.00, 0.00, 0.00, 0.00, 0.00, 0.00, 0.35, 0.46, 0.94, 1.00]
Event Rate: [0.88, 0.36, 0.20, 0.08, 0.15, 0.27, 0.31, 0.09, 0.00, 0.00, 0.00, 0.00, 0.00, 0.00, 0.00, 0.00, 0.31, 0.43, 0.93, 1.00]
Event Rate: [0.89, 0.36, 0.20, 0.08, 0.16, 0.30, 0.33, 0.10, 0.00, 0.00, 0.00, 0.00, 0.00, 0.00, 0.00, 0.00, 0.34, 0.45, 0.93, 1.00]
Event Rate: [0.89, 0.37, 0.21, 0.08, 0.16, 0.30, 0.35, 0.11, 0.00, 0.00, 0.00, 0.00, 0.00, 0.00, 0.00, 0.00, 0.35, 0.46, 0.93, 1.00]
Event Rate: [0.89, 0.36, 0.21, 0.08, 0.16, 0.31, 0.35, 0.12, 0.00, 0.00, 0.00, 0.00, 0.00, 0.00, 0.00, 0.00, 0.35, 0.46, 0.94, 1.00]
Event Rate: [0.89, 0.36, 0.21, 0.08, 0.16, 0.30, 0.35, 0.14, 0.00, 0.00, 0.00, 0.00, 0.00, 0.00, 0.00, 0.00, 0.35, 0.45, 0.93, 1.00]
Event Rate: [0.88, 0.35, 0.21, 0.09, 0.17, 0.31, 0.37, 0.15, 0.00, 0.00, 0.00, 0.00, 0.00, 0.00, 0.00, 0.00, 0.36, 0.46, 0.93, 1.00]
Event Rate: [0.89, 0.36, 0.22, 0.09, 0.17, 0.32, 0.39, 0.17, 0.00, 0.00, 0.00, 0.00, 0.00, 0.00, 0.00, 0.00, 0.37, 0.47, 0.93, 1.00]
Event Rate: [0.88, 0.36, 0.21, 0.09, 0.16, 0.31, 0.37, 0.17, 0.00, 0.00, 0.00, 0.00, 0.00, 0.00, 0.00, 0.00, 0.36, 0.45, 0.92, 1.00]
Event Rate: [0.89, 0.36, 0.22, 0.09, 0.18, 0.34, 0.39, 0.18, 0.00, 0.00, 0.00, 0.00, 0.00, 0.00, 0.00, 0.00, 0.38, 0.48, 0.93, 1.00]
Event Rate: [0.88, 0.37, 0.21, 0.09, 0.17, 0.31, 0.38, 0.17, 0.00, 0.00, 0.00, 0.00, 0.00, 0.00, 0.00, 0.00, 0.36, 0.46, 0.93, 1.00]
Event Rate: [0.89, 0.36, 0.21, 0.08, 0.16, 0.30, 0.37, 0.16, 0.00, 0.00, 0.00, 0.00, 0.00, 0.00, 0.00, 0.00, 0.35, 0.46, 0.93, 1.00]
Event Rate: [0.89, 0.36, 0.21, 0.08, 0.16, 0.30, 0.37, 0.16, 0.00, 0.00, 0.00, 0.00, 0.00, 0.00, 0.00, 0.00, 0.34, 0.45, 0.93, 1.00]
Event Rate: [0.88, 0.36, 0.20, 0.08, 0.16, 0.30, 0.37, 0.16, 0.00, 0.00, 0.00, 0.00, 0.00, 0.00, 0.00, 0.00, 0.34, 0.45, 0.94, 1.00]
Event Rate: [0.88, 0.36, 0.20, 0.08, 0.15, 0.28, 0.36, 0.15, 0.00, 0.00, 0.00, 0.00, 0.00, 0.00, 0.00, 0.00, 0.33, 0.43, 0.94, 1.00]
Event Rate: [0.88, 0.36, 0.21, 0.08, 0.16, 0.30, 0.37, 0.16, 0.00, 0.00, 0.00, 0.00, 0.00, 0.00, 0.00, 0.00, 0.35, 0.45, 0.93, 1.00]
Event Rate: [0.88, 0.36, 0.21, 0.09, 0.16, 0.31, 0.38, 0.18, 0.00, 0.00, 0.00, 0.00, 0.00, 0.00, 0.00, 0.00, 0.36, 0.45, 0.93, 1.00]
Event Rate: [0.89, 0.37, 0.20, 0.09, 0.17, 0.32, 0.39, 0.18, 0.00, 0.00, 0.00, 0.00, 0.00, 0.00, 0.00, 0.00, 0.36, 0.46, 0.94, 1.00]
Event Rate: [0.89, 0.38, 0.21, 0.09, 0.18, 0.35, 0.42, 0.20, 0.00, 0.00, 0.00, 0.00, 0.00, 0.00, 0.00, 0.00, 0.39, 0.49, 0.95, 1.00]
Event Rate: [0.89, 0.37, 0.21, 0.09, 0.17, 0.33, 0.40, 0.19, 0.00, 0.00, 0.00, 0.00, 0.00, 0.00, 0.00, 0.00, 0.38, 0.48, 0.94, 1.00]
Event Rate: [0.89, 0.38, 0.21, 0.09, 0.17, 0.33, 0.41, 0.19, 0.00, 0.00, 0.00, 0.00, 0.00, 0.00, 0.00, 0.00, 0.38, 0.48, 0.94, 1.00]
Event Rate: [0.88, 0.35, 0.20, 0.08, 0.16, 0.31, 0.39, 0.18, 0.00, 0.00, 0.00, 0.00, 0.00, 0.00, 0.00, 0.00, 0.36, 0.45, 0.93, 1.00]
Event Rate: [0.88, 0.36, 0.20, 0.08, 0.15, 0.29, 0.38, 0.17, 0.00, 0.00, 0.00, 0.00, 0.00, 0.00, 0.00, 0.00, 0.34, 0.44, 0.93, 1.00]
Event Rate: [0.88, 0.36, 0.20, 0.08, 0.16, 0.30, 0.37, 0.17, 0.00, 0.00, 0.00, 0.00, 0.00, 0.00, 0.00, 0.00, 0.34, 0.45, 0.93, 1.00]
Event Rate: [0.89, 0.37, 0.21, 0.09, 0.17, 0.32, 0.40, 0.19, 0.00, 0.00, 0.00, 0.00, 0.00, 0.00, 0.00, 0.00, 0.37, 0.47, 0.93, 1.00]
Event Rate: [0.89, 0.36, 0.21, 0.09, 0.17, 0.32, 0.40, 0.18, 0.00, 0.00, 0.00, 0.00, 0.00, 0.00, 0.00, 0.00, 0.37, 0.47, 0.94, 1.00]
Event Rate: [0.89, 0.36, 0.20, 0.09, 0.17, 0.33, 0.40, 0.18, 0.00, 0.00, 0.00, 0.00, 0.00, 0.00, 0.00, 0.00, 0.37, 0.47, 0.93, 1.00]
Event Rate: [0.89, 0.36, 0.20, 0.09, 0.17, 0.34, 0.40, 0.19, 0.00, 0.00, 0.00, 0.00, 0.00, 0.00, 0.00, 0.00, 0.38, 0.48, 0.93, 1.00]
Event Rate: [0.88, 0.36, 0.20, 0.09, 0.18, 0.33, 0.41, 0.19, 0.00, 0.00, 0.00, 0.00, 0.00, 0.00, 0.00, 0.00, 0.38, 0.48, 0.94, 1.00]
Event Rate: [0.88, 0.35, 0.20, 0.09, 0.17, 0.32, 0.40, 0.18, 0.00, 0.00, 0.00, 0.00, 0.00, 0.00, 0.00, 0.00, 0.36, 0.46, 0.93, 1.00]
Event Rate: [0.89, 0.36, 0.21, 0.09, 0.18, 0.34, 0.42, 0.18, 0.00, 0.00, 0.00, 0.00, 0.00, 0.00, 0.00, 0.00, 0.38, 0.49, 0.94, 1.00]
Event Rate: [0.88, 0.35, 0.20, 0.09, 0.17, 0.32, 0.40, 0.18, 0.00, 0.00, 0.00, 0.00, 0.00, 0.00, 0.00, 0.00, 0.37, 0.47, 0.93, 1.00]
Event Rate: [0.89, 0.36, 0.20, 0.09, 0.18, 0.33, 0.41, 0.19, 0.00, 0.00, 0.00, 0.00, 0.00, 0.00, 0.00, 0.00, 0.38, 0.48, 0.94, 1.00]
Event Rate: [0.89, 0.36, 0.21, 0.09, 0.18, 0.34, 0.41, 0.18, 0.00, 0.00, 0.00, 0.00, 0.00, 0.00, 0.00, 0.00, 0.39, 0.49, 0.93, 1.00]
Event Rate: [0.89, 0.35, 0.21, 0.09, 0.17, 0.32, 0.39, 0.18, 0.00, 0.00, 0.00, 0.00, 0.00, 0.00, 0.00, 0.00, 0.37, 0.48, 0.94, 1.00]
Event Rate: [0.88, 0.35, 0.21, 0.09, 0.18, 0.33, 0.40, 0.19, 0.00, 0.00, 0.00, 0.00, 0.00, 0.00, 0.00, 0.00, 0.37, 0.47, 0.94, 1.00]
Event Rate: [0.88, 0.36, 0.21, 0.09, 0.17, 0.32, 0.41, 0.18, 0.00, 0.00, 0.00, 0.00, 0.00, 0.00, 0.00, 0.00, 0.37, 0.47, 0.94, 1.00]
Event Rate: [0.89, 0.35, 0.21, 0.09, 0.17, 0.33, 0.40, 0.17, 0.00, 0.00, 0.00, 0.00, 0.00, 0.00, 0.00, 0.00, 0.37, 0.47, 0.94, 1.00]
Event Rate: [0.89, 0.36, 0.21, 0.09, 0.18, 0.33, 0.40, 0.18, 0.00, 0.00, 0.00, 0.00, 0.00, 0.00, 0.00, 0.00, 0.38, 0.48, 0.93, 1.00]
Event Rate: [0.88, 0.36, 0.21, 0.09, 0.18, 0.34, 0.41, 0.18, 0.00, 0.00, 0.00, 0.00, 0.00, 0.00, 0.00, 0.00, 0.38, 0.48, 0.94, 1.00]
Event Rate: [0.89, 0.35, 0.21, 0.09, 0.17, 0.33, 0.41, 0.18, 0.00, 0.00, 0.00, 0.00, 0.00, 0.00, 0.00, 0.00, 0.37, 0.48, 0.94, 1.00]
Event Rate: [0.88, 0.36, 0.21, 0.09, 0.17, 0.32, 0.40, 0.18, 0.00, 0.00, 0.00, 0.00, 0.00, 0.00, 0.00, 0.00, 0.37, 0.47, 0.94, 1.00]
Event Rate: [0.89, 0.36, 0.22, 0.09, 0.18, 0.33, 0.41, 0.19, 0.00, 0.00, 0.00, 0.00, 0.00, 0.00, 0.00, 0.00, 0.38, 0.48, 0.94, 1.00]
Event Rate: [0.88, 0.36, 0.21, 0.09, 0.17, 0.31, 0.39, 0.18, 0.00, 0.00, 0.00, 0.00, 0.00, 0.00, 0.00, 0.00, 0.36, 0.46, 0.94, 1.00]
Event Rate: [0.89, 0.37, 0.22, 0.09, 0.18, 0.33, 0.41, 0.20, 0.00, 0.00, 0.00, 0.00, 0.00, 0.00, 0.00, 0.00, 0.38, 0.48, 0.94, 1.00]
Event Rate: [0.88, 0.36, 0.21, 0.09, 0.17, 0.32, 0.39, 0.19, 0.00, 0.00, 0.00, 0.00, 0.00, 0.00, 0.00, 0.00, 0.36, 0.46, 0.94, 1.00]
Event Rate: [0.88, 0.36, 0.22, 0.09, 0.18, 0.34, 0.42, 0.20, 0.01, 0.00, 0.00, 0.00, 0.00, 0.00, 0.00, 0.00, 0.38, 0.49, 0.95, 1.00]
Event Rate: [0.89, 0.36, 0.21, 0.09, 0.18, 0.33, 0.41, 0.19, 0.01, 0.00, 0.00, 0.00, 0.00, 0.00, 0.00, 0.00, 0.37, 0.48, 0.94, 1.00]
Event Rate: [0.87, 0.35, 0.21, 0.09, 0.18, 0.32, 0.41, 0.20, 0.01, 0.00, 0.00, 0.00, 0.00, 0.00, 0.00, 0.00, 0.37, 0.47, 0.93, 1.00]
Event Rate: [0.89, 0.36, 0.21, 0.09, 0.18, 0.33, 0.42, 0.20, 0.01, 0.00, 0.00, 0.00, 0.00, 0.00, 0.00, 0.00, 0.37, 0.48, 0.94, 1.00]
Event Rate: [0.88, 0.35, 0.21, 0.09, 0.18, 0.32, 0.41, 0.20, 0.01, 0.00, 0.00, 0.00, 0.00, 0.00, 0.00, 0.00, 0.36, 0.47, 0.94, 1.00]
Event Rate: [0.89, 0.36, 0.22, 0.10, 0.19, 0.34, 0.43, 0.21, 0.01, 0.00, 0.00, 0.00, 0.00, 0.00, 0.00, 0.00, 0.39, 0.49, 0.94, 1.00]
Event Rate: [0.88, 0.36, 0.21, 0.09, 0.18, 0.33, 0.42, 0.21, 0.01, 0.00, 0.00, 0.00, 0.00, 0.00, 0.00, 0.00, 0.37, 0.48, 0.94, 1.00]
Event Rate: [0.89, 0.35, 0.21, 0.09, 0.18, 0.34, 0.42, 0.21, 0.01, 0.00, 0.00, 0.00, 0.00, 0.00, 0.00, 0.00, 0.38, 0.48, 0.93, 1.00]
Event Rate: [0.89, 0.35, 0.21, 0.10, 0.19, 0.34, 0.43, 0.22, 0.01, 0.00, 0.00, 0.00, 0.00, 0.00, 0.00, 0.00, 0.38, 0.48, 0.94, 1.00]
Event Rate: [0.89, 0.36, 0.22, 0.10, 0.18, 0.34, 0.43, 0.21, 0.01, 0.00, 0.00, 0.00, 0.00, 0.00, 0.00, 0.00, 0.38, 0.49, 0.94, 1.00]
Event Rate: [0.89, 0.37, 0.22, 0.10, 0.18, 0.34, 0.43, 0.22, 0.01, 0.00, 0.00, 0.00, 0.00, 0.00, 0.00, 0.00, 0.38, 0.49, 0.94, 1.00]
Event Rate: [0.88, 0.35, 0.21, 0.09, 0.18, 0.34, 0.43, 0.21, 0.01, 0.00, 0.00, 0.00, 0.00, 0.00, 0.00, 0.00, 0.38, 0.49, 0.94, 1.00]
Event Rate: [0.88, 0.37, 0.22, 0.10, 0.18, 0.34, 0.43, 0.21, 0.01, 0.00, 0.00, 0.00, 0.00, 0.00, 0.00, 0.00, 0.38, 0.48, 0.94, 1.00]
Event Rate: [0.88, 0.35, 0.22, 0.10, 0.19, 0.35, 0.44, 0.22, 0.01, 0.00, 0.00, 0.00, 0.00, 0.00, 0.00, 0.00, 0.39, 0.49, 0.94, 1.00]
Event Rate: [0.89, 0.36, 0.22, 0.10, 0.19, 0.36, 0.44, 0.22, 0.01, 0.00, 0.00, 0.00, 0.00, 0.00, 0.00, 0.00, 0.40, 0.50, 0.95, 1.00]
Event Rate: [0.88, 0.35, 0.21, 0.09, 0.18, 0.33, 0.43, 0.21, 0.01, 0.00, 0.00, 0.00, 0.00, 0.00, 0.00, 0.00, 0.38, 0.48, 0.94, 1.00]
Event Rate: [0.89, 0.36, 0.22, 0.09, 0.18, 0.34, 0.42, 0.21, 0.01, 0.00, 0.00, 0.00, 0.00, 0.00, 0.00, 0.00, 0.38, 0.48, 0.94, 1.00]
Event Rate: [0.88, 0.36, 0.21, 0.09, 0.18, 0.33, 0.42, 0.21, 0.01, 0.00, 0.00, 0.00, 0.00, 0.00, 0.00, 0.00, 0.37, 0.47, 0.94, 1.00]
Event Rate: [0.89, 0.35, 0.21, 0.09, 0.18, 0.34, 0.42, 0.22, 0.01, 0.00, 0.00, 0.00, 0.00, 0.00, 0.00, 0.00, 0.38, 0.48, 0.94, 1.00]
Event Rate: [0.88, 0.35, 0.21, 0.09, 0.18, 0.33, 0.43, 0.21, 0.01, 0.00, 0.00, 0.00, 0.00, 0.00, 0.00, 0.00, 0.37, 0.48, 0.93, 1.00]
Event Rate: [0.89, 0.37, 0.22, 0.10, 0.19, 0.35, 0.44, 0.23, 0.01, 0.00, 0.00, 0.00, 0.00, 0.00, 0.00, 0.00, 0.40, 0.50, 0.95, 1.00]
Event Rate: [0.88, 0.34, 0.21, 0.09, 0.18, 0.33, 0.43, 0.22, 0.01, 0.00, 0.00, 0.00, 0.00, 0.00, 0.00, 0.00, 0.37, 0.47, 0.94, 1.00]
Event Rate: [0.88, 0.35, 0.21, 0.10, 0.18, 0.33, 0.44, 0.23, 0.01, 0.00, 0.00, 0.00, 0.00, 0.00, 0.00, 0.00, 0.38, 0.48, 0.94, 1.00]
Event Rate: [0.89, 0.36, 0.21, 0.10, 0.19, 0.36, 0.45, 0.24, 0.01, 0.00, 0.00, 0.00, 0.00, 0.00, 0.00, 0.00, 0.40, 0.50, 0.94, 1.00]
Event Rate: [0.89, 0.35, 0.21, 0.09, 0.18, 0.33, 0.43, 0.22, 0.01, 0.00, 0.00, 0.00, 0.00, 0.00, 0.00, 0.00, 0.38, 0.48, 0.94, 1.00]
Event Rate: [0.89, 0.36, 0.22, 0.10, 0.20, 0.36, 0.45, 0.24, 0.01, 0.00, 0.00, 0.00, 0.00, 0.00, 0.00, 0.00, 0.40, 0.50, 0.95, 1.00]
Event Rate: [0.88, 0.37, 0.22, 0.10, 0.20, 0.36, 0.46, 0.25, 0.01, 0.00, 0.00, 0.00, 0.00, 0.00, 0.00, 0.00, 0.40, 0.51, 0.95, 1.00]
Event Rate: [0.89, 0.36, 0.21, 0.10, 0.18, 0.34, 0.44, 0.23, 0.01, 0.00, 0.00, 0.00, 0.00, 0.00, 0.00, 0.00, 0.38, 0.48, 0.94, 1.00]
Event Rate: [0.88, 0.36, 0.21, 0.10, 0.19, 0.35, 0.46, 0.25, 0.01, 0.00, 0.00, 0.00, 0.00, 0.00, 0.00, 0.00, 0.40, 0.50, 0.95, 1.00]
Event Rate: [0.88, 0.36, 0.22, 0.10, 0.19, 0.35, 0.45, 0.25, 0.01, 0.00, 0.00, 0.00, 0.00, 0.00, 0.00, 0.00, 0.39, 0.49, 0.95, 1.00]
Event Rate: [0.89, 0.36, 0.22, 0.10, 0.20, 0.36, 0.45, 0.25, 0.01, 0.00, 0.00, 0.00, 0.00, 0.00, 0.00, 0.00, 0.40, 0.49, 0.94, 1.00]
Event Rate: [0.89, 0.36, 0.22, 0.10, 0.20, 0.36, 0.46, 0.26, 0.01, 0.00, 0.00, 0.00, 0.00, 0.00, 0.00, 0.00, 0.41, 0.51, 0.95, 1.00]
Event Rate: [0.89, 0.36, 0.22, 0.10, 0.20, 0.36, 0.46, 0.25, 0.01, 0.00, 0.00, 0.00, 0.00, 0.00, 0.00, 0.00, 0.40, 0.50, 0.95, 1.00]
Event Rate: [0.88, 0.35, 0.22, 0.10, 0.19, 0.35, 0.44, 0.25, 0.01, 0.00, 0.00, 0.00, 0.00, 0.00, 0.00, 0.00, 0.39, 0.49, 0.94, 1.00]
Event Rate: [0.89, 0.36, 0.23, 0.10, 0.20, 0.36, 0.45, 0.25, 0.01, 0.00, 0.00, 0.00, 0.00, 0.00, 0.00, 0.00, 0.40, 0.50, 0.95, 1.00]
Event Rate: [0.89, 0.36, 0.22, 0.10, 0.20, 0.36, 0.45, 0.25, 0.01, 0.00, 0.00, 0.00, 0.00, 0.00, 0.00, 0.00, 0.40, 0.50, 0.94, 1.00]
Event Rate: [0.89, 0.37, 0.23, 0.11, 0.20, 0.36, 0.45, 0.26, 0.02, 0.00, 0.00, 0.00, 0.00, 0.00, 0.00, 0.00, 0.40, 0.50, 0.95, 1.00]
Event Rate: [0.88, 0.36, 0.21, 0.10, 0.19, 0.35, 0.45, 0.25, 0.01, 0.00, 0.00, 0.00, 0.00, 0.00, 0.00, 0.00, 0.39, 0.49, 0.95, 1.00]
Event Rate: [0.89, 0.34, 0.21, 0.09, 0.18, 0.34, 0.43, 0.24, 0.01, 0.00, 0.00, 0.00, 0.00, 0.00, 0.00, 0.00, 0.38, 0.48, 0.94, 1.00]
Event Rate: [0.88, 0.36, 0.22, 0.10, 0.20, 0.35, 0.44, 0.25, 0.01, 0.00, 0.00, 0.00, 0.00, 0.00, 0.00, 0.00, 0.40, 0.50, 0.95, 1.00]
Event Rate: [0.88, 0.35, 0.21, 0.10, 0.19, 0.35, 0.44, 0.25, 0.01, 0.00, 0.00, 0.00, 0.00, 0.00, 0.00, 0.00, 0.39, 0.49, 0.94, 1.00]
Event Rate: [0.89, 0.35, 0.22, 0.10, 0.19, 0.34, 0.43, 0.24, 0.01, 0.00, 0.00, 0.00, 0.00, 0.00, 0.00, 0.00, 0.38, 0.48, 0.94, 1.00]
Event Rate: [0.88, 0.35, 0.22, 0.10, 0.19, 0.35, 0.44, 0.26, 0.02, 0.00, 0.00, 0.00, 0.00, 0.00, 0.00, 0.00, 0.39, 0.49, 0.94, 1.00]
Event Rate: [0.89, 0.36, 0.22, 0.10, 0.19, 0.35, 0.45, 0.26, 0.02, 0.00, 0.00, 0.00, 0.00, 0.00, 0.00, 0.00, 0.40, 0.50, 0.95, 1.00]
Event Rate: [0.88, 0.35, 0.21, 0.10, 0.19, 0.35, 0.44, 0.25, 0.02, 0.00, 0.00, 0.00, 0.00, 0.00, 0.00, 0.00, 0.39, 0.49, 0.94, 1.00]
Event Rate: [0.88, 0.35, 0.22, 0.10, 0.20, 0.35, 0.44, 0.26, 0.02, 0.00, 0.00, 0.00, 0.00, 0.00, 0.00, 0.00, 0.40, 0.49, 0.94, 1.00]
Event Rate: [0.89, 0.37, 0.23, 0.10, 0.20, 0.36, 0.45, 0.26, 0.02, 0.00, 0.00, 0.00, 0.00, 0.00, 0.00, 0.00, 0.40, 0.50, 0.95, 1.00]
Event Rate: [0.88, 0.35, 0.22, 0.10, 0.18, 0.33, 0.43, 0.24, 0.02, 0.00, 0.00, 0.00, 0.00, 0.00, 0.00, 0.00, 0.38, 0.47, 0.94, 1.00]
Event Rate: [0.88, 0.36, 0.22, 0.10, 0.19, 0.34, 0.45, 0.25, 0.02, 0.00, 0.00, 0.00, 0.00, 0.00, 0.00, 0.00, 0.38, 0.48, 0.95, 1.00]
Event Rate: [0.89, 0.36, 0.21, 0.09, 0.18, 0.33, 0.43, 0.24, 0.02, 0.00, 0.00, 0.00, 0.00, 0.00, 0.00, 0.00, 0.38, 0.48, 0.94, 1.00]
Event Rate: [0.89, 0.35, 0.22, 0.10, 0.19, 0.35, 0.45, 0.26, 0.02, 0.00, 0.00, 0.00, 0.00, 0.00, 0.00, 0.00, 0.39, 0.49, 0.94, 1.00]
Event Rate: [0.89, 0.36, 0.23, 0.11, 0.20, 0.36, 0.45, 0.27, 0.02, 0.00, 0.00, 0.00, 0.00, 0.00, 0.00, 0.00, 0.40, 0.50, 0.95, 1.00]
Event Rate: [0.89, 0.36, 0.22, 0.11, 0.20, 0.36, 0.45, 0.27, 0.02, 0.00, 0.00, 0.00, 0.00, 0.00, 0.00, 0.00, 0.41, 0.51, 0.95, 1.00]
Event Rate: [0.88, 0.36, 0.22, 0.10, 0.20, 0.35, 0.45, 0.26, 0.02, 0.00, 0.00, 0.00, 0.00, 0.00, 0.00, 0.00, 0.39, 0.49, 0.95, 1.00]
Event Rate: [0.88, 0.36, 0.22, 0.10, 0.20, 0.36, 0.45, 0.26, 0.02, 0.00, 0.00, 0.00, 0.00, 0.00, 0.00, 0.00, 0.40, 0.50, 0.95, 1.00]
Event Rate: [0.89, 0.36, 0.22, 0.11, 0.20, 0.37, 0.47, 0.28, 0.02, 0.00, 0.00, 0.00, 0.00, 0.00, 0.00, 0.00, 0.41, 0.51, 0.95, 1.00]
Event Rate: [0.89, 0.36, 0.22, 0.10, 0.19, 0.36, 0.45, 0.26, 0.02, 0.00, 0.00, 0.00, 0.00, 0.00, 0.00, 0.00, 0.40, 0.50, 0.95, 1.00]
Event Rate: [0.89, 0.36, 0.23, 0.10, 0.20, 0.36, 0.45, 0.27, 0.02, 0.00, 0.00, 0.00, 0.00, 0.00, 0.00, 0.00, 0.40, 0.50, 0.95, 1.00]
Event Rate: [0.88, 0.35, 0.21, 0.10, 0.19, 0.35, 0.45, 0.26, 0.02, 0.00, 0.00, 0.00, 0.00, 0.00, 0.00, 0.00, 0.39, 0.49, 0.94, 1.00]
Event Rate: [0.89, 0.36, 0.22, 0.10, 0.19, 0.36, 0.45, 0.27, 0.02, 0.00, 0.00, 0.00, 0.00, 0.00, 0.00, 0.00, 0.40, 0.50, 0.94, 1.00]
Event Rate: [0.88, 0.35, 0.22, 0.10, 0.20, 0.35, 0.45, 0.27, 0.02, 0.00, 0.00, 0.00, 0.00, 0.00, 0.00, 0.00, 0.39, 0.49, 0.94, 1.00]
Event Rate: [0.89, 0.35, 0.22, 0.10, 0.20, 0.36, 0.46, 0.27, 0.02, 0.00, 0.00, 0.00, 0.00, 0.00, 0.00, 0.00, 0.41, 0.51, 0.95, 1.00]
Event Rate: [0.88, 0.36, 0.22, 0.10, 0.19, 0.35, 0.45, 0.27, 0.02, 0.00, 0.00, 0.00, 0.00, 0.00, 0.00, 0.00, 0.39, 0.48, 0.94, 1.00]
Event Rate: [0.88, 0.36, 0.22, 0.10, 0.19, 0.35, 0.44, 0.27, 0.02, 0.00, 0.00, 0.00, 0.00, 0.00, 0.00, 0.00, 0.39, 0.49, 0.95, 1.00]
Event Rate: [0.87, 0.35, 0.22, 0.10, 0.20, 0.36, 0.45, 0.27, 0.02, 0.00, 0.00, 0.00, 0.00, 0.00, 0.00, 0.00, 0.40, 0.49, 0.94, 1.00]
Event Rate: [0.89, 0.35, 0.22, 0.10, 0.19, 0.35, 0.45, 0.27, 0.02, 0.00, 0.00, 0.00, 0.00, 0.00, 0.00, 0.00, 0.39, 0.49, 0.95, 1.00]
Event Rate: [0.89, 0.35, 0.22, 0.10, 0.20, 0.36, 0.45, 0.27, 0.02, 0.00, 0.00, 0.00, 0.00, 0.00, 0.00, 0.00, 0.40, 0.50, 0.95, 1.00]
Event Rate: [0.88, 0.35, 0.22, 0.10, 0.19, 0.35, 0.45, 0.27, 0.02, 0.00, 0.00, 0.00, 0.00, 0.00, 0.00, 0.00, 0.39, 0.49, 0.94, 1.00]
Event Rate: [0.89, 0.35, 0.22, 0.10, 0.19, 0.36, 0.45, 0.27, 0.02, 0.00, 0.00, 0.00, 0.00, 0.00, 0.00, 0.00, 0.40, 0.50, 0.94, 1.00]
Event Rate: [0.88, 0.34, 0.21, 0.10, 0.19, 0.34, 0.43, 0.26, 0.02, 0.00, 0.00, 0.00, 0.00, 0.00, 0.00, 0.00, 0.38, 0.48, 0.94, 1.00]
Event Rate: [0.88, 0.35, 0.21, 0.10, 0.19, 0.34, 0.44, 0.27, 0.02, 0.00, 0.00, 0.00, 0.00, 0.00, 0.00, 0.00, 0.38, 0.48, 0.94, 1.00]
Event Rate: [0.88, 0.35, 0.22, 0.10, 0.19, 0.35, 0.45, 0.27, 0.02, 0.00, 0.00, 0.00, 0.00, 0.00, 0.00, 0.00, 0.39, 0.49, 0.94, 1.00]
Event Rate: [0.88, 0.36, 0.22, 0.10, 0.20, 0.36, 0.46, 0.27, 0.02, 0.00, 0.00, 0.00, 0.00, 0.00, 0.00, 0.00, 0.40, 0.50, 0.95, 1.00]
Event Rate: [0.88, 0.37, 0.23, 0.10, 0.20, 0.36, 0.46, 0.28, 0.02, 0.00, 0.00, 0.00, 0.00, 0.00, 0.00, 0.00, 0.40, 0.50, 0.95, 1.00]
Event Rate: [0.88, 0.35, 0.21, 0.10, 0.19, 0.33, 0.43, 0.26, 0.02, 0.00, 0.00, 0.00, 0.00, 0.00, 0.00, 0.00, 0.37, 0.47, 0.94, 1.00]
Event Rate: [0.88, 0.35, 0.22, 0.10, 0.19, 0.34, 0.44, 0.26, 0.02, 0.00, 0.00, 0.00, 0.00, 0.00, 0.00, 0.00, 0.39, 0.48, 0.94, 1.00]
Event Rate: [0.88, 0.35, 0.22, 0.10, 0.20, 0.35, 0.45, 0.28, 0.03, 0.00, 0.00, 0.00, 0.00, 0.00, 0.00, 0.00, 0.39, 0.49, 0.94, 1.00]
Event Rate: [0.88, 0.36, 0.22, 0.10, 0.19, 0.35, 0.44, 0.27, 0.02, 0.00, 0.00, 0.00, 0.00, 0.00, 0.00, 0.00, 0.39, 0.49, 0.94, 1.00]
Event Rate: [0.89, 0.36, 0.22, 0.10, 0.19, 0.35, 0.45, 0.27, 0.02, 0.00, 0.00, 0.00, 0.00, 0.00, 0.00, 0.00, 0.40, 0.50, 0.95, 1.00]
Event Rate: [0.88, 0.36, 0.22, 0.10, 0.20, 0.35, 0.45, 0.27, 0.02, 0.00, 0.00, 0.00, 0.00, 0.00, 0.00, 0.00, 0.39, 0.49, 0.95, 1.00]
Event Rate: [0.88, 0.37, 0.23, 0.11, 0.20, 0.37, 0.46, 0.28, 0.02, 0.00, 0.00, 0.00, 0.00, 0.00, 0.00, 0.00, 0.41, 0.50, 0.95, 1.00]
Event Rate: [0.88, 0.36, 0.22, 0.10, 0.20, 0.36, 0.45, 0.27, 0.02, 0.00, 0.00, 0.00, 0.00, 0.00, 0.00, 0.00, 0.40, 0.50, 0.94, 1.00]
Event Rate: [0.88, 0.35, 0.22, 0.10, 0.20, 0.36, 0.46, 0.28, 0.02, 0.00, 0.00, 0.00, 0.00, 0.00, 0.00, 0.00, 0.40, 0.50, 0.95, 1.00]
Event Rate: [0.88, 0.36, 0.22, 0.10, 0.19, 0.34, 0.44, 0.26, 0.02, 0.00, 0.00, 0.00, 0.00, 0.00, 0.00, 0.00, 0.38, 0.48, 0.94, 1.00]
Event Rate: [0.89, 0.36, 0.22, 0.10, 0.20, 0.36, 0.46, 0.27, 0.02, 0.00, 0.00, 0.00, 0.00, 0.00, 0.00, 0.00, 0.40, 0.50, 0.95, 1.00]
Event Rate: [0.89, 0.36, 0.23, 0.11, 0.20, 0.36, 0.46, 0.28, 0.03, 0.00, 0.00, 0.00, 0.00, 0.00, 0.00, 0.00, 0.40, 0.50, 0.94, 1.00]
Event Rate: [0.88, 0.34, 0.22, 0.10, 0.19, 0.34, 0.44, 0.27, 0.02, 0.00, 0.00, 0.00, 0.00, 0.00, 0.00, 0.00, 0.38, 0.47, 0.94, 1.00]
Event Rate: [0.89, 0.36, 0.22, 0.10, 0.19, 0.36, 0.45, 0.27, 0.02, 0.00, 0.00, 0.00, 0.00, 0.00, 0.00, 0.00, 0.40, 0.50, 0.94, 1.00]
Event Rate: [0.89, 0.35, 0.22, 0.10, 0.19, 0.34, 0.44, 0.26, 0.02, 0.00, 0.00, 0.00, 0.00, 0.00, 0.00, 0.00, 0.38, 0.48, 0.94, 1.00]
Event Rate: [0.89, 0.37, 0.24, 0.11, 0.22, 0.39, 0.48, 0.29, 0.03, 0.00, 0.00, 0.00, 0.00, 0.00, 0.00, 0.00, 0.43, 0.53, 0.95, 1.00]
Event Rate: [0.89, 0.36, 0.22, 0.10, 0.19, 0.35, 0.45, 0.27, 0.02, 0.00, 0.00, 0.00, 0.00, 0.00, 0.00, 0.00, 0.39, 0.49, 0.94, 1.00]
Event Rate: [0.88, 0.35, 0.22, 0.10, 0.19, 0.33, 0.43, 0.26, 0.02, 0.00, 0.00, 0.00, 0.00, 0.00, 0.00, 0.00, 0.38, 0.47, 0.94, 1.00]
Event Rate: [0.89, 0.36, 0.23, 0.11, 0.20, 0.36, 0.46, 0.28, 0.03, 0.00, 0.00, 0.00, 0.00, 0.00, 0.00, 0.00, 0.40, 0.50, 0.94, 1.00]
Event Rate: [0.89, 0.36, 0.23, 0.10, 0.20, 0.35, 0.45, 0.27, 0.02, 0.00, 0.00, 0.00, 0.00, 0.00, 0.00, 0.00, 0.40, 0.50, 0.95, 1.00]
Event Rate: [0.88, 0.36, 0.22, 0.10, 0.19, 0.34, 0.44, 0.27, 0.02, 0.00, 0.00, 0.00, 0.00, 0.00, 0.00, 0.00, 0.39, 0.48, 0.94, 1.00]
Event Rate: [0.89, 0.36, 0.23, 0.11, 0.20, 0.36, 0.45, 0.28, 0.03, 0.00, 0.00, 0.00, 0.00, 0.00, 0.00, 0.00, 0.40, 0.50, 0.94, 1.00]
Event Rate: [0.88, 0.36, 0.23, 0.10, 0.20, 0.36, 0.46, 0.28, 0.03, 0.00, 0.00, 0.00, 0.00, 0.00, 0.00, 0.00, 0.40, 0.50, 0.96, 1.00]
Event Rate: [0.87, 0.35, 0.22, 0.10, 0.19, 0.34, 0.44, 0.27, 0.03, 0.00, 0.00, 0.00, 0.00, 0.00, 0.00, 0.00, 0.38, 0.48, 0.94, 1.00]
Event Rate: [0.88, 0.35, 0.22, 0.10, 0.20, 0.36, 0.45, 0.28, 0.03, 0.00, 0.00, 0.00, 0.00, 0.00, 0.00, 0.00, 0.40, 0.50, 0.94, 1.00]
Event Rate: [0.88, 0.37, 0.23, 0.11, 0.20, 0.36, 0.46, 0.29, 0.03, 0.00, 0.00, 0.00, 0.00, 0.00, 0.00, 0.00, 0.41, 0.50, 0.95, 1.00]
Event Rate: [0.88, 0.36, 0.22, 0.10, 0.20, 0.35, 0.45, 0.28, 0.03, 0.00, 0.00, 0.00, 0.00, 0.00, 0.00, 0.00, 0.40, 0.49, 0.95, 1.00]
Event Rate: [0.89, 0.36, 0.22, 0.10, 0.20, 0.35, 0.45, 0.27, 0.02, 0.00, 0.00, 0.00, 0.00, 0.00, 0.00, 0.00, 0.40, 0.50, 0.94, 1.00]
Event Rate: [0.88, 0.35, 0.22, 0.10, 0.20, 0.36, 0.46, 0.28, 0.03, 0.00, 0.00, 0.00, 0.00, 0.00, 0.00, 0.00, 0.41, 0.50, 0.95, 1.00]
Event Rate: [0.88, 0.35, 0.22, 0.11, 0.20, 0.36, 0.45, 0.28, 0.03, 0.00, 0.00, 0.00, 0.00, 0.00, 0.00, 0.00, 0.40, 0.49, 0.94, 1.00]
Event Rate: [0.89, 0.37, 0.23, 0.11, 0.21, 0.37, 0.46, 0.29, 0.03, 0.00, 0.00, 0.00, 0.00, 0.00, 0.00, 0.00, 0.42, 0.51, 0.95, 1.00]
Event Rate: [0.88, 0.34, 0.22, 0.10, 0.20, 0.36, 0.46, 0.28, 0.03, 0.00, 0.00, 0.00, 0.00, 0.00, 0.00, 0.00, 0.40, 0.49, 0.95, 1.00]
Event Rate: [0.89, 0.36, 0.23, 0.11, 0.21, 0.37, 0.46, 0.29, 0.03, 0.00, 0.00, 0.00, 0.00, 0.00, 0.00, 0.00, 0.41, 0.51, 0.95, 1.00]
Event Rate: [0.88, 0.36, 0.22, 0.11, 0.20, 0.37, 0.46, 0.29, 0.03, 0.00, 0.00, 0.00, 0.00, 0.00, 0.00, 0.00, 0.41, 0.51, 0.95, 1.00]
Event Rate: [0.88, 0.35, 0.21, 0.10, 0.19, 0.34, 0.44, 0.27, 0.03, 0.00, 0.00, 0.00, 0.00, 0.00, 0.00, 0.00, 0.39, 0.48, 0.94, 1.00]
Event Rate: [0.89, 0.36, 0.23, 0.10, 0.20, 0.36, 0.45, 0.28, 0.03, 0.00, 0.00, 0.00, 0.00, 0.00, 0.00, 0.00, 0.40, 0.50, 0.95, 1.00]
Event Rate: [0.89, 0.37, 0.24, 0.11, 0.21, 0.38, 0.47, 0.30, 0.03, 0.00, 0.00, 0.00, 0.00, 0.00, 0.00, 0.00, 0.42, 0.51, 0.95, 1.00]
Event Rate: [0.88, 0.35, 0.22, 0.10, 0.20, 0.35, 0.44, 0.28, 0.03, 0.00, 0.00, 0.00, 0.00, 0.00, 0.00, 0.00, 0.39, 0.49, 0.94, 1.00]
Event Rate: [0.88, 0.36, 0.23, 0.11, 0.21, 0.37, 0.46, 0.29, 0.03, 0.00, 0.00, 0.00, 0.00, 0.00, 0.00, 0.00, 0.41, 0.50, 0.95, 1.00]
Event Rate: [0.88, 0.36, 0.22, 0.10, 0.19, 0.34, 0.44, 0.27, 0.03, 0.00, 0.00, 0.00, 0.00, 0.00, 0.00, 0.00, 0.38, 0.47, 0.94, 1.00]
Event Rate: [0.89, 0.36, 0.22, 0.11, 0.20, 0.36, 0.46, 0.29, 0.03, 0.00, 0.00, 0.00, 0.00, 0.00, 0.00, 0.00, 0.40, 0.50, 0.95, 1.00]
Event Rate: [0.89, 0.36, 0.23, 0.11, 0.20, 0.37, 0.47, 0.29, 0.03, 0.00, 0.00, 0.00, 0.00, 0.00, 0.00, 0.00, 0.41, 0.51, 0.95, 1.00]
Event Rate: [0.88, 0.36, 0.22, 0.10, 0.20, 0.35, 0.45, 0.29, 0.03, 0.00, 0.00, 0.00, 0.00, 0.00, 0.00, 0.00, 0.39, 0.49, 0.95, 1.00]
Event Rate: [0.88, 0.36, 0.23, 0.10, 0.20, 0.35, 0.46, 0.28, 0.03, 0.00, 0.00, 0.00, 0.00, 0.00, 0.00, 0.00, 0.40, 0.49, 0.95, 1.00]
Event Rate: [0.89, 0.35, 0.22, 0.10, 0.20, 0.35, 0.45, 0.28, 0.03, 0.00, 0.00, 0.00, 0.00, 0.00, 0.00, 0.00, 0.39, 0.49, 0.94, 1.00]
Event Rate: [0.88, 0.36, 0.23, 0.11, 0.21, 0.37, 0.46, 0.30, 0.03, 0.00, 0.00, 0.00, 0.00, 0.00, 0.00, 0.00, 0.41, 0.50, 0.94, 1.00]
Event Rate: [0.88, 0.36, 0.22, 0.10, 0.20, 0.36, 0.46, 0.29, 0.03, 0.00, 0.00, 0.00, 0.00, 0.00, 0.00, 0.00, 0.40, 0.50, 0.94, 1.00]
Event Rate: [0.89, 0.37, 0.23, 0.11, 0.20, 0.36, 0.46, 0.29, 0.03, 0.00, 0.00, 0.00, 0.00, 0.00, 0.00, 0.00, 0.41, 0.51, 0.95, 1.00]
Event Rate: [0.89, 0.36, 0.23, 0.11, 0.21, 0.37, 0.46, 0.29, 0.03, 0.00, 0.00, 0.00, 0.00, 0.00, 0.00, 0.00, 0.42, 0.51, 0.95, 1.00]
Event Rate: [0.88, 0.36, 0.23, 0.11, 0.21, 0.37, 0.47, 0.30, 0.03, 0.00, 0.00, 0.00, 0.00, 0.00, 0.00, 0.00, 0.42, 0.51, 0.95, 1.00]
Event Rate: [0.89, 0.38, 0.24, 0.11, 0.22, 0.39, 0.48, 0.31, 0.04, 0.00, 0.00, 0.00, 0.00, 0.00, 0.00, 0.00, 0.43, 0.52, 0.95, 1.00]
Event Rate: [0.89, 0.37, 0.23, 0.11, 0.20, 0.36, 0.47, 0.30, 0.03, 0.00, 0.00, 0.00, 0.00, 0.00, 0.00, 0.00, 0.41, 0.51, 0.96, 1.00]
Event Rate: [0.89, 0.36, 0.23, 0.10, 0.20, 0.36, 0.46, 0.29, 0.03, 0.00, 0.00, 0.00, 0.00, 0.00, 0.00, 0.00, 0.40, 0.50, 0.95, 1.00]
Event Rate: [0.89, 0.37, 0.23, 0.11, 0.21, 0.37, 0.47, 0.30, 0.04, 0.00, 0.00, 0.00, 0.00, 0.00, 0.00, 0.00, 0.41, 0.51, 0.95, 1.00]
Event Rate: [0.88, 0.36, 0.23, 0.10, 0.20, 0.37, 0.46, 0.29, 0.03, 0.00, 0.00, 0.00, 0.00, 0.00, 0.00, 0.00, 0.41, 0.51, 0.95, 1.00]
Event Rate: [0.88, 0.37, 0.24, 0.11, 0.21, 0.36, 0.46, 0.30, 0.04, 0.00, 0.00, 0.00, 0.00, 0.00, 0.00, 0.00, 0.41, 0.50, 0.95, 1.00]
Event Rate: [0.89, 0.36, 0.23, 0.11, 0.20, 0.37, 0.47, 0.30, 0.04, 0.00, 0.00, 0.00, 0.00, 0.00, 0.00, 0.00, 0.41, 0.51, 0.95, 1.00]
Event Rate: [0.88, 0.36, 0.23, 0.11, 0.21, 0.37, 0.48, 0.31, 0.04, 0.00, 0.00, 0.00, 0.00, 0.00, 0.00, 0.00, 0.42, 0.51, 0.94, 1.00]
Event Rate: [0.88, 0.38, 0.23, 0.11, 0.21, 0.38, 0.48, 0.31, 0.04, 0.00, 0.00, 0.00, 0.00, 0.00, 0.00, 0.00, 0.42, 0.52, 0.95, 1.00]
Event Rate: [0.88, 0.36, 0.23, 0.11, 0.21, 0.38, 0.48, 0.31, 0.04, 0.00, 0.00, 0.00, 0.00, 0.00, 0.00, 0.00, 0.42, 0.52, 0.95, 1.00]
Event Rate: [0.89, 0.35, 0.22, 0.10, 0.20, 0.36, 0.46, 0.30, 0.04, 0.00, 0.00, 0.00, 0.00, 0.00, 0.00, 0.00, 0.40, 0.50, 0.94, 1.00]
Event Rate: [0.88, 0.36, 0.22, 0.11, 0.20, 0.36, 0.47, 0.30, 0.04, 0.00, 0.00, 0.00, 0.00, 0.00, 0.00, 0.00, 0.40, 0.50, 0.95, 1.00]
Event Rate: [0.88, 0.36, 0.23, 0.11, 0.21, 0.36, 0.47, 0.31, 0.04, 0.00, 0.00, 0.00, 0.00, 0.00, 0.00, 0.00, 0.40, 0.50, 0.95, 1.00]
Event Rate: [0.89, 0.36, 0.23, 0.11, 0.21, 0.37, 0.47, 0.31, 0.04, 0.00, 0.00, 0.00, 0.00, 0.00, 0.00, 0.00, 0.41, 0.50, 0.94, 1.00]
Event Rate: [0.88, 0.36, 0.23, 0.11, 0.21, 0.37, 0.47, 0.31, 0.04, 0.00, 0.00, 0.00, 0.00, 0.00, 0.00, 0.00, 0.41, 0.51, 0.95, 1.00]
Event Rate: [0.89, 0.36, 0.23, 0.11, 0.21, 0.37, 0.47, 0.31, 0.05, 0.00, 0.00, 0.00, 0.00, 0.00, 0.00, 0.00, 0.41, 0.51, 0.95, 1.00]
Event Rate: [0.90, 0.37, 0.23, 0.11, 0.22, 0.39, 0.49, 0.32, 0.05, 0.00, 0.00, 0.00, 0.00, 0.00, 0.00, 0.00, 0.43, 0.53, 0.95, 1.00]
Event Rate: [0.88, 0.36, 0.22, 0.10, 0.20, 0.36, 0.47, 0.31, 0.05, 0.00, 0.00, 0.00, 0.00, 0.00, 0.00, 0.00, 0.40, 0.50, 0.95, 1.00]
Event Rate: [0.88, 0.35, 0.23, 0.11, 0.21, 0.36, 0.47, 0.31, 0.05, 0.00, 0.00, 0.00, 0.00, 0.00, 0.00, 0.00, 0.41, 0.50, 0.94, 1.00]
Event Rate: [0.88, 0.36, 0.23, 0.11, 0.21, 0.37, 0.48, 0.31, 0.05, 0.00, 0.00, 0.00, 0.00, 0.00, 0.00, 0.00, 0.41, 0.50, 0.95, 1.00]
Event Rate: [0.88, 0.37, 0.23, 0.11, 0.22, 0.37, 0.48, 0.32, 0.05, 0.00, 0.00, 0.00, 0.00, 0.00, 0.00, 0.00, 0.42, 0.51, 0.95, 1.00]
Event Rate: [0.89, 0.36, 0.22, 0.11, 0.21, 0.37, 0.47, 0.31, 0.05, 0.00, 0.00, 0.00, 0.00, 0.00, 0.00, 0.00, 0.41, 0.51, 0.95, 1.00]
Event Rate: [0.88, 0.35, 0.22, 0.10, 0.20, 0.35, 0.46, 0.30, 0.05, 0.00, 0.00, 0.00, 0.00, 0.00, 0.00, 0.00, 0.39, 0.49, 0.94, 1.00]
Event Rate: [0.89, 0.36, 0.22, 0.10, 0.20, 0.35, 0.47, 0.31, 0.05, 0.00, 0.00, 0.00, 0.00, 0.00, 0.00, 0.00, 0.40, 0.49, 0.94, 1.00]
Event Rate: [0.89, 0.37, 0.23, 0.11, 0.21, 0.36, 0.47, 0.32, 0.06, 0.00, 0.00, 0.00, 0.00, 0.00, 0.00, 0.00, 0.40, 0.50, 0.95, 1.00]
Event Rate: [0.89, 0.36, 0.22, 0.11, 0.21, 0.37, 0.47, 0.32, 0.06, 0.00, 0.00, 0.00, 0.00, 0.00, 0.00, 0.00, 0.40, 0.50, 0.95, 1.00]
Event Rate: [0.89, 0.36, 0.23, 0.11, 0.21, 0.37, 0.48, 0.33, 0.06, 0.00, 0.00, 0.00, 0.00, 0.00, 0.00, 0.00, 0.41, 0.51, 0.95, 1.00]
Event Rate: [0.89, 0.36, 0.23, 0.11, 0.21, 0.37, 0.48, 0.32, 0.06, 0.00, 0.00, 0.00, 0.00, 0.00, 0.00, 0.00, 0.41, 0.51, 0.95, 1.00]
Event Rate: [0.88, 0.37, 0.22, 0.10, 0.20, 0.36, 0.46, 0.31, 0.05, 0.00, 0.00, 0.00, 0.00, 0.00, 0.00, 0.00, 0.40, 0.49, 0.95, 1.00]
Event Rate: [0.88, 0.37, 0.23, 0.11, 0.21, 0.38, 0.49, 0.33, 0.06, 0.00, 0.00, 0.00, 0.00, 0.00, 0.00, 0.00, 0.41, 0.51, 0.95, 1.00]
Event Rate: [0.88, 0.36, 0.23, 0.11, 0.22, 0.38, 0.49, 0.34, 0.07, 0.00, 0.00, 0.00, 0.00, 0.00, 0.00, 0.00, 0.42, 0.52, 0.95, 1.00]
Event Rate: [0.89, 0.37, 0.23, 0.11, 0.21, 0.38, 0.49, 0.33, 0.07, 0.00, 0.00, 0.00, 0.00, 0.00, 0.00, 0.00, 0.42, 0.52, 0.95, 1.00]
Event Rate: [0.89, 0.37, 0.24, 0.12, 0.23, 0.40, 0.51, 0.35, 0.07, 0.00, 0.00, 0.00, 0.00, 0.00, 0.00, 0.00, 0.44, 0.54, 0.96, 1.00]
Event Rate: [0.89, 0.36, 0.23, 0.11, 0.21, 0.38, 0.49, 0.33, 0.07, 0.00, 0.00, 0.00, 0.00, 0.00, 0.00, 0.00, 0.41, 0.51, 0.95, 1.00]
Event Rate: [0.89, 0.38, 0.24, 0.12, 0.22, 0.38, 0.50, 0.35, 0.08, 0.00, 0.00, 0.00, 0.00, 0.00, 0.00, 0.00, 0.43, 0.52, 0.95, 1.00]
Event Rate: [0.89, 0.39, 0.24, 0.12, 0.23, 0.39, 0.51, 0.35, 0.08, 0.00, 0.00, 0.00, 0.00, 0.00, 0.00, 0.00, 0.43, 0.53, 0.96, 1.00]
Event Rate: [0.88, 0.36, 0.23, 0.11, 0.21, 0.37, 0.49, 0.34, 0.08, 0.00, 0.00, 0.00, 0.00, 0.00, 0.00, 0.00, 0.42, 0.51, 0.94, 1.00]
Event Rate: [0.89, 0.37, 0.24, 0.12, 0.23, 0.40, 0.51, 0.36, 0.09, 0.00, 0.00, 0.00, 0.00, 0.00, 0.00, 0.00, 0.44, 0.53, 0.96, 1.00]
Event Rate: [0.88, 0.36, 0.23, 0.11, 0.21, 0.37, 0.48, 0.34, 0.08, 0.00, 0.00, 0.00, 0.00, 0.00, 0.00, 0.00, 0.41, 0.51, 0.94, 1.00]
Event Rate: [0.89, 0.37, 0.24, 0.12, 0.23, 0.40, 0.51, 0.36, 0.09, 0.00, 0.00, 0.00, 0.00, 0.00, 0.00, 0.00, 0.44, 0.54, 0.95, 1.00]
Event Rate: [0.88, 0.37, 0.24, 0.11, 0.21, 0.37, 0.49, 0.33, 0.06, 0.00, 0.00, 0.00, 0.00, 0.00, 0.00, 0.00, 0.41, 0.50, 0.95, 1.00]
Event Rate: [0.88, 0.37, 0.24, 0.12, 0.22, 0.39, 0.50, 0.36, 0.08, 0.00, 0.00, 0.00, 0.00, 0.00, 0.00, 0.00, 0.43, 0.53, 0.96, 1.00]
Event Rate: [0.88, 0.36, 0.23, 0.11, 0.22, 0.37, 0.49, 0.35, 0.07, 0.00, 0.00, 0.00, 0.00, 0.00, 0.00, 0.00, 0.42, 0.50, 0.95, 1.00]
Event Rate: [0.88, 0.37, 0.24, 0.12, 0.22, 0.39, 0.50, 0.36, 0.05, 0.00, 0.00, 0.00, 0.00, 0.00, 0.00, 0.00, 0.43, 0.52, 0.95, 1.00]
Event Rate: [0.89, 0.36, 0.23, 0.11, 0.22, 0.38, 0.49, 0.34, 0.02, 0.00, 0.00, 0.00, 0.00, 0.00, 0.00, 0.00, 0.42, 0.51, 0.95, 1.00]
Event Rate: [0.88, 0.36, 0.23, 0.11, 0.21, 0.37, 0.49, 0.33, 0.00, 0.00, 0.00, 0.00, 0.00, 0.00, 0.00, 0.00, 0.40, 0.50, 0.94, 1.00]
Event Rate: [0.89, 0.37, 0.23, 0.11, 0.22, 0.38, 0.50, 0.35, 0.00, 0.00, 0.00, 0.00, 0.00, 0.00, 0.00, 0.00, 0.42, 0.51, 0.95, 1.00]
Event Rate: [0.88, 0.36, 0.23, 0.12, 0.23, 0.39, 0.50, 0.36, 0.00, 0.00, 0.00, 0.00, 0.00, 0.00, 0.00, 0.00, 0.43, 0.52, 0.96, 1.00]
Event Rate: [0.88, 0.37, 0.24, 0.12, 0.22, 0.38, 0.50, 0.35, 0.00, 0.00, 0.00, 0.00, 0.00, 0.00, 0.00, 0.00, 0.42, 0.52, 0.95, 1.00]
Event Rate: [0.88, 0.36, 0.23, 0.12, 0.23, 0.39, 0.51, 0.36, 0.00, 0.00, 0.00, 0.00, 0.00, 0.00, 0.00, 0.00, 0.42, 0.51, 0.95, 1.00]
Event Rate: [0.90, 0.37, 0.24, 0.12, 0.23, 0.40, 0.51, 0.36, 0.00, 0.00, 0.00, 0.00, 0.00, 0.00, 0.00, 0.00, 0.44, 0.53, 0.95, 1.00]
Event Rate: [0.89, 0.37, 0.24, 0.12, 0.24, 0.41, 0.52, 0.36, 0.01, 0.00, 0.00, 0.00, 0.00, 0.00, 0.00, 0.00, 0.44, 0.54, 0.96, 1.00]
Event Rate: [0.89, 0.37, 0.24, 0.12, 0.23, 0.39, 0.51, 0.34, 0.01, 0.00, 0.00, 0.00, 0.00, 0.00, 0.00, 0.00, 0.43, 0.53, 0.96, 1.00]
Event Rate: [0.89, 0.36, 0.24, 0.12, 0.23, 0.39, 0.50, 0.30, 0.01, 0.00, 0.00, 0.00, 0.00, 0.00, 0.00, 0.00, 0.42, 0.52, 0.95, 1.00]
Event Rate: [0.89, 0.37, 0.24, 0.12, 0.24, 0.39, 0.52, 0.42, 0.06, 0.00, 0.00, 0.00, 0.00, 0.00, 0.00, 0.00, 0.43, 0.52, 0.95, 1.00]
Event Rate: [0.88, 0.36, 0.23, 0.12, 0.23, 0.39, 0.53, 0.42, 0.08, 0.00, 0.00, 0.00, 0.00, 0.00, 0.00, 0.00, 0.43, 0.53, 0.96, 1.00]
Event Rate: [0.88, 0.37, 0.24, 0.12, 0.23, 0.40, 0.52, 0.40, 0.07, 0.00, 0.00, 0.00, 0.00, 0.00, 0.00, 0.00, 0.43, 0.53, 0.96, 1.00]
Event Rate: [0.88, 0.38, 0.24, 0.12, 0.23, 0.39, 0.52, 0.40, 0.08, 0.00, 0.00, 0.00, 0.00, 0.00, 0.00, 0.00, 0.42, 0.52, 0.96, 1.00]
Event Rate: [0.88, 0.36, 0.24, 0.12, 0.23, 0.39, 0.52, 0.38, 0.08, 0.00, 0.00, 0.00, 0.00, 0.00, 0.00, 0.00, 0.43, 0.52, 0.95, 1.00]
Event Rate: [0.89, 0.37, 0.24, 0.12, 0.23, 0.39, 0.52, 0.40, 0.09, 0.00, 0.00, 0.00, 0.00, 0.00, 0.00, 0.00, 0.42, 0.52, 0.96, 1.00]
Event Rate: [0.88, 0.36, 0.24, 0.11, 0.22, 0.38, 0.53, 0.43, 0.12, 0.00, 0.00, 0.00, 0.00, 0.00, 0.00, 0.00, 0.42, 0.51, 0.95, 1.00]
Event Rate: [0.88, 0.37, 0.24, 0.12, 0.24, 0.40, 0.54, 0.44, 0.14, 0.00, 0.00, 0.00, 0.00, 0.00, 0.00, 0.00, 0.43, 0.53, 0.96, 1.00]
Event Rate: [0.89, 0.37, 0.25, 0.12, 0.23, 0.40, 0.54, 0.44, 0.13, 0.00, 0.00, 0.00, 0.00, 0.00, 0.00, 0.00, 0.43, 0.53, 0.96, 1.00]
Event Rate: [0.88, 0.36, 0.24, 0.12, 0.23, 0.40, 0.55, 0.43, 0.14, 0.00, 0.00, 0.00, 0.00, 0.00, 0.00, 0.00, 0.44, 0.53, 0.96, 1.00]
Event Rate: [0.89, 0.37, 0.25, 0.12, 0.24, 0.40, 0.54, 0.44, 0.15, 0.00, 0.00, 0.00, 0.00, 0.00, 0.00, 0.00, 0.44, 0.53, 0.96, 1.00]
Event Rate: [0.88, 0.37, 0.24, 0.13, 0.24, 0.40, 0.54, 0.43, 0.15, 0.00, 0.00, 0.00, 0.00, 0.00, 0.00, 0.00, 0.44, 0.53, 0.96, 1.00]
Event Rate: [0.88, 0.36, 0.24, 0.12, 0.22, 0.38, 0.52, 0.39, 0.12, 0.00, 0.00, 0.00, 0.00, 0.00, 0.00, 0.00, 0.41, 0.51, 0.95, 1.00]
Event Rate: [0.88, 0.36, 0.25, 0.12, 0.23, 0.39, 0.53, 0.37, 0.10, 0.00, 0.00, 0.00, 0.00, 0.00, 0.00, 0.00, 0.43, 0.52, 0.95, 1.00]
Event Rate: [0.88, 0.36, 0.24, 0.12, 0.23, 0.39, 0.54, 0.39, 0.12, 0.00, 0.00, 0.00, 0.00, 0.00, 0.00, 0.00, 0.43, 0.52, 0.95, 1.00]
Event Rate: [0.92, 0.36, 0.25, 0.12, 0.24, 0.39, 0.53, 0.39, 0.12, 0.00, 0.00, 0.00, 0.00, 0.00, 0.00, 0.00, 0.43, 0.52, 0.95, 1.00]
Event Rate: [0.91, 0.35, 0.24, 0.12, 0.23, 0.38, 0.53, 0.38, 0.12, 0.00, 0.00, 0.00, 0.00, 0.00, 0.00, 0.00, 0.42, 0.51, 0.95, 1.00]
Event Rate: [0.92, 0.36, 0.24, 0.12, 0.24, 0.41, 0.55, 0.41, 0.14, 0.00, 0.00, 0.00, 0.00, 0.00, 0.00, 0.00, 0.44, 0.54, 0.96, 1.00]
Event Rate: [0.92, 0.36, 0.25, 0.12, 0.24, 0.40, 0.00, 0.00, 0.00, 0.00, 0.00, 0.00, 0.00, 0.00, 0.00, 0.00, 0.44, 0.54, 0.96, 1.00]
Event Rate: [0.92, 0.36, 0.24, 0.12, 0.24, 0.40, 0.00, 0.00, 0.00, 0.00, 0.00, 0.00, 0.00, 0.00, 0.00, 0.00, 0.44, 0.53, 0.95, 1.00]
Event Rate: [0.92, 0.37, 0.24, 0.12, 0.24, 0.40, 0.00, 0.00, 0.00, 0.00, 0.00, 0.00, 0.00, 0.00, 0.00, 0.00, 0.44, 0.52, 0.96, 1.00]
Event Rate: [0.91, 0.36, 0.24, 0.12, 0.23, 0.39, 0.00, 0.00, 0.00, 0.00, 0.00, 0.00, 0.00, 0.00, 0.00, 0.00, 0.43, 0.52, 0.95, 1.00]
Event Rate: [0.91, 0.36, 0.25, 0.13, 0.25, 0.42, 0.00, 0.00, 0.00, 0.00, 0.00, 0.00, 0.00, 0.00, 0.00, 0.00, 0.46, 0.55, 0.96, 1.00]
Event Rate: [0.92, 0.36, 0.25, 0.13, 0.25, 0.41, 0.00, 0.00, 0.00, 0.00, 0.00, 0.00, 0.00, 0.00, 0.00, 0.00, 0.45, 0.53, 0.96, 1.00]
Event Rate: [0.92, 0.36, 0.25, 0.13, 0.25, 0.41, 0.00, 0.00, 0.00, 0.00, 0.00, 0.00, 0.00, 0.00, 0.00, 0.00, 0.45, 0.54, 0.96, 1.00]
Event Rate: [0.92, 0.37, 0.25, 0.13, 0.25, 0.42, 0.00, 0.00, 0.00, 0.00, 0.00, 0.00, 0.00, 0.00, 0.00, 0.00, 0.46, 0.55, 0.96, 1.00]
Event Rate: [0.92, 0.37, 0.26, 0.13, 0.25, 0.42, 0.00, 0.00, 0.00, 0.00, 0.00, 0.00, 0.00, 0.00, 0.00, 0.00, 0.45, 0.54, 0.96, 1.00]
Event Rate: [0.92, 0.36, 0.25, 0.13, 0.25, 0.40, 0.00, 0.00, 0.00, 0.00, 0.00, 0.00, 0.00, 0.00, 0.00, 0.00, 0.44, 0.53, 0.96, 1.00]
Event Rate: [0.92, 0.37, 0.25, 0.13, 0.26, 0.42, 0.00, 0.00, 0.00, 0.00, 0.00, 0.00, 0.00, 0.00, 0.00, 0.00, 0.45, 0.55, 0.96, 1.00]
Event Rate: [0.92, 0.36, 0.25, 0.13, 0.25, 0.41, 0.00, 0.00, 0.00, 0.00, 0.00, 0.00, 0.00, 0.00, 0.00, 0.00, 0.44, 0.54, 0.96, 1.00]
Event Rate: [0.92, 0.37, 0.26, 0.14, 0.27, 0.43, 0.00, 0.00, 0.00, 0.00, 0.00, 0.00, 0.00, 0.00, 0.00, 0.00, 0.46, 0.56, 0.97, 1.00]
Event Rate: [0.92, 0.36, 0.25, 0.12, 0.25, 0.40, 0.00, 0.00, 0.00, 0.00, 0.00, 0.00, 0.00, 0.00, 0.00, 0.00, 0.43, 0.53, 0.95, 1.00]
Event Rate: [0.92, 0.37, 0.25, 0.13, 0.25, 0.41, 0.00, 0.00, 0.00, 0.00, 0.00, 0.00, 0.00, 0.00, 0.00, 0.00, 0.44, 0.54, 0.96, 1.00]
Event Rate: [0.92, 0.37, 0.26, 0.14, 0.26, 0.43, 0.00, 0.00, 0.00, 0.00, 0.00, 0.00, 0.00, 0.00, 0.00, 0.00, 0.46, 0.55, 0.96, 1.00]
Event Rate: [0.92, 0.37, 0.25, 0.13, 0.25, 0.42, 0.00, 0.00, 0.00, 0.00, 0.00, 0.00, 0.00, 0.00, 0.00, 0.00, 0.45, 0.54, 0.96, 1.00]
Event Rate: [0.92, 0.37, 0.25, 0.12, 0.25, 0.40, 0.00, 0.00, 0.00, 0.00, 0.00, 0.00, 0.00, 0.00, 0.00, 0.00, 0.44, 0.54, 0.96, 1.00]
Event Rate: [0.92, 0.36, 0.25, 0.12, 0.24, 0.39, 0.00, 0.00, 0.00, 0.00, 0.00, 0.00, 0.00, 0.00, 0.00, 0.00, 0.43, 0.52, 0.96, 1.00]
Event Rate: [0.91, 0.36, 0.24, 0.13, 0.24, 0.40, 0.00, 0.00, 0.00, 0.00, 0.00, 0.00, 0.00, 0.00, 0.00, 0.00, 0.43, 0.53, 0.96, 1.00]
Event Rate: [0.91, 0.37, 0.25, 0.13, 0.25, 0.40, 0.00, 0.00, 0.00, 0.00, 0.00, 0.00, 0.00, 0.00, 0.00, 0.00, 0.44, 0.54, 0.96, 1.00]
Event Rate: [0.92, 0.36, 0.25, 0.13, 0.26, 0.42, 0.00, 0.00, 0.00, 0.00, 0.00, 0.00, 0.00, 0.00, 0.00, 0.00, 0.45, 0.54, 0.96, 1.00]
Event Rate: [0.92, 0.36, 0.24, 0.12, 0.25, 0.40, 0.00, 0.00, 0.00, 0.00, 0.00, 0.00, 0.00, 0.00, 0.00, 0.00, 0.43, 0.53, 0.96, 1.00]
Event Rate: [0.92, 0.36, 0.25, 0.13, 0.26, 0.41, 0.00, 0.00, 0.00, 0.00, 0.00, 0.00, 0.00, 0.00, 0.00, 0.00, 0.45, 0.54, 0.96, 1.00]
Event Rate: [0.92, 0.37, 0.26, 0.14, 0.27, 0.43, 0.00, 0.00, 0.00, 0.00, 0.00, 0.00, 0.00, 0.00, 0.00, 0.00, 0.47, 0.57, 0.96, 1.00]
Event Rate: [0.92, 0.37, 0.26, 0.14, 0.27, 0.43, 0.00, 0.00, 0.00, 0.00, 0.00, 0.00, 0.00, 0.00, 0.00, 0.00, 0.47, 0.55, 0.96, 1.00]
Event Rate: [0.92, 0.38, 0.26, 0.14, 0.27, 0.43, 0.01, 0.00, 0.00, 0.00, 0.00, 0.00, 0.00, 0.00, 0.00, 0.00, 0.47, 0.56, 0.97, 1.00]
Event Rate: [0.92, 0.36, 0.26, 0.13, 0.26, 0.42, 0.01, 0.00, 0.00, 0.00, 0.00, 0.00, 0.00, 0.00, 0.00, 0.00, 0.46, 0.56, 0.96, 1.00]
Event Rate: [0.92, 0.37, 0.27, 0.15, 0.28, 0.44, 0.02, 0.01, 0.00, 0.00, 0.00, 0.00, 0.00, 0.00, 0.00, 0.00, 0.47, 0.57, 0.97, 1.00]
Event Rate: [0.91, 0.35, 0.24, 0.13, 0.25, 0.39, 0.02, 0.01, 0.00, 0.00, 0.00, 0.00, 0.00, 0.00, 0.00, 0.00, 0.43, 0.52, 0.95, 1.00]
Event Rate: [0.92, 0.37, 0.26, 0.14, 0.27, 0.43, 0.03, 0.02, 0.00, 0.00, 0.00, 0.00, 0.00, 0.00, 0.00, 0.00, 0.46, 0.56, 0.97, 1.00]
Event Rate: [0.92, 0.36, 0.26, 0.14, 0.26, 0.42, 0.04, 0.03, 0.00, 0.00, 0.00, 0.00, 0.00, 0.00, 0.00, 0.00, 0.46, 0.55, 0.97, 1.00]
Event Rate: [0.92, 0.36, 0.25, 0.13, 0.26, 0.42, 0.05, 0.06, 0.00, 0.00, 0.00, 0.00, 0.00, 0.00, 0.00, 0.00, 0.45, 0.55, 0.96, 1.00]
Event Rate: [0.92, 0.37, 0.26, 0.14, 0.27, 0.43, 0.08, 0.10, 0.00, 0.00, 0.00, 0.00, 0.00, 0.00, 0.00, 0.00, 0.46, 0.55, 0.97, 1.00]
Event Rate: [0.92, 0.36, 0.26, 0.14, 0.27, 0.43, 0.10, 0.16, 0.00, 0.00, 0.00, 0.00, 0.00, 0.00, 0.00, 0.00, 0.46, 0.55, 0.97, 1.00]
Event Rate: [0.91, 0.36, 0.26, 0.14, 0.26, 0.41, 0.11, 0.19, 0.01, 0.00, 0.00, 0.00, 0.00, 0.00, 0.00, 0.00, 0.45, 0.54, 0.96, 1.00]
Event Rate: [0.92, 0.37, 0.26, 0.14, 0.27, 0.42, 0.14, 0.24, 0.01, 0.00, 0.00, 0.00, 0.00, 0.00, 0.00, 0.00, 0.45, 0.55, 0.96, 1.00]
Event Rate: [0.92, 0.37, 0.26, 0.14, 0.26, 0.41, 0.16, 0.28, 0.02, 0.00, 0.00, 0.00, 0.00, 0.00, 0.00, 0.00, 0.44, 0.54, 0.96, 1.00]
Event Rate: [0.92, 0.36, 0.26, 0.14, 0.26, 0.42, 0.17, 0.31, 0.03, 0.00, 0.00, 0.00, 0.00, 0.00, 0.00, 0.00, 0.45, 0.54, 0.96, 1.00]
Event Rate: [0.92, 0.37, 0.27, 0.15, 0.28, 0.43, 0.21, 0.37, 0.05, 0.00, 0.00, 0.00, 0.00, 0.00, 0.00, 0.00, 0.47, 0.56, 0.97, 1.00]
Event Rate: [0.92, 0.36, 0.26, 0.14, 0.27, 0.42, 0.23, 0.39, 0.06, 0.00, 0.00, 0.00, 0.00, 0.00, 0.00, 0.00, 0.45, 0.55, 0.97, 1.00]
Event Rate: [0.92, 0.35, 0.25, 0.14, 0.26, 0.41, 0.25, 0.43, 0.07, 0.04, 0.03, 0.00, 0.00, 0.00, 0.03, 0.00, 0.44, 0.54, 0.96, 1.00]
Event Rate: [0.91, 0.35, 0.25, 0.14, 0.26, 0.41, 0.30, 0.49, 0.09, 0.06, 0.08, 0.02, 0.00, 0.00, 0.16, 0.12, 0.44, 0.54, 0.96, 1.00]
Event Rate: [0.91, 0.35, 0.25, 0.13, 0.25, 0.39, 0.33, 0.53, 0.10, 0.13, 0.23, 0.12, 0.00, 0.00, 0.26, 0.19, 0.42, 0.51, 0.95, 1.00]
Event Rate: [0.92, 0.36, 0.25, 0.13, 0.26, 0.42, 0.36, 0.53, 0.11, 0.21, 0.41, 0.32, 0.00, 0.00, 0.44, 0.35, 0.45, 0.55, 0.96, 1.00]
Event Rate: [0.92, 0.36, 0.26, 0.14, 0.26, 0.42, 0.36, 0.53, 0.11, 0.38, 0.51, 0.47, 0.00, 0.00, 0.52, 0.42, 0.46, 0.55, 0.97, 1.00]
Event Rate: [0.92, 0.37, 0.26, 0.15, 0.27, 0.43, 0.38, 0.62, 0.11, 0.43, 0.51, 0.36, 0.00, 0.00, 0.49, 0.47, 0.46, 0.56, 0.97, 1.00]
Event Rate: [0.92, 0.36, 0.25, 0.14, 0.27, 0.42, 0.38, 0.64, 0.11, 0.48, 0.50, 0.35, 0.00, 0.00, 0.53, 0.44, 0.45, 0.55, 0.96, 1.00]
Event Rate: [0.92, 0.36, 0.25, 0.14, 0.27, 0.43, 0.39, 0.65, 0.08, 0.35, 0.35, 0.15, 0.00, 0.00, 0.46, 0.34, 0.47, 0.56, 0.97, 1.00]
Event Rate: [0.92, 0.38, 0.26, 0.15, 0.28, 0.44, 0.41, 0.66, 0.05, 0.12, 0.11, 0.01, 0.00, 0.00, 0.38, 0.20, 0.47, 0.57, 0.96, 1.00]
Event Rate: [0.91, 0.36, 0.25, 0.13, 0.26, 0.41, 0.39, 0.64, 0.04, 0.04, 0.03, 0.00, 0.00, 0.00, 0.18, 0.10, 0.44, 0.54, 0.96, 1.00]
Event Rate: [0.92, 0.37, 0.26, 0.14, 0.27, 0.43, 0.40, 0.64, 0.03, 0.01, 0.00, 0.00, 0.00, 0.00, 0.04, 0.00, 0.46, 0.55, 0.96, 1.00]
Event Rate: [0.91, 0.37, 0.26, 0.14, 0.27, 0.42, 0.40, 0.60, 0.03, 0.08, 0.11, 0.03, 0.05, 0.19, 0.15, 0.13, 0.44, 0.54, 0.96, 1.00]
Event Rate: [0.92, 0.36, 0.26, 0.14, 0.28, 0.44, 0.40, 0.59, 0.03, 0.11, 0.00, 0.07, 0.19, 0.41, 0.16, 0.16, 0.45, 0.55, 0.97, 1.00]
Event Rate: [0.92, 0.36, 0.26, 0.14, 0.27, 0.43, 0.39, 0.55, 0.03, 0.10, 0.00, 0.07, 0.24, 0.58, 0.14, 0.15, 0.44, 0.54, 0.96, 1.00]
Event Rate: [0.92, 0.37, 0.26, 0.14, 0.28, 0.44, 0.40, 0.55, 0.03, 0.11, 0.00, 0.05, 0.26, 0.48, 0.14, 0.15, 0.46, 0.56, 0.97, 1.00]
Event Rate: [0.92, 0.36, 0.26, 0.13, 0.27, 0.42, 0.38, 0.53, 0.04, 0.12, 0.00, 0.04, 0.30, 0.50, 0.10, 0.12, 0.43, 0.53, 0.96, 1.00]
Event Rate: [0.92, 0.37, 0.27, 0.15, 0.29, 0.45, 0.41, 0.53, 0.04, 0.17, 0.00, 0.03, 0.35, 0.50, 0.07, 0.10, 0.46, 0.57, 0.97, 1.00]
Event Rate: [0.92, 0.36, 0.26, 0.14, 0.28, 0.44, 0.40, 0.51, 0.05, 0.27, 0.00, 0.02, 0.37, 0.56, 0.04, 0.09, 0.44, 0.55, 0.97, 1.00]
Event Rate: [0.92, 0.37, 0.26, 0.14, 0.27, 0.42, 0.39, 0.50, 0.05, 0.25, 0.00, 0.03, 0.42, 0.66, 0.03, 0.06, 0.42, 0.53, 0.96, 1.00]
Event Rate: [0.92, 0.36, 0.25, 0.14, 0.27, 0.42, 0.39, 0.49, 0.05, 0.27, 0.00, 0.03, 0.51, 0.66, 0.03, 0.07, 0.42, 0.54, 0.96, 1.00]
Event Rate: [0.92, 0.36, 0.25, 0.14, 0.27, 0.43, 0.40, 0.50, 0.06, 0.30, 0.00, 0.03, 0.56, 0.67, 0.03, 0.07, 0.43, 0.54, 0.96, 1.00]
Event Rate: [0.92, 0.36, 0.26, 0.15, 0.28, 0.44, 0.41, 0.50, 0.07, 0.30, 0.00, 0.03, 0.58, 0.65, 0.03, 0.07, 0.44, 0.55, 0.97, 1.00]
Event Rate: [0.91, 0.36, 0.25, 0.13, 0.27, 0.42, 0.40, 0.48, 0.07, 0.29, 0.00, 0.03, 0.58, 0.65, 0.03, 0.09, 0.42, 0.53, 0.96, 1.00]
Event Rate: [0.92, 0.37, 0.26, 0.14, 0.27, 0.43, 0.41, 0.49, 0.09, 0.30, 0.00, 0.03, 0.61, 0.65, 0.03, 0.10, 0.42, 0.54, 0.97, 1.00]
Event Rate: [0.92, 0.37, 0.26, 0.14, 0.28, 0.44, 0.42, 0.50, 0.10, 0.32, 0.00, 0.03, 0.61, 0.67, 0.04, 0.11, 0.43, 0.56, 0.97, 1.00]
Event Rate: [0.92, 0.36, 0.25, 0.13, 0.27, 0.42, 0.40, 0.48, 0.10, 0.31, 0.00, 0.02, 0.35, 0.66, 0.04, 0.13, 0.41, 0.53, 0.96, 1.00]
Event Rate: [0.92, 0.36, 0.25, 0.14, 0.28, 0.43, 0.41, 0.48, 0.11, 0.29, 0.00, 0.02, 0.34, 0.68, 0.05, 0.14, 0.42, 0.53, 0.96, 1.00]
Event Rate: [0.92, 0.37, 0.25, 0.14, 0.27, 0.43, 0.40, 0.48, 0.12, 0.30, 0.00, 0.02, 0.40, 0.69, 0.05, 0.15, 0.42, 0.54, 0.96, 1.00]
Event Rate: [0.92, 0.37, 0.26, 0.14, 0.27, 0.43, 0.40, 0.48, 0.12, 0.30, 0.00, 0.03, 0.45, 0.69, 0.06, 0.16, 0.42, 0.53, 0.96, 1.00]
Event Rate: [0.92, 0.37, 0.25, 0.14, 0.28, 0.44, 0.41, 0.49, 0.13, 0.32, 0.00, 0.04, 0.49, 0.69, 0.08, 0.20, 0.42, 0.55, 0.96, 1.00]
Event Rate: [0.91, 0.36, 0.25, 0.13, 0.27, 0.42, 0.40, 0.47, 0.13, 0.31, 0.00, 0.03, 0.38, 0.70, 0.11, 0.22, 0.40, 0.52, 0.96, 1.00]
Event Rate: [0.92, 0.36, 0.24, 0.13, 0.27, 0.42, 0.41, 0.48, 0.14, 0.32, 0.01, 0.06, 0.59, 0.70, 0.14, 0.23, 0.41, 0.53, 0.96, 1.00]
Event Rate: [0.91, 0.35, 0.25, 0.13, 0.26, 0.41, 0.40, 0.47, 0.14, 0.32, 0.01, 0.05, 0.54, 0.70, 0.21, 0.23, 0.40, 0.52, 0.95, 1.00]
Event Rate: [0.91, 0.37, 0.26, 0.14, 0.27, 0.43, 0.41, 0.48, 0.15, 0.33, 0.01, 0.06, 0.57, 0.70, 0.24, 0.24, 0.42, 0.54, 0.96, 1.00]
Event Rate: [0.92, 0.36, 0.25, 0.14, 0.28, 0.44, 0.42, 0.49, 0.16, 0.35, 0.01, 0.07, 0.55, 0.70, 0.25, 0.25, 0.43, 0.55, 0.96, 1.00]
Event Rate: [0.92, 0.36, 0.25, 0.14, 0.27, 0.43, 0.42, 0.49, 0.17, 0.35, 0.01, 0.07, 0.57, 0.70, 0.26, 0.25, 0.43, 0.55, 0.96, 1.00]
Event Rate: [0.91, 0.36, 0.26, 0.14, 0.27, 0.43, 0.42, 0.49, 0.17, 0.34, 0.01, 0.08, 0.58, 0.70, 0.26, 0.26, 0.43, 0.54, 0.96, 1.00]
Event Rate: [0.91, 0.36, 0.25, 0.13, 0.27, 0.42, 0.42, 0.45, 0.09, 0.12, 0.01, 0.03, 0.60, 0.70, 0.01, 0.01, 0.40, 0.53, 0.96, 1.00]
Event Rate: [0.91, 0.36, 0.25, 0.13, 0.26, 0.42, 0.39, 0.40, 0.04, 0.04, 0.01, 0.02, 0.35, 0.68, 0.02, 0.02, 0.40, 0.52, 0.95, 1.00]
Event Rate: [0.91, 0.35, 0.25, 0.13, 0.27, 0.42, 0.33, 0.36, 0.03, 0.04, 0.01, 0.02, 0.41, 0.67, 0.03, 0.05, 0.41, 0.52, 0.96, 1.00]
Event Rate: [0.92, 0.37, 0.26, 0.15, 0.30, 0.47, 0.31, 0.37, 0.02, 0.04, 0.01, 0.04, 0.48, 0.68, 0.04, 0.06, 0.45, 0.57, 0.97, 1.00]
Event Rate: [0.92, 0.36, 0.26, 0.14, 0.28, 0.45, 0.28, 0.34, 0.02, 0.05, 0.01, 0.04, 0.46, 0.70, 0.07, 0.13, 0.44, 0.55, 0.96, 1.00]
Event Rate: [0.92, 0.36, 0.26, 0.15, 0.29, 0.45, 0.28, 0.33, 0.02, 0.05, 0.01, 0.04, 0.43, 0.70, 0.06, 0.11, 0.45, 0.55, 0.96, 1.00]
Event Rate: [0.92, 0.37, 0.27, 0.15, 0.30, 0.47, 0.28, 0.32, 0.02, 0.05, 0.01, 0.03, 0.43, 0.69, 0.05, 0.12, 0.46, 0.57, 0.97, 1.00]
Event Rate: [0.92, 0.37, 0.27, 0.15, 0.30, 0.46, 0.29, 0.33, 0.03, 0.11, 0.01, 0.06, 0.45, 0.70, 0.15, 0.19, 0.46, 0.57, 0.96, 1.00]
Event Rate: [0.92, 0.37, 0.26, 0.15, 0.29, 0.45, 0.29, 0.35, 0.05, 0.22, 0.01, 0.07, 0.51, 0.70, 0.27, 0.29, 0.46, 0.55, 0.96, 1.00]
Event Rate: [0.92, 0.36, 0.25, 0.14, 0.28, 0.44, 0.28, 0.35, 0.04, 0.20, 0.01, 0.07, 0.52, 0.70, 0.33, 0.33, 0.43, 0.54, 0.96, 1.00]
Event Rate: [0.92, 0.37, 0.26, 0.13, 0.26, 0.41, 0.27, 0.38, 0.05, 0.24, 0.01, 0.08, 0.59, 0.70, 0.41, 0.39, 0.41, 0.51, 0.96, 1.00]
Event Rate: [0.92, 0.36, 0.25, 0.13, 0.26, 0.41, 0.27, 0.44, 0.05, 0.30, 0.01, 0.09, 0.65, 0.70, 0.47, 0.43, 0.41, 0.51, 0.96, 1.00]
Event Rate: [0.91, 0.37, 0.25, 0.12, 0.25, 0.40, 0.27, 0.43, 0.05, 0.32, 0.02, 0.10, 0.67, 0.70, 0.50, 0.44, 0.40, 0.49, 0.95, 1.00]
Event Rate: [0.92, 0.37, 0.25, 0.12, 0.25, 0.41, 0.27, 0.44, 0.06, 0.34, 0.02, 0.10, 0.68, 0.70, 0.52, 0.46, 0.41, 0.49, 0.96, 1.00]
Event Rate: [0.91, 0.37, 0.24, 0.12, 0.24, 0.39, 0.26, 0.44, 0.06, 0.34, 0.02, 0.11, 0.68, 0.70, 0.52, 0.46, 0.39, 0.47, 0.95, 1.00]
Event Rate: [0.92, 0.37, 0.25, 0.12, 0.23, 0.38, 0.27, 0.43, 0.06, 0.29, 0.02, 0.10, 0.63, 0.70, 0.42, 0.34, 0.39, 0.49, 0.96, 1.00]
Event Rate: [0.91, 0.37, 0.25, 0.12, 0.24, 0.38, 0.27, 0.42, 0.06, 0.25, 0.02, 0.08, 0.58, 0.70, 0.33, 0.27, 0.41, 0.49, 0.96, 1.00]
Event Rate: [0.92, 0.37, 0.24, 0.11, 0.23, 0.38, 0.26, 0.42, 0.04, 0.21, 0.02, 0.08, 0.56, 0.70, 0.31, 0.24, 0.40, 0.48, 0.96, 1.00]
Event Rate: [0.92, 0.37, 0.24, 0.11, 0.22, 0.37, 0.25, 0.41, 0.03, 0.16, 0.02, 0.06, 0.50, 0.70, 0.27, 0.22, 0.37, 0.46, 0.95, 1.00]
Event Rate: [0.92, 0.38, 0.25, 0.12, 0.24, 0.39, 0.26, 0.41, 0.03, 0.14, 0.02, 0.05, 0.45, 0.70, 0.23, 0.21, 0.39, 0.48, 0.96, 1.00]
Event Rate: [0.91, 0.37, 0.25, 0.11, 0.23, 0.37, 0.25, 0.40, 0.03, 0.12, 0.01, 0.02, 0.42, 0.70, 0.20, 0.18, 0.37, 0.47, 0.95, 1.00]
Event Rate: [0.92, 0.36, 0.24, 0.12, 0.23, 0.38, 0.25, 0.40, 0.03, 0.13, 0.01, 0.02, 0.45, 0.70, 0.23, 0.19, 0.39, 0.48, 0.95, 1.00]
Event Rate: [0.92, 0.38, 0.26, 0.13, 0.25, 0.41, 0.28, 0.42, 0.04, 0.21, 0.02, 0.03, 0.57, 0.70, 0.34, 0.26, 0.44, 0.52, 0.97, 1.00]
Event Rate: [0.92, 0.37, 0.25, 0.12, 0.24, 0.40, 0.29, 0.43, 0.05, 0.25, 0.02, 0.03, 0.63, 0.70, 0.39, 0.29, 0.45, 0.52, 0.96, 1.00]
Event Rate: [0.92, 0.36, 0.24, 0.12, 0.24, 0.39, 0.30, 0.42, 0.06, 0.29, 0.02, 0.04, 0.66, 0.70, 0.43, 0.31, 0.46, 0.51, 0.95, 1.00]
Event Rate: [0.91, 0.35, 0.23, 0.11, 0.23, 0.38, 0.30, 0.42, 0.06, 0.29, 0.02, 0.04, 0.66, 0.70, 0.44, 0.29, 0.45, 0.51, 0.96, 1.00]
Event Rate: [0.92, 0.37, 0.26, 0.13, 0.26, 0.42, 0.33, 0.44, 0.07, 0.33, 0.02, 0.05, 0.68, 0.70, 0.46, 0.30, 0.50, 0.54, 0.97, 1.00]
Event Rate: [0.92, 0.36, 0.25, 0.13, 0.25, 0.40, 0.33, 0.44, 0.07, 0.34, 0.02, 0.05, 0.69, 0.70, 0.44, 0.29, 0.49, 0.53, 0.97, 1.00]
Event Rate: [0.92, 0.36, 0.25, 0.13, 0.26, 0.42, 0.35, 0.45, 0.08, 0.38, 0.03, 0.06, 0.70, 0.70, 0.43, 0.30, 0.50, 0.53, 0.97, 1.00]
Event Rate: [0.92, 0.35, 0.24, 0.12, 0.25, 0.40, 0.32, 0.44, 0.07, 0.31, 0.03, 0.07, 0.69, 0.70, 0.39, 0.26, 0.44, 0.52, 0.96, 1.00]
Event Rate: [0.92, 0.35, 0.24, 0.13, 0.25, 0.41, 0.31, 0.43, 0.07, 0.29, 0.02, 0.08, 0.68, 0.70, 0.39, 0.24, 0.44, 0.53, 0.96, 1.00]
Event Rate: [0.91, 0.36, 0.24, 0.13, 0.25, 0.41, 0.30, 0.43, 0.08, 0.30, 0.02, 0.08, 0.67, 0.70, 0.38, 0.23, 0.43, 0.52, 0.96, 1.00]
Event Rate: [0.92, 0.36, 0.25, 0.13, 0.25, 0.41, 0.29, 0.42, 0.07, 0.26, 0.02, 0.08, 0.63, 0.70, 0.36, 0.21, 0.42, 0.51, 0.96, 1.00]
Event Rate: [0.91, 0.36, 0.24, 0.13, 0.25, 0.41, 0.28, 0.40, 0.07, 0.23, 0.02, 0.07, 0.60, 0.70, 0.34, 0.18, 0.42, 0.52, 0.96, 1.00]
Event Rate: [0.92, 0.37, 0.25, 0.13, 0.25, 0.41, 0.28, 0.39, 0.07, 0.24, 0.02, 0.08, 0.60, 0.70, 0.35, 0.21, 0.43, 0.52, 0.96, 1.00]
Event Rate: [0.92, 0.35, 0.24, 0.13, 0.25, 0.41, 0.27, 0.37, 0.06, 0.20, 0.02, 0.07, 0.56, 0.70, 0.32, 0.19, 0.42, 0.52, 0.96, 1.00]
Event Rate: [0.92, 0.36, 0.25, 0.13, 0.26, 0.43, 0.28, 0.38, 0.07, 0.21, 0.02, 0.07, 0.57, 0.70, 0.32, 0.20, 0.45, 0.54, 0.97, 1.00]
Event Rate: [0.91, 0.37, 0.25, 0.13, 0.26, 0.43, 0.28, 0.39, 0.07, 0.23, 0.02, 0.08, 0.58, 0.70, 0.35, 0.23, 0.44, 0.53, 0.96, 1.00]
Event Rate: [0.92, 0.36, 0.24, 0.13, 0.25, 0.42, 0.28, 0.38, 0.07, 0.22, 0.02, 0.08, 0.58, 0.70, 0.31, 0.23, 0.44, 0.53, 0.97, 1.00]
Event Rate: [0.92, 0.36, 0.25, 0.13, 0.26, 0.43, 0.28, 0.38, 0.07, 0.21, 0.02, 0.08, 0.56, 0.70, 0.29, 0.26, 0.44, 0.54, 0.97, 1.00]
Event Rate: [0.92, 0.36, 0.25, 0.13, 0.26, 0.42, 0.26, 0.36, 0.06, 0.18, 0.02, 0.07, 0.66, 0.92, 0.26, 0.22, 0.42, 0.52, 0.96, 1.00]
Event Rate: [0.92, 0.36, 0.25, 0.13, 0.26, 0.43, 0.27, 0.37, 0.07, 0.19, 0.02, 0.08, 0.68, 0.92, 0.27, 0.21, 0.43, 0.53, 0.97, 1.00]
Event Rate: [0.92, 0.35, 0.25, 0.13, 0.26, 0.43, 0.27, 0.38, 0.08, 0.21, 0.02, 0.08, 0.68, 0.92, 0.28, 0.21, 0.43, 0.53, 0.96, 1.00]
Event Rate: [0.92, 0.35, 0.25, 0.13, 0.27, 0.44, 0.27, 0.39, 0.08, 0.21, 0.02, 0.08, 0.68, 0.92, 0.27, 0.20, 0.43, 0.54, 0.96, 1.00]
Event Rate: [0.92, 0.36, 0.25, 0.14, 0.27, 0.44, 0.27, 0.40, 0.08, 0.19, 0.02, 0.07, 0.68, 0.92, 0.25, 0.16, 0.43, 0.54, 0.97, 1.00]
Event Rate: [0.92, 0.34, 0.24, 0.13, 0.26, 0.43, 0.26, 0.40, 0.09, 0.19, 0.02, 0.07, 0.67, 0.92, 0.23, 0.15, 0.42, 0.53, 0.96, 1.00]
Event Rate: [0.93, 0.35, 0.26, 0.14, 0.28, 0.45, 0.27, 0.43, 0.10, 0.21, 0.02, 0.08, 0.69, 0.92, 0.25, 0.15, 0.44, 0.55, 0.97, 1.00]
Event Rate: [0.92, 0.35, 0.25, 0.13, 0.26, 0.43, 0.26, 0.44, 0.10, 0.20, 0.02, 0.08, 0.71, 0.92, 0.24, 0.14, 0.42, 0.53, 0.97, 1.00]
Event Rate: [0.92, 0.35, 0.24, 0.12, 0.25, 0.41, 0.25, 0.43, 0.10, 0.19, 0.02, 0.08, 0.71, 1.00, 0.22, 0.12, 0.40, 0.52, 0.96, 1.00]
Event Rate: [0.93, 0.36, 0.26, 0.14, 0.28, 0.44, 0.27, 0.42, 0.09, 0.19, 0.02, 0.08, 0.76, 1.00, 0.22, 0.12, 0.44, 0.55, 0.96, 1.00]
Event Rate: [0.92, 0.35, 0.24, 0.13, 0.26, 0.42, 0.25, 0.38, 0.08, 0.16, 0.02, 0.07, 0.74, 1.00, 0.18, 0.09, 0.41, 0.53, 0.97, 1.00]
Event Rate: [0.91, 0.34, 0.24, 0.13, 0.26, 0.43, 0.25, 0.38, 0.08, 0.16, 0.02, 0.07, 0.75, 1.00, 0.19, 0.09, 0.43, 0.54, 0.96, 1.00]
Event Rate: [0.91, 0.33, 0.23, 0.13, 0.25, 0.41, 0.24, 0.38, 0.08, 0.17, 0.02, 0.08, 0.79, 1.00, 0.19, 0.09, 0.41, 0.52, 0.95, 1.00]
Event Rate: [0.91, 0.35, 0.24, 0.13, 0.26, 0.42, 0.25, 0.40, 0.09, 0.18, 0.02, 0.08, 0.84, 0.99, 0.20, 0.10, 0.41, 0.52, 0.96, 1.00]
Event Rate: [0.92, 0.36, 0.26, 0.14, 0.28, 0.44, 0.27, 0.42, 0.09, 0.20, 0.02, 0.08, 0.85, 1.00, 0.22, 0.11, 0.44, 0.55, 0.97, 1.00]
Event Rate: [0.92, 0.35, 0.25, 0.13, 0.26, 0.42, 0.25, 0.40, 0.09, 0.19, 0.02, 0.08, 0.84, 1.00, 0.21, 0.10, 0.42, 0.53, 0.96, 1.00]
Event Rate: [0.92, 0.35, 0.24, 0.13, 0.26, 0.41, 0.24, 0.39, 0.08, 0.17, 0.02, 0.08, 0.84, 1.00, 0.19, 0.08, 0.41, 0.52, 0.96, 1.00]
Event Rate: [0.91, 0.34, 0.23, 0.12, 0.25, 0.41, 0.24, 0.38, 0.08, 0.17, 0.02, 0.08, 0.83, 1.00, 0.19, 0.08, 0.40, 0.51, 0.95, 1.00]
Event Rate: [0.92, 0.34, 0.24, 0.13, 0.27, 0.43, 0.25, 0.39, 0.08, 0.18, 0.02, 0.09, 0.87, 1.00, 0.20, 0.08, 0.42, 0.54, 0.96, 1.00]
Event Rate: [0.92, 0.34, 0.24, 0.13, 0.26, 0.42, 0.25, 0.40, 0.09, 0.19, 0.02, 0.09, 0.90, 1.00, 0.21, 0.09, 0.42, 0.53, 0.96, 1.00]
Event Rate: [0.92, 0.35, 0.24, 0.13, 0.26, 0.42, 0.25, 0.39, 0.09, 0.19, 0.02, 0.09, 0.89, 1.00, 0.21, 0.09, 0.41, 0.52, 0.96, 1.00]
Event Rate: [0.92, 0.34, 0.24, 0.13, 0.26, 0.41, 0.24, 0.38, 0.09, 0.19, 0.02, 0.09, 0.88, 1.00, 0.21, 0.09, 0.40, 0.52, 0.96, 1.00]
Event Rate: [0.91, 0.33, 0.24, 0.13, 0.27, 0.43, 0.25, 0.38, 0.09, 0.20, 0.02, 0.09, 0.89, 1.00, 0.22, 0.09, 0.42, 0.53, 0.96, 1.00]
Event Rate: [0.92, 0.35, 0.25, 0.13, 0.27, 0.43, 0.25, 0.39, 0.09, 0.21, 0.02, 0.10, 0.91, 1.00, 0.23, 0.09, 0.42, 0.54, 0.97, 1.00]
Event Rate: [0.92, 0.34, 0.24, 0.13, 0.27, 0.44, 0.26, 0.39, 0.10, 0.22, 0.03, 0.10, 0.92, 1.00, 0.24, 0.10, 0.43, 0.54, 0.96, 1.00]
Event Rate: [0.92, 0.34, 0.24, 0.14, 0.28, 0.44, 0.26, 0.39, 0.10, 0.22, 0.03, 0.10, 0.93, 1.00, 0.25, 0.10, 0.44, 0.54, 0.96, 1.00]
Event Rate: [0.92, 0.35, 0.25, 0.14, 0.28, 0.44, 0.26, 0.39, 0.10, 0.22, 0.03, 0.10, 0.93, 1.00, 0.25, 0.09, 0.44, 0.54, 0.97, 1.00]
Event Rate: [0.91, 0.34, 0.24, 0.13, 0.27, 0.43, 0.25, 0.37, 0.09, 0.20, 0.03, 0.10, 0.92, 1.00, 0.23, 0.08, 0.42, 0.54, 0.97, 1.00]
Event Rate: [0.92, 0.34, 0.23, 0.13, 0.26, 0.42, 0.24, 0.37, 0.09, 0.20, 0.03, 0.10, 0.92, 1.00, 0.22, 0.08, 0.41, 0.52, 0.96, 1.00]
Event Rate: [0.92, 0.34, 0.24, 0.13, 0.27, 0.44, 0.25, 0.38, 0.10, 0.21, 0.03, 0.10, 0.92, 1.00, 0.23, 0.08, 0.43, 0.55, 0.97, 1.00]
Event Rate: [0.92, 0.35, 0.24, 0.14, 0.27, 0.43, 0.25, 0.39, 0.10, 0.24, 0.03, 0.11, 0.93, 1.00, 0.27, 0.10, 0.43, 0.54, 0.97, 1.00]
Event Rate: [0.92, 0.35, 0.25, 0.14, 0.28, 0.44, 0.25, 0.39, 0.10, 0.24, 0.03, 0.11, 0.93, 1.00, 0.26, 0.10, 0.43, 0.54, 0.96, 1.00]
Event Rate: [0.92, 0.34, 0.24, 0.14, 0.28, 0.44, 0.25, 0.38, 0.11, 0.24, 0.03, 0.11, 0.93, 1.00, 0.27, 0.09, 0.44, 0.55, 0.96, 1.00]
Event Rate: [0.92, 0.35, 0.25, 0.14, 0.28, 0.44, 0.25, 0.38, 0.11, 0.24, 0.03, 0.11, 0.93, 1.00, 0.27, 0.09, 0.44, 0.55, 0.96, 1.00]
Event Rate: [0.92, 0.35, 0.24, 0.14, 0.28, 0.44, 0.25, 0.39, 0.11, 0.23, 0.03, 0.11, 0.94, 1.00, 0.27, 0.09, 0.43, 0.54, 0.97, 1.00]
Event Rate: [0.92, 0.34, 0.24, 0.13, 0.27, 0.43, 0.25, 0.38, 0.11, 0.23, 0.03, 0.11, 0.94, 1.00, 0.26, 0.09, 0.42, 0.53, 0.95, 1.00]
Event Rate: [0.92, 0.34, 0.24, 0.14, 0.28, 0.44, 0.26, 0.39, 0.11, 0.25, 0.03, 0.12, 0.96, 1.00, 0.29, 0.10, 0.44, 0.55, 0.96, 1.00]
Event Rate: [0.92, 0.34, 0.23, 0.13, 0.26, 0.43, 0.24, 0.37, 0.11, 0.25, 0.03, 0.11, 0.95, 1.00, 0.27, 0.09, 0.42, 0.53, 0.96, 1.00]
Event Rate: [0.92, 0.34, 0.24, 0.14, 0.29, 0.45, 0.26, 0.39, 0.11, 0.26, 0.03, 0.12, 0.96, 1.00, 0.29, 0.10, 0.44, 0.55, 0.97, 1.00]
Event Rate: [0.92, 0.36, 0.24, 0.14, 0.29, 0.46, 0.26, 0.40, 0.11, 0.27, 0.03, 0.12, 0.96, 1.00, 0.31, 0.10, 0.45, 0.56, 0.97, 1.00]
Event Rate: [0.92, 0.34, 0.24, 0.14, 0.28, 0.44, 0.25, 0.38, 0.11, 0.26, 0.03, 0.11, 0.96, 1.00, 0.30, 0.10, 0.43, 0.54, 0.97, 1.00]
Event Rate: [0.92, 0.35, 0.24, 0.14, 0.28, 0.44, 0.25, 0.39, 0.12, 0.27, 0.03, 0.11, 0.96, 1.00, 0.32, 0.10, 0.43, 0.55, 0.97, 1.00]
Event Rate: [0.91, 0.34, 0.24, 0.14, 0.28, 0.44, 0.26, 0.39, 0.13, 0.31, 0.04, 0.12, 0.98, 1.00, 0.37, 0.13, 0.43, 0.55, 0.97, 1.00]
Event Rate: [0.91, 0.34, 0.23, 0.13, 0.26, 0.41, 0.24, 0.38, 0.13, 0.30, 0.04, 0.12, 0.98, 1.00, 0.37, 0.13, 0.41, 0.52, 0.96, 1.00]
Event Rate: [0.92, 0.35, 0.24, 0.14, 0.28, 0.44, 0.26, 0.40, 0.13, 0.28, 0.03, 0.12, 0.98, 1.00, 0.33, 0.11, 0.44, 0.55, 0.97, 1.00]
Event Rate: [0.92, 0.34, 0.24, 0.14, 0.28, 0.44, 0.26, 0.39, 0.13, 0.29, 0.03, 0.12, 0.98, 1.00, 0.34, 0.11, 0.43, 0.54, 0.96, 1.00]
Event Rate: [0.92, 0.34, 0.24, 0.13, 0.27, 0.44, 0.26, 0.39, 0.13, 0.31, 0.04, 0.12, 0.98, 1.00, 0.35, 0.12, 0.43, 0.54, 0.97, 1.00]
Event Rate: [0.92, 0.35, 0.24, 0.14, 0.28, 0.44, 0.26, 0.40, 0.15, 0.33, 0.04, 0.13, 0.99, 1.00, 0.38, 0.13, 0.44, 0.55, 0.97, 1.00]
Event Rate: [0.92, 0.34, 0.24, 0.13, 0.28, 0.45, 0.27, 0.41, 0.15, 0.35, 0.04, 0.13, 0.99, 1.00, 0.40, 0.15, 0.45, 0.55, 0.97, 1.00]
Event Rate: [0.92, 0.35, 0.24, 0.14, 0.28, 0.44, 0.26, 0.41, 0.13, 0.32, 0.04, 0.12, 0.98, 1.00, 0.37, 0.13, 0.43, 0.54, 0.97, 1.00]
Event Rate: [0.92, 0.34, 0.23, 0.14, 0.28, 0.45, 0.27, 0.40, 0.13, 0.30, 0.04, 0.12, 0.98, 1.00, 0.34, 0.11, 0.44, 0.55, 0.97, 1.00]
Event Rate: [0.92, 0.34, 0.22, 0.13, 0.26, 0.42, 0.26, 0.39, 0.12, 0.30, 0.04, 0.12, 0.98, 1.00, 0.34, 0.11, 0.41, 0.52, 0.96, 1.00]
Event Rate: [0.92, 0.33, 0.23, 0.13, 0.27, 0.43, 0.27, 0.41, 0.13, 0.33, 0.04, 0.12, 0.98, 1.00, 0.39, 0.14, 0.43, 0.54, 0.97, 1.00]
Event Rate: [0.92, 0.34, 0.24, 0.14, 0.28, 0.43, 0.27, 0.41, 0.13, 0.35, 0.04, 0.12, 0.98, 1.00, 0.41, 0.16, 0.43, 0.54, 0.96, 1.00]
Event Rate: [0.92, 0.34, 0.23, 0.13, 0.27, 0.42, 0.26, 0.41, 0.13, 0.36, 0.04, 0.12, 0.98, 1.00, 0.40, 0.16, 0.42, 0.53, 0.96, 1.00]
Event Rate: [0.91, 0.33, 0.22, 0.13, 0.26, 0.42, 0.26, 0.40, 0.12, 0.34, 0.04, 0.12, 0.98, 1.00, 0.38, 0.15, 0.41, 0.52, 0.97, 1.00]
Event Rate: [0.92, 0.33, 0.23, 0.13, 0.27, 0.42, 0.26, 0.41, 0.12, 0.35, 0.04, 0.12, 0.98, 1.00, 0.39, 0.15, 0.42, 0.53, 0.96, 1.00]
Event Rate: [0.92, 0.32, 0.23, 0.14, 0.28, 0.44, 0.27, 0.41, 0.13, 0.38, 0.04, 0.13, 0.99, 1.00, 0.42, 0.18, 0.43, 0.54, 0.97, 1.00]
Event Rate: [0.92, 0.34, 0.23, 0.14, 0.28, 0.45, 0.27, 0.42, 0.13, 0.37, 0.04, 0.13, 0.99, 1.00, 0.42, 0.18, 0.45, 0.55, 0.97, 1.00]
Event Rate: [0.91, 0.32, 0.22, 0.13, 0.26, 0.42, 0.26, 0.40, 0.13, 0.36, 0.03, 0.12, 0.98, 1.00, 0.41, 0.17, 0.42, 0.53, 0.96, 1.00]
Event Rate: [0.93, 0.33, 0.23, 0.14, 0.28, 0.45, 0.27, 0.43, 0.14, 0.39, 0.04, 0.13, 0.99, 1.00, 0.44, 0.20, 0.44, 0.55, 0.97, 1.00]
Event Rate: [0.91, 0.33, 0.22, 0.13, 0.27, 0.43, 0.27, 0.42, 0.14, 0.40, 0.04, 0.14, 0.99, 1.00, 0.46, 0.22, 0.43, 0.53, 0.96, 1.00]
Event Rate: [0.92, 0.35, 0.24, 0.15, 0.30, 0.46, 0.29, 0.45, 0.14, 0.42, 0.04, 0.14, 0.99, 1.00, 0.48, 0.25, 0.46, 0.56, 0.97, 1.00]
Event Rate: [0.91, 0.34, 0.23, 0.14, 0.28, 0.44, 0.27, 0.43, 0.14, 0.39, 0.04, 0.13, 0.99, 1.00, 0.45, 0.21, 0.44, 0.54, 0.96, 1.00]
Event Rate: [0.92, 0.34, 0.24, 0.15, 0.30, 0.47, 0.29, 0.45, 0.14, 0.41, 0.04, 0.13, 0.99, 1.00, 0.47, 0.21, 0.46, 0.57, 0.98, 1.00]
Event Rate: [0.92, 0.34, 0.23, 0.14, 0.28, 0.45, 0.28, 0.44, 0.14, 0.39, 0.04, 0.13, 0.99, 1.00, 0.44, 0.19, 0.44, 0.55, 0.97, 1.00]
Event Rate: [0.92, 0.34, 0.23, 0.13, 0.27, 0.43, 0.27, 0.43, 0.13, 0.38, 0.04, 0.13, 0.99, 1.00, 0.42, 0.18, 0.42, 0.53, 0.97, 1.00]
Event Rate: [0.92, 0.35, 0.24, 0.15, 0.30, 0.47, 0.29, 0.46, 0.14, 0.43, 0.04, 0.13, 0.99, 1.00, 0.46, 0.23, 0.47, 0.57, 0.97, 1.00]
Event Rate: [0.91, 0.33, 0.23, 0.14, 0.29, 0.45, 0.28, 0.45, 0.14, 0.42, 0.04, 0.13, 0.99, 1.00, 0.45, 0.23, 0.45, 0.55, 0.97, 1.00]
Event Rate: [0.92, 0.33, 0.24, 0.14, 0.28, 0.44, 0.28, 0.45, 0.14, 0.42, 0.04, 0.14, 0.99, 1.00, 0.46, 0.23, 0.44, 0.54, 0.97, 1.00]
Event Rate: [0.92, 0.32, 0.23, 0.14, 0.28, 0.43, 0.27, 0.44, 0.14, 0.39, 0.04, 0.13, 0.99, 1.00, 0.43, 0.19, 0.43, 0.53, 0.97, 1.00]
Event Rate: [0.92, 0.34, 0.24, 0.14, 0.28, 0.45, 0.28, 0.45, 0.14, 0.39, 0.04, 0.13, 0.99, 1.00, 0.43, 0.19, 0.44, 0.55, 0.97, 1.00]
Event Rate: [0.92, 0.33, 0.23, 0.13, 0.27, 0.43, 0.27, 0.43, 0.14, 0.39, 0.03, 0.13, 0.99, 1.00, 0.42, 0.19, 0.43, 0.53, 0.96, 1.00]
Event Rate: [0.92, 0.35, 0.24, 0.15, 0.30, 0.47, 0.30, 0.46, 0.15, 0.41, 0.04, 0.13, 0.99, 1.00, 0.46, 0.22, 0.46, 0.57, 0.98, 1.00]
Event Rate: [0.92, 0.33, 0.23, 0.13, 0.28, 0.44, 0.28, 0.45, 0.15, 0.40, 0.04, 0.13, 0.99, 1.00, 0.44, 0.21, 0.44, 0.54, 0.97, 1.00]
Event Rate: [0.92, 0.34, 0.24, 0.14, 0.28, 0.45, 0.29, 0.46, 0.15, 0.41, 0.04, 0.13, 0.99, 1.00, 0.45, 0.21, 0.45, 0.55, 0.98, 1.00]
Event Rate: [0.92, 0.32, 0.23, 0.13, 0.28, 0.44, 0.28, 0.46, 0.15, 0.40, 0.03, 0.13, 0.99, 1.00, 0.43, 0.20, 0.43, 0.53, 0.97, 1.00]
Event Rate: [0.92, 0.33, 0.23, 0.14, 0.29, 0.45, 0.28, 0.46, 0.15, 0.41, 0.04, 0.13, 0.99, 1.00, 0.44, 0.21, 0.44, 0.55, 0.97, 1.00]
Event Rate: [0.92, 0.33, 0.23, 0.14, 0.28, 0.44, 0.28, 0.46, 0.15, 0.41, 0.04, 0.13, 0.99, 1.00, 0.44, 0.21, 0.44, 0.54, 0.96, 1.00]
Event Rate: [0.92, 0.33, 0.23, 0.14, 0.29, 0.45, 0.29, 0.47, 0.15, 0.42, 0.04, 0.13, 0.99, 1.00, 0.45, 0.22, 0.45, 0.55, 0.97, 1.00]
Event Rate: [0.93, 0.34, 0.24, 0.15, 0.30, 0.46, 0.29, 0.48, 0.16, 0.43, 0.04, 0.13, 1.00, 1.00, 0.47, 0.24, 0.46, 0.56, 0.97, 1.00]
Event Rate: [0.92, 0.34, 0.23, 0.14, 0.29, 0.44, 0.29, 0.47, 0.16, 0.42, 0.04, 0.13, 0.99, 1.00, 0.48, 0.25, 0.45, 0.55, 0.97, 1.00]
Event Rate: [0.92, 0.34, 0.23, 0.14, 0.29, 0.44, 0.29, 0.47, 0.16, 0.42, 0.04, 0.13, 1.00, 1.00, 0.49, 0.25, 0.44, 0.55, 0.97, 1.00]
Event Rate: [0.92, 0.34, 0.24, 0.14, 0.28, 0.44, 0.28, 0.47, 0.16, 0.41, 0.04, 0.13, 1.00, 1.00, 0.48, 0.25, 0.43, 0.54, 0.97, 1.00]
Event Rate: [0.92, 0.33, 0.23, 0.14, 0.28, 0.44, 0.29, 0.49, 0.16, 0.42, 0.04, 0.13, 1.00, 1.00, 0.49, 0.26, 0.44, 0.54, 0.97, 1.00]
Event Rate: [0.92, 0.34, 0.24, 0.15, 0.31, 0.47, 0.31, 0.50, 0.17, 0.44, 0.04, 0.13, 1.00, 1.00, 0.51, 0.28, 0.46, 0.57, 0.98, 1.00]
Event Rate: [0.92, 0.32, 0.23, 0.14, 0.28, 0.44, 0.29, 0.48, 0.16, 0.43, 0.04, 0.13, 1.00, 1.00, 0.47, 0.25, 0.44, 0.54, 0.97, 1.00]
Event Rate: [0.92, 0.33, 0.24, 0.15, 0.30, 0.46, 0.30, 0.49, 0.17, 0.44, 0.04, 0.13, 1.00, 1.00, 0.49, 0.27, 0.45, 0.56, 0.97, 1.00]
Event Rate: [0.92, 0.32, 0.23, 0.13, 0.28, 0.43, 0.28, 0.47, 0.16, 0.43, 0.04, 0.13, 1.00, 1.00, 0.46, 0.24, 0.42, 0.53, 0.97, 1.00]
Event Rate: [0.92, 0.33, 0.23, 0.13, 0.28, 0.43, 0.29, 0.47, 0.16, 0.44, 0.04, 0.13, 1.00, 1.00, 0.47, 0.26, 0.43, 0.53, 0.97, 1.00]
Event Rate: [0.91, 0.33, 0.23, 0.13, 0.28, 0.43, 0.29, 0.47, 0.16, 0.44, 0.04, 0.14, 1.00, 1.00, 0.48, 0.27, 0.43, 0.53, 0.97, 1.00]
Event Rate: [0.92, 0.33, 0.23, 0.14, 0.29, 0.45, 0.30, 0.48, 0.17, 0.46, 0.04, 0.14, 1.00, 1.00, 0.50, 0.29, 0.44, 0.55, 0.97, 1.00]
Event Rate: [0.96, 0.32, 0.22, 0.14, 0.28, 0.44, 0.29, 0.46, 0.16, 0.45, 0.04, 0.13, 1.00, 1.00, 0.49, 0.29, 0.43, 0.54, 0.97, 1.00]
Event Rate: [0.96, 0.34, 0.23, 0.13, 0.28, 0.43, 0.28, 0.45, 0.16, 0.45, 0.04, 0.13, 1.00, 1.00, 0.49, 0.29, 0.42, 0.53, 0.97, 1.00]
Event Rate: [0.96, 0.33, 0.23, 0.13, 0.27, 0.42, 0.28, 0.44, 0.16, 0.45, 0.04, 0.14, 1.00, 1.00, 0.49, 0.30, 0.41, 0.52, 0.96, 1.00]
Event Rate: [0.96, 0.34, 0.24, 0.15, 0.30, 0.46, 0.31, 0.47, 0.18, 0.49, 0.04, 0.14, 1.00, 1.00, 0.54, 0.34, 0.46, 0.56, 0.98, 1.00]
Event Rate: [0.96, 0.33, 0.23, 0.14, 0.29, 0.44, 0.29, 0.45, 0.17, 0.47, 0.04, 0.14, 1.00, 1.00, 0.52, 0.33, 0.44, 0.54, 0.97, 1.00]
Event Rate: [0.96, 0.34, 0.24, 0.14, 0.30, 0.46, 0.30, 0.45, 0.18, 0.48, 0.04, 0.14, 1.00, 1.00, 0.53, 0.33, 0.45, 0.55, 0.97, 1.00]
Event Rate: [0.96, 0.33, 0.23, 0.14, 0.29, 0.44, 0.29, 0.44, 0.18, 0.48, 0.04, 0.14, 1.00, 1.00, 0.52, 0.32, 0.44, 0.54, 0.97, 1.00]
Event Rate: [0.96, 0.33, 0.23, 0.14, 0.30, 0.45, 0.30, 0.45, 0.18, 0.47, 0.04, 0.13, 1.00, 1.00, 0.51, 0.33, 0.45, 0.55, 0.97, 1.00]
Event Rate: [0.96, 0.34, 0.24, 0.15, 0.30, 0.46, 0.30, 0.45, 0.18, 0.49, 0.04, 0.14, 1.00, 1.00, 0.54, 0.34, 0.45, 0.56, 0.98, 1.00]
Event Rate: [0.96, 0.34, 0.24, 0.14, 0.30, 0.45, 0.30, 0.44, 0.18, 0.47, 0.04, 0.13, 1.00, 1.00, 0.53, 0.33, 0.44, 0.54, 0.97, 1.00]
Event Rate: [0.96, 0.35, 0.24, 0.14, 0.30, 0.45, 0.30, 0.44, 0.18, 0.47, 0.04, 0.14, 1.00, 1.00, 0.53, 0.33, 0.45, 0.55, 0.97, 1.00]
Event Rate: [0.96, 0.34, 0.24, 0.15, 0.30, 0.46, 0.31, 0.44, 0.18, 0.47, 0.04, 0.13, 1.00, 1.00, 0.53, 0.33, 0.45, 0.55, 0.97, 1.00]
Event Rate: [0.96, 0.34, 0.23, 0.14, 0.30, 0.45, 0.30, 0.43, 0.18, 0.46, 0.04, 0.13, 1.00, 1.00, 0.52, 0.33, 0.45, 0.55, 0.98, 1.00]
Event Rate: [0.95, 0.33, 0.23, 0.14, 0.29, 0.45, 0.30, 0.43, 0.18, 0.46, 0.04, 0.13, 1.00, 1.00, 0.53, 0.33, 0.44, 0.54, 0.97, 1.00]
Event Rate: [0.95, 0.34, 0.24, 0.15, 0.31, 0.46, 0.31, 0.44, 0.18, 0.47, 0.04, 0.13, 1.00, 1.00, 0.53, 0.34, 0.45, 0.55, 0.98, 1.00]
Event Rate: [0.96, 0.35, 0.25, 0.15, 0.31, 0.47, 0.31, 0.45, 0.19, 0.48, 0.04, 0.13, 1.00, 1.00, 0.54, 0.35, 0.46, 0.56, 0.98, 1.00]
Event Rate: [0.96, 0.34, 0.23, 0.14, 0.29, 0.44, 0.30, 0.43, 0.18, 0.46, 0.04, 0.13, 1.00, 1.00, 0.51, 0.32, 0.44, 0.54, 0.98, 1.00]
Event Rate: [0.96, 0.32, 0.23, 0.14, 0.29, 0.44, 0.30, 0.42, 0.18, 0.46, 0.04, 0.13, 1.00, 1.00, 0.50, 0.32, 0.44, 0.53, 0.97, 1.00]
Event Rate: [0.96, 0.33, 0.23, 0.15, 0.30, 0.45, 0.30, 0.43, 0.18, 0.46, 0.04, 0.13, 1.00, 1.00, 0.51, 0.32, 0.45, 0.54, 0.97, 1.00]
Event Rate: [0.96, 0.34, 0.22, 0.13, 0.29, 0.45, 0.30, 0.43, 0.18, 0.47, 0.04, 0.13, 1.00, 1.00, 0.52, 0.33, 0.44, 0.54, 0.98, 1.00]
Event Rate: [0.96, 0.32, 0.22, 0.13, 0.29, 0.44, 0.30, 0.43, 0.18, 0.46, 0.04, 0.13, 1.00, 1.00, 0.51, 0.32, 0.43, 0.53, 0.97, 1.00]
Event Rate: [0.95, 0.33, 0.22, 0.13, 0.29, 0.44, 0.30, 0.43, 0.18, 0.47, 0.04, 0.13, 1.00, 1.00, 0.52, 0.33, 0.43, 0.53, 0.97, 1.00]
Event Rate: [0.96, 0.32, 0.23, 0.14, 0.30, 0.46, 0.32, 0.44, 0.19, 0.48, 0.04, 0.14, 1.00, 1.00, 0.54, 0.35, 0.45, 0.54, 0.98, 1.00]
Event Rate: [0.96, 0.33, 0.24, 0.15, 0.31, 0.47, 0.32, 0.45, 0.19, 0.48, 0.04, 0.13, 1.00, 1.00, 0.54, 0.35, 0.46, 0.56, 0.98, 1.00]
Event Rate: [0.96, 0.32, 0.23, 0.15, 0.31, 0.46, 0.32, 0.44, 0.19, 0.48, 0.04, 0.13, 1.00, 1.00, 0.52, 0.34, 0.46, 0.55, 0.98, 1.00]
Event Rate: [0.96, 0.33, 0.23, 0.15, 0.31, 0.47, 0.32, 0.45, 0.19, 0.49, 0.04, 0.13, 1.00, 1.00, 0.53, 0.34, 0.47, 0.56, 0.98, 1.00]
Event Rate: [0.96, 0.32, 0.23, 0.15, 0.31, 0.46, 0.32, 0.44, 0.19, 0.48, 0.04, 0.13, 1.00, 1.00, 0.52, 0.34, 0.45, 0.54, 0.97, 1.00]
Event Rate: [0.96, 0.32, 0.24, 0.15, 0.31, 0.47, 0.32, 0.45, 0.19, 0.49, 0.04, 0.13, 1.00, 1.00, 0.53, 0.36, 0.47, 0.56, 0.98, 1.00]
Event Rate: [0.96, 0.33, 0.23, 0.15, 0.31, 0.46, 0.32, 0.44, 0.19, 0.49, 0.04, 0.13, 1.00, 1.00, 0.53, 0.36, 0.46, 0.55, 0.98, 1.00]
Event Rate: [0.96, 0.32, 0.23, 0.15, 0.31, 0.47, 0.32, 0.44, 0.19, 0.50, 0.04, 0.14, 1.00, 1.00, 0.53, 0.36, 0.47, 0.55, 0.98, 1.00]
Event Rate: [0.96, 0.32, 0.23, 0.14, 0.30, 0.45, 0.32, 0.44, 0.19, 0.49, 0.04, 0.13, 1.00, 1.00, 0.53, 0.36, 0.46, 0.54, 0.98, 1.00]
Event Rate: [0.96, 0.32, 0.23, 0.15, 0.31, 0.46, 0.32, 0.44, 0.19, 0.50, 0.04, 0.13, 1.00, 1.00, 0.52, 0.36, 0.46, 0.55, 0.98, 1.00]
Event Rate: [0.96, 0.34, 0.23, 0.14, 0.30, 0.46, 0.32, 0.44, 0.19, 0.49, 0.04, 0.13, 1.00, 1.00, 0.53, 0.36, 0.46, 0.55, 0.98, 1.00]
Event Rate: [0.96, 0.32, 0.23, 0.15, 0.30, 0.45, 0.31, 0.44, 0.19, 0.48, 0.04, 0.13, 1.00, 1.00, 0.52, 0.36, 0.45, 0.54, 0.97, 1.00]
Event Rate: [0.96, 0.33, 0.23, 0.15, 0.31, 0.47, 0.32, 0.45, 0.20, 0.49, 0.04, 0.13, 1.00, 1.00, 0.54, 0.38, 0.47, 0.56, 0.98, 1.00]
Event Rate: [0.96, 0.34, 0.24, 0.15, 0.32, 0.47, 0.33, 0.45, 0.20, 0.49, 0.04, 0.14, 1.00, 1.00, 0.54, 0.38, 0.47, 0.56, 0.98, 1.00]
Event Rate: [0.96, 0.32, 0.23, 0.15, 0.31, 0.46, 0.32, 0.44, 0.19, 0.48, 0.04, 0.14, 1.00, 1.00, 0.53, 0.37, 0.46, 0.55, 0.98, 1.00]
Event Rate: [0.96, 0.33, 0.24, 0.15, 0.31, 0.47, 0.33, 0.44, 0.20, 0.49, 0.04, 0.14, 1.00, 1.00, 0.55, 0.37, 0.47, 0.56, 0.98, 1.00]
Event Rate: [0.96, 0.32, 0.24, 0.16, 0.32, 0.47, 0.33, 0.45, 0.20, 0.49, 0.04, 0.14, 1.00, 1.00, 0.56, 0.39, 0.47, 0.56, 0.98, 1.00]
Event Rate: [0.95, 0.33, 0.24, 0.15, 0.31, 0.46, 0.32, 0.44, 0.20, 0.47, 0.04, 0.14, 1.00, 1.00, 0.55, 0.37, 0.46, 0.54, 0.97, 1.00]
Event Rate: [0.96, 0.33, 0.24, 0.15, 0.31, 0.46, 0.32, 0.44, 0.20, 0.47, 0.04, 0.14, 1.00, 1.00, 0.54, 0.37, 0.46, 0.55, 0.98, 1.00]
Event Rate: [0.96, 0.33, 0.24, 0.15, 0.32, 0.48, 0.33, 0.45, 0.20, 0.48, 0.04, 0.14, 1.00, 1.00, 0.54, 0.37, 0.47, 0.56, 0.98, 1.00]
Event Rate: [0.96, 0.33, 0.23, 0.14, 0.30, 0.46, 0.32, 0.44, 0.20, 0.46, 0.04, 0.14, 1.00, 1.00, 0.53, 0.36, 0.45, 0.54, 0.98, 1.00]
Event Rate: [0.96, 0.33, 0.23, 0.14, 0.30, 0.45, 0.32, 0.44, 0.20, 0.46, 0.04, 0.14, 1.00, 1.00, 0.54, 0.37, 0.46, 0.54, 0.97, 1.00]
Event Rate: [0.96, 0.34, 0.24, 0.15, 0.31, 0.46, 0.33, 0.44, 0.20, 0.47, 0.04, 0.14, 1.00, 1.00, 0.54, 0.38, 0.46, 0.55, 0.97, 1.00]
Event Rate: [0.96, 0.33, 0.23, 0.15, 0.31, 0.46, 0.32, 0.44, 0.20, 0.46, 0.04, 0.13, 1.00, 1.00, 0.53, 0.36, 0.45, 0.54, 0.97, 1.00]
Event Rate: [0.96, 0.32, 0.22, 0.13, 0.28, 0.42, 0.30, 0.42, 0.19, 0.45, 0.04, 0.14, 1.00, 1.00, 0.50, 0.33, 0.42, 0.51, 0.97, 1.00]
Event Rate: [0.96, 0.34, 0.23, 0.14, 0.30, 0.45, 0.32, 0.44, 0.20, 0.47, 0.04, 0.14, 1.00, 1.00, 0.52, 0.34, 0.44, 0.54, 0.98, 1.00]
Event Rate: [0.96, 0.33, 0.23, 0.14, 0.31, 0.46, 0.32, 0.44, 0.20, 0.47, 0.04, 0.14, 1.00, 1.00, 0.53, 0.35, 0.46, 0.55, 0.98, 1.00]
Event Rate: [0.96, 0.32, 0.22, 0.14, 0.30, 0.45, 0.32, 0.44, 0.20, 0.46, 0.04, 0.14, 1.00, 1.00, 0.53, 0.35, 0.45, 0.54, 0.98, 1.00]
Event Rate: [0.96, 0.33, 0.24, 0.15, 0.31, 0.45, 0.32, 0.44, 0.20, 0.47, 0.04, 0.14, 1.00, 1.00, 0.53, 0.36, 0.45, 0.54, 0.97, 1.00]
Event Rate: [0.96, 0.32, 0.24, 0.15, 0.31, 0.45, 0.32, 0.44, 0.20, 0.46, 0.04, 0.14, 1.00, 1.00, 0.52, 0.36, 0.45, 0.54, 0.97, 1.00]
Event Rate: [0.96, 0.33, 0.24, 0.15, 0.32, 0.47, 0.33, 0.45, 0.20, 0.48, 0.04, 0.14, 1.00, 1.00, 0.53, 0.37, 0.47, 0.56, 0.97, 1.00]
Event Rate: [0.95, 0.31, 0.22, 0.14, 0.30, 0.44, 0.31, 0.43, 0.20, 0.47, 0.04, 0.14, 1.00, 1.00, 0.50, 0.34, 0.44, 0.53, 0.97, 1.00]
Event Rate: [0.96, 0.32, 0.24, 0.15, 0.31, 0.45, 0.32, 0.44, 0.20, 0.47, 0.04, 0.14, 1.00, 1.00, 0.50, 0.35, 0.45, 0.54, 0.97, 1.00]
Event Rate: [0.96, 0.31, 0.22, 0.14, 0.30, 0.44, 0.31, 0.43, 0.20, 0.46, 0.04, 0.14, 1.00, 1.00, 0.49, 0.32, 0.43, 0.53, 0.97, 1.00]
Event Rate: [0.96, 0.33, 0.24, 0.15, 0.31, 0.47, 0.33, 0.45, 0.20, 0.47, 0.04, 0.14, 1.00, 1.00, 0.51, 0.34, 0.47, 0.56, 0.98, 1.00]
Event Rate: [0.96, 0.32, 0.23, 0.14, 0.29, 0.44, 0.31, 0.43, 0.20, 0.46, 0.04, 0.14, 1.00, 1.00, 0.49, 0.33, 0.43, 0.53, 0.97, 1.00]
Event Rate: [0.96, 0.31, 0.23, 0.15, 0.31, 0.46, 0.33, 0.45, 0.21, 0.48, 0.04, 0.14, 1.00, 1.00, 0.53, 0.36, 0.46, 0.56, 0.98, 1.00]
Event Rate: [0.96, 0.31, 0.23, 0.14, 0.31, 0.46, 0.33, 0.45, 0.21, 0.46, 0.04, 0.14, 1.00, 1.00, 0.52, 0.36, 0.46, 0.55, 0.98, 1.00]
Event Rate: [0.96, 0.31, 0.23, 0.14, 0.31, 0.47, 0.33, 0.45, 0.21, 0.47, 0.04, 0.14, 1.00, 1.00, 0.53, 0.36, 0.46, 0.55, 0.98, 1.00]
Event Rate: [0.95, 0.31, 0.22, 0.14, 0.30, 0.45, 0.32, 0.44, 0.20, 0.46, 0.04, 0.14, 1.00, 1.00, 0.51, 0.35, 0.45, 0.54, 0.97, 1.00]
Event Rate: [0.96, 0.31, 0.23, 0.14, 0.31, 0.46, 0.32, 0.44, 0.21, 0.47, 0.04, 0.14, 1.00, 1.00, 0.51, 0.36, 0.45, 0.55, 0.98, 1.00]
Event Rate: [0.96, 0.31, 0.23, 0.14, 0.31, 0.46, 0.33, 0.44, 0.21, 0.47, 0.04, 0.14, 1.00, 1.00, 0.51, 0.36, 0.46, 0.55, 0.98, 1.00]
Event Rate: [0.96, 0.31, 0.23, 0.15, 0.31, 0.46, 0.32, 0.43, 0.20, 0.47, 0.04, 0.14, 1.00, 1.00, 0.50, 0.35, 0.45, 0.55, 0.97, 1.00]
Event Rate: [0.96, 0.32, 0.23, 0.15, 0.32, 0.47, 0.33, 0.45, 0.21, 0.47, 0.04, 0.14, 1.00, 1.00, 0.51, 0.36, 0.47, 0.56, 0.98, 1.00]
Event Rate: [0.96, 0.30, 0.22, 0.15, 0.31, 0.46, 0.33, 0.44, 0.21, 0.47, 0.04, 0.14, 1.00, 1.00, 0.51, 0.35, 0.45, 0.55, 0.98, 1.00]
Event Rate: [0.96, 0.31, 0.23, 0.15, 0.31, 0.46, 0.33, 0.44, 0.21, 0.47, 0.04, 0.14, 1.00, 1.00, 0.51, 0.36, 0.46, 0.55, 0.98, 1.00]
Event Rate: [0.96, 0.32, 0.23, 0.15, 0.32, 0.47, 0.33, 0.44, 0.21, 0.47, 0.04, 0.14, 1.00, 1.00, 0.51, 0.35, 0.47, 0.56, 0.98, 1.00]
Event Rate: [0.96, 0.32, 0.23, 0.15, 0.32, 0.47, 0.33, 0.44, 0.21, 0.47, 0.04, 0.14, 1.00, 1.00, 0.51, 0.36, 0.47, 0.56, 0.98, 1.00]
Event Rate: [0.96, 0.32, 0.22, 0.15, 0.31, 0.46, 0.33, 0.44, 0.21, 0.47, 0.04, 0.14, 1.00, 1.00, 0.51, 0.35, 0.46, 0.55, 0.98, 1.00]
Event Rate: [0.96, 0.31, 0.22, 0.15, 0.31, 0.45, 0.33, 0.44, 0.21, 0.47, 0.04, 0.14, 1.00, 1.00, 0.51, 0.35, 0.45, 0.55, 0.98, 1.00]
Event Rate: [0.96, 0.31, 0.22, 0.15, 0.31, 0.46, 0.33, 0.44, 0.21, 0.46, 0.04, 0.14, 1.00, 1.00, 0.51, 0.35, 0.46, 0.55, 0.98, 1.00]
Event Rate: [0.96, 0.30, 0.22, 0.14, 0.31, 0.45, 0.32, 0.44, 0.21, 0.46, 0.04, 0.14, 1.00, 1.00, 0.50, 0.34, 0.45, 0.54, 0.97, 1.00]
Event Rate: [0.96, 0.31, 0.22, 0.14, 0.31, 0.46, 0.33, 0.45, 0.21, 0.47, 0.04, 0.14, 1.00, 1.00, 0.52, 0.36, 0.46, 0.55, 0.98, 1.00]
Event Rate: [0.96, 0.32, 0.23, 0.15, 0.32, 0.47, 0.34, 0.45, 0.22, 0.48, 0.04, 0.14, 1.00, 1.00, 0.53, 0.37, 0.47, 0.55, 0.98, 1.00]
Event Rate: [0.96, 0.31, 0.23, 0.15, 0.32, 0.46, 0.33, 0.44, 0.21, 0.47, 0.04, 0.14, 1.00, 1.00, 0.52, 0.36, 0.46, 0.54, 0.98, 1.00]
Event Rate: [0.96, 0.31, 0.22, 0.14, 0.31, 0.46, 0.33, 0.44, 0.21, 0.46, 0.04, 0.14, 1.00, 1.00, 0.51, 0.35, 0.45, 0.54, 0.97, 1.00]
Event Rate: [0.96, 0.32, 0.23, 0.15, 0.32, 0.47, 0.34, 0.44, 0.21, 0.47, 0.04, 0.14, 1.00, 1.00, 0.52, 0.37, 0.47, 0.55, 0.98, 1.00]
Event Rate: [0.96, 0.32, 0.23, 0.16, 0.33, 0.47, 0.34, 0.44, 0.22, 0.47, 0.04, 0.14, 1.00, 1.00, 0.52, 0.37, 0.47, 0.56, 0.98, 1.00]
Event Rate: [0.96, 0.32, 0.22, 0.15, 0.32, 0.47, 0.34, 0.44, 0.22, 0.48, 0.04, 0.14, 1.00, 1.00, 0.52, 0.37, 0.47, 0.56, 0.98, 1.00]
Event Rate: [0.96, 0.33, 0.23, 0.16, 0.33, 0.48, 0.34, 0.45, 0.22, 0.48, 0.04, 0.14, 1.00, 1.00, 0.52, 0.38, 0.48, 0.57, 0.98, 1.00]
Event Rate: [0.96, 0.32, 0.23, 0.16, 0.33, 0.47, 0.34, 0.45, 0.22, 0.48, 0.04, 0.15, 1.00, 1.00, 0.52, 0.38, 0.47, 0.56, 0.98, 1.00]
Event Rate: [0.96, 0.33, 0.24, 0.16, 0.34, 0.48, 0.35, 0.45, 0.22, 0.48, 0.04, 0.15, 1.00, 1.00, 0.52, 0.39, 0.49, 0.57, 0.98, 1.00]
Event Rate: [0.96, 0.32, 0.23, 0.16, 0.33, 0.47, 0.34, 0.44, 0.22, 0.48, 0.04, 0.15, 1.00, 1.00, 0.51, 0.38, 0.47, 0.55, 0.98, 1.00]
Event Rate: [0.96, 0.32, 0.24, 0.16, 0.34, 0.48, 0.35, 0.45, 0.22, 0.48, 0.04, 0.15, 1.00, 1.00, 0.51, 0.38, 0.48, 0.56, 0.98, 1.00]
Event Rate: [0.96, 0.32, 0.23, 0.16, 0.33, 0.47, 0.34, 0.45, 0.22, 0.48, 0.04, 0.15, 1.00, 1.00, 0.51, 0.38, 0.47, 0.56, 0.98, 1.00]
Event Rate: [0.96, 0.31, 0.23, 0.16, 0.33, 0.47, 0.34, 0.45, 0.23, 0.48, 0.04, 0.15, 1.00, 1.00, 0.51, 0.37, 0.47, 0.55, 0.98, 1.00]
Event Rate: [0.95, 0.32, 0.23, 0.15, 0.32, 0.46, 0.33, 0.44, 0.22, 0.47, 0.04, 0.15, 1.00, 1.00, 0.50, 0.37, 0.46, 0.54, 0.98, 1.00]
Event Rate: [0.95, 0.33, 0.23, 0.16, 0.34, 0.48, 0.35, 0.46, 0.23, 0.48, 0.04, 0.15, 1.00, 1.00, 0.52, 0.39, 0.48, 0.56, 0.98, 1.00]
Event Rate: [0.96, 0.34, 0.24, 0.16, 0.34, 0.49, 0.35, 0.46, 0.23, 0.48, 0.04, 0.15, 1.00, 1.00, 0.52, 0.38, 0.49, 0.57, 0.98, 1.00]
Event Rate: [0.96, 0.32, 0.23, 0.15, 0.33, 0.47, 0.34, 0.45, 0.23, 0.48, 0.04, 0.15, 1.00, 1.00, 0.52, 0.38, 0.47, 0.55, 0.98, 1.00]
Event Rate: [0.96, 0.33, 0.23, 0.16, 0.34, 0.48, 0.35, 0.45, 0.23, 0.48, 0.04, 0.15, 1.00, 1.00, 0.52, 0.38, 0.48, 0.56, 0.98, 1.00]
Event Rate: [0.96, 0.32, 0.23, 0.16, 0.33, 0.47, 0.34, 0.45, 0.23, 0.48, 0.04, 0.15, 1.00, 1.00, 0.52, 0.38, 0.47, 0.55, 0.98, 1.00]
Event Rate: [0.96, 0.32, 0.23, 0.16, 0.33, 0.48, 0.34, 0.45, 0.24, 0.48, 0.04, 0.15, 1.00, 1.00, 0.52, 0.39, 0.47, 0.55, 0.98, 1.00]
Event Rate: [0.96, 0.33, 0.24, 0.17, 0.35, 0.49, 0.35, 0.46, 0.24, 0.49, 0.04, 0.15, 1.00, 1.00, 0.53, 0.39, 0.49, 0.57, 0.98, 1.00]
Event Rate: [0.96, 0.33, 0.24, 0.16, 0.34, 0.49, 0.35, 0.46, 0.24, 0.49, 0.04, 0.15, 1.00, 1.00, 0.53, 0.39, 0.48, 0.56, 0.98, 1.00]
Event Rate: [0.96, 0.32, 0.23, 0.16, 0.34, 0.48, 0.35, 0.45, 0.24, 0.48, 0.04, 0.15, 1.00, 1.00, 0.52, 0.38, 0.48, 0.56, 0.98, 1.00]
Event Rate: [0.96, 0.33, 0.23, 0.17, 0.35, 0.49, 0.35, 0.45, 0.24, 0.49, 0.04, 0.15, 1.00, 1.00, 0.53, 0.39, 0.48, 0.56, 0.98, 1.00]
Event Rate: [0.96, 0.32, 0.23, 0.16, 0.33, 0.48, 0.34, 0.45, 0.24, 0.49, 0.04, 0.15, 1.00, 1.00, 0.53, 0.39, 0.48, 0.56, 0.98, 1.00]
Event Rate: [0.96, 0.32, 0.23, 0.17, 0.34, 0.48, 0.35, 0.45, 0.24, 0.49, 0.04, 0.15, 1.00, 1.00, 0.53, 0.40, 0.48, 0.56, 0.98, 1.00]
Event Rate: [0.96, 0.33, 0.24, 0.17, 0.35, 0.49, 0.35, 0.46, 0.24, 0.49, 0.04, 0.15, 1.00, 1.00, 0.54, 0.40, 0.49, 0.57, 0.98, 1.00]
Event Rate: [0.96, 0.33, 0.24, 0.17, 0.35, 0.50, 0.35, 0.46, 0.24, 0.50, 0.04, 0.15, 1.00, 1.00, 0.53, 0.40, 0.49, 0.57, 0.98, 1.00]
Event Rate: [0.96, 0.32, 0.22, 0.16, 0.33, 0.47, 0.34, 0.45, 0.24, 0.49, 0.04, 0.15, 1.00, 1.00, 0.53, 0.39, 0.47, 0.55, 0.98, 1.00]
Event Rate: [0.96, 0.32, 0.23, 0.16, 0.33, 0.47, 0.34, 0.44, 0.24, 0.48, 0.04, 0.15, 1.00, 1.00, 0.52, 0.38, 0.47, 0.55, 0.98, 1.00]
Event Rate: [0.96, 0.31, 0.21, 0.15, 0.32, 0.46, 0.33, 0.44, 0.23, 0.47, 0.04, 0.15, 1.00, 1.00, 0.52, 0.37, 0.46, 0.54, 0.98, 1.00]
Event Rate: [0.96, 0.32, 0.23, 0.16, 0.34, 0.48, 0.34, 0.45, 0.24, 0.48, 0.04, 0.15, 1.00, 1.00, 0.53, 0.39, 0.48, 0.55, 0.98, 1.00]
Event Rate: [0.95, 0.31, 0.22, 0.16, 0.34, 0.48, 0.35, 0.45, 0.24, 0.49, 0.04, 0.15, 1.00, 1.00, 0.54, 0.39, 0.48, 0.56, 0.98, 1.00]
Event Rate: [0.95, 0.31, 0.22, 0.16, 0.33, 0.47, 0.34, 0.44, 0.24, 0.48, 0.04, 0.15, 1.00, 1.00, 0.52, 0.38, 0.46, 0.54, 0.98, 1.00]
Event Rate: [0.96, 0.31, 0.22, 0.16, 0.33, 0.48, 0.34, 0.45, 0.24, 0.49, 0.04, 0.15, 1.00, 1.00, 0.53, 0.39, 0.48, 0.55, 0.98, 1.00]
Event Rate: [0.96, 0.32, 0.23, 0.17, 0.35, 0.49, 0.35, 0.45, 0.25, 0.49, 0.04, 0.15, 1.00, 1.00, 0.54, 0.39, 0.49, 0.56, 0.98, 1.00]
Event Rate: [0.96, 0.32, 0.23, 0.17, 0.34, 0.49, 0.35, 0.45, 0.25, 0.49, 0.04, 0.16, 1.00, 1.00, 0.54, 0.40, 0.48, 0.56, 0.98, 1.00]
Event Rate: [0.96, 0.33, 0.23, 0.17, 0.35, 0.50, 0.36, 0.46, 0.25, 0.50, 0.04, 0.16, 1.00, 1.00, 0.54, 0.40, 0.49, 0.57, 0.99, 1.00]
Event Rate: [0.96, 0.32, 0.23, 0.17, 0.35, 0.49, 0.35, 0.46, 0.25, 0.49, 0.04, 0.16, 1.00, 1.00, 0.54, 0.40, 0.49, 0.56, 0.99, 1.00]
Event Rate: [0.96, 0.32, 0.23, 0.18, 0.35, 0.50, 0.36, 0.46, 0.25, 0.50, 0.04, 0.16, 1.00, 1.00, 0.54, 0.41, 0.49, 0.57, 0.98, 1.00]
Event Rate: [0.96, 0.31, 0.22, 0.16, 0.34, 0.48, 0.35, 0.45, 0.25, 0.50, 0.04, 0.16, 1.00, 1.00, 0.54, 0.39, 0.48, 0.56, 0.98, 1.00]
Event Rate: [0.96, 0.32, 0.23, 0.17, 0.34, 0.49, 0.35, 0.45, 0.25, 0.50, 0.04, 0.16, 1.00, 1.00, 0.53, 0.39, 0.48, 0.56, 0.98, 1.00]
Event Rate: [0.96, 0.33, 0.23, 0.17, 0.35, 0.49, 0.35, 0.45, 0.25, 0.49, 0.04, 0.16, 1.00, 1.00, 0.54, 0.39, 0.48, 0.56, 0.98, 1.00]
Event Rate: [0.96, 0.33, 0.23, 0.17, 0.35, 0.51, 0.36, 0.46, 0.25, 0.50, 0.04, 0.16, 1.00, 1.00, 0.54, 0.40, 0.50, 0.57, 0.99, 1.00]
Event Rate: [0.95, 0.32, 0.22, 0.16, 0.34, 0.49, 0.35, 0.45, 0.25, 0.48, 0.04, 0.15, 1.00, 1.00, 0.53, 0.39, 0.48, 0.56, 0.98, 1.00]
Event Rate: [0.95, 0.32, 0.23, 0.17, 0.35, 0.49, 0.35, 0.45, 0.25, 0.49, 0.04, 0.15, 1.00, 1.00, 0.53, 0.39, 0.48, 0.56, 0.98, 1.00]
Event Rate: [0.96, 0.33, 0.23, 0.17, 0.35, 0.49, 0.35, 0.45, 0.25, 0.49, 0.04, 0.16, 1.00, 1.00, 0.53, 0.39, 0.49, 0.56, 0.98, 1.00]
Event Rate: [0.96, 0.33, 0.24, 0.18, 0.36, 0.51, 0.36, 0.46, 0.25, 0.50, 0.04, 0.16, 1.00, 1.00, 0.55, 0.40, 0.50, 0.58, 0.98, 1.00]
Event Rate: [0.96, 0.32, 0.23, 0.17, 0.35, 0.49, 0.35, 0.45, 0.25, 0.49, 0.04, 0.16, 1.00, 1.00, 0.54, 0.39, 0.49, 0.57, 0.98, 1.00]
Event Rate: [0.96, 0.32, 0.23, 0.17, 0.35, 0.49, 0.35, 0.45, 0.25, 0.49, 0.04, 0.16, 1.00, 1.00, 0.53, 0.39, 0.49, 0.57, 0.98, 1.00]
Event Rate: [0.96, 0.33, 0.23, 0.18, 0.36, 0.50, 0.36, 0.46, 0.25, 0.50, 0.04, 0.16, 1.00, 1.00, 0.54, 0.40, 0.49, 0.57, 0.99, 1.00]
Event Rate: [0.96, 0.33, 0.23, 0.18, 0.36, 0.50, 0.36, 0.45, 0.25, 0.49, 0.04, 0.16, 1.00, 1.00, 0.54, 0.40, 0.49, 0.57, 0.98, 1.00]
Event Rate: [0.96, 0.32, 0.23, 0.18, 0.35, 0.50, 0.36, 0.45, 0.25, 0.49, 0.04, 0.16, 1.00, 1.00, 0.54, 0.40, 0.49, 0.57, 0.98, 1.00]
Event Rate: [0.95, 0.33, 0.23, 0.17, 0.35, 0.49, 0.35, 0.44, 0.25, 0.49, 0.04, 0.16, 1.00, 1.00, 0.53, 0.38, 0.48, 0.56, 0.98, 1.00]
Event Rate: [0.96, 0.33, 0.23, 0.17, 0.35, 0.49, 0.35, 0.44, 0.25, 0.49, 0.04, 0.16, 1.00, 1.00, 0.53, 0.38, 0.48, 0.56, 0.98, 1.00]
Event Rate: [0.96, 0.33, 0.23, 0.17, 0.36, 0.50, 0.36, 0.45, 0.25, 0.49, 0.04, 0.16, 1.00, 1.00, 0.54, 0.38, 0.49, 0.57, 0.98, 1.00]
Event Rate: [0.96, 0.32, 0.23, 0.18, 0.36, 0.50, 0.36, 0.45, 0.25, 0.49, 0.04, 0.16, 1.00, 1.00, 0.54, 0.39, 0.49, 0.56, 0.98, 1.00]
Event Rate: [0.96, 0.32, 0.22, 0.17, 0.34, 0.49, 0.35, 0.44, 0.25, 0.49, 0.04, 0.16, 1.00, 1.00, 0.53, 0.39, 0.48, 0.55, 0.98, 1.00]
Event Rate: [0.95, 0.33, 0.23, 0.17, 0.35, 0.49, 0.35, 0.44, 0.25, 0.49, 0.04, 0.16, 1.00, 1.00, 0.53, 0.39, 0.48, 0.56, 0.98, 1.00]
Event Rate: [0.96, 0.31, 0.22, 0.17, 0.34, 0.48, 0.35, 0.44, 0.25, 0.49, 0.04, 0.16, 1.00, 1.00, 0.53, 0.38, 0.47, 0.55, 0.98, 1.00]
Event Rate: [0.96, 0.32, 0.23, 0.17, 0.35, 0.49, 0.35, 0.44, 0.25, 0.49, 0.04, 0.16, 1.00, 1.00, 0.54, 0.39, 0.48, 0.56, 0.99, 1.00]
Event Rate: [0.96, 0.32, 0.23, 0.17, 0.35, 0.49, 0.35, 0.44, 0.25, 0.49, 0.04, 0.16, 1.00, 1.00, 0.54, 0.39, 0.48, 0.56, 0.99, 1.00]
Event Rate: [0.96, 0.32, 0.23, 0.18, 0.37, 0.51, 0.37, 0.45, 0.25, 0.49, 0.04, 0.16, 1.00, 1.00, 0.54, 0.40, 0.50, 0.58, 0.98, 1.00]
Event Rate: [0.96, 0.32, 0.23, 0.17, 0.36, 0.50, 0.36, 0.45, 0.25, 0.49, 0.04, 0.16, 1.00, 1.00, 0.54, 0.39, 0.49, 0.56, 0.98, 1.00]
Event Rate: [0.96, 0.33, 0.24, 0.18, 0.36, 0.50, 0.36, 0.45, 0.25, 0.49, 0.04, 0.16, 1.00, 1.00, 0.54, 0.40, 0.50, 0.57, 0.99, 1.00]
Event Rate: [0.96, 0.32, 0.23, 0.18, 0.36, 0.50, 0.36, 0.45, 0.25, 0.49, 0.04, 0.16, 1.00, 1.00, 0.54, 0.39, 0.49, 0.57, 0.99, 1.00]
Event Rate: [0.96, 0.32, 0.23, 0.18, 0.36, 0.50, 0.36, 0.45, 0.25, 0.49, 0.04, 0.16, 1.00, 1.00, 0.54, 0.40, 0.49, 0.57, 0.98, 1.00]
Event Rate: [0.96, 0.32, 0.23, 0.18, 0.36, 0.50, 0.36, 0.45, 0.25, 0.49, 0.04, 0.16, 1.00, 1.00, 0.53, 0.40, 0.49, 0.57, 0.98, 1.00]
Event Rate: [0.96, 0.32, 0.23, 0.17, 0.35, 0.49, 0.35, 0.43, 0.25, 0.49, 0.04, 0.16, 1.00, 1.00, 0.52, 0.39, 0.48, 0.56, 0.98, 1.00]
Event Rate: [0.96, 0.32, 0.22, 0.17, 0.35, 0.49, 0.35, 0.44, 0.25, 0.49, 0.04, 0.16, 1.00, 1.00, 0.53, 0.39, 0.48, 0.56, 0.98, 1.00]
Event Rate: [0.96, 0.32, 0.23, 0.18, 0.36, 0.50, 0.36, 0.45, 0.25, 0.49, 0.04, 0.16, 1.00, 1.00, 0.54, 0.40, 0.50, 0.57, 0.98, 1.00]
Event Rate: [0.96, 0.33, 0.23, 0.18, 0.36, 0.50, 0.36, 0.45, 0.26, 0.49, 0.04, 0.16, 1.00, 1.00, 0.55, 0.41, 0.49, 0.57, 0.99, 1.00]
Event Rate: [0.95, 0.32, 0.23, 0.18, 0.36, 0.49, 0.36, 0.44, 0.25, 0.49, 0.04, 0.16, 1.00, 1.00, 0.54, 0.40, 0.49, 0.56, 0.99, 1.00]
Event Rate: [0.96, 0.33, 0.23, 0.18, 0.36, 0.50, 0.36, 0.44, 0.25, 0.49, 0.04, 0.16, 1.00, 1.00, 0.54, 0.40, 0.49, 0.57, 0.98, 1.00]
Event Rate: [0.96, 0.32, 0.24, 0.18, 0.37, 0.50, 0.36, 0.45, 0.26, 0.49, 0.04, 0.16, 1.00, 1.00, 0.55, 0.40, 0.50, 0.58, 0.99, 1.00]
Event Rate: [0.96, 0.32, 0.23, 0.18, 0.36, 0.50, 0.36, 0.45, 0.25, 0.49, 0.04, 0.16, 1.00, 1.00, 0.54, 0.39, 0.49, 0.57, 0.98, 1.00]
Event Rate: [0.96, 0.31, 0.23, 0.17, 0.36, 0.49, 0.35, 0.44, 0.25, 0.49, 0.04, 0.16, 1.00, 1.00, 0.53, 0.39, 0.48, 0.56, 0.98, 1.00]
Event Rate: [0.95, 0.32, 0.23, 0.17, 0.36, 0.49, 0.36, 0.44, 0.26, 0.49, 0.04, 0.16, 1.00, 1.00, 0.53, 0.40, 0.49, 0.57, 0.98, 1.00]
Event Rate: [0.96, 0.32, 0.23, 0.18, 0.37, 0.50, 0.36, 0.45, 0.26, 0.49, 0.04, 0.16, 1.00, 1.00, 0.54, 0.40, 0.50, 0.57, 0.98, 1.00]
Event Rate: [0.96, 0.32, 0.23, 0.18, 0.36, 0.50, 0.36, 0.45, 0.26, 0.49, 0.04, 0.16, 1.00, 1.00, 0.54, 0.40, 0.49, 0.57, 0.99, 1.00]
Event Rate: [0.96, 0.32, 0.24, 0.18, 0.36, 0.50, 0.36, 0.45, 0.26, 0.49, 0.04, 0.16, 1.00, 1.00, 0.54, 0.40, 0.49, 0.57, 0.99, 1.00]
Event Rate: [0.95, 0.33, 0.25, 0.19, 0.38, 0.52, 0.37, 0.46, 0.26, 0.50, 0.04, 0.16, 1.00, 1.00, 0.54, 0.40, 0.51, 0.58, 0.99, 1.00]
Event Rate: [0.96, 0.33, 0.24, 0.18, 0.37, 0.51, 0.37, 0.46, 0.26, 0.50, 0.04, 0.16, 1.00, 1.00, 0.55, 0.40, 0.50, 0.58, 0.98, 1.00]
Event Rate: [0.96, 0.32, 0.23, 0.18, 0.36, 0.50, 0.36, 0.45, 0.26, 0.50, 0.04, 0.16, 1.00, 1.00, 0.54, 0.39, 0.49, 0.57, 0.99, 1.00]
Event Rate: [0.95, 0.33, 0.24, 0.18, 0.37, 0.51, 0.36, 0.45, 0.26, 0.50, 0.04, 0.16, 1.00, 1.00, 0.54, 0.40, 0.50, 0.57, 0.99, 1.00]
Event Rate: [0.96, 0.31, 0.23, 0.17, 0.35, 0.49, 0.35, 0.45, 0.26, 0.50, 0.04, 0.16, 1.00, 1.00, 0.53, 0.40, 0.48, 0.55, 0.98, 1.00]
Event Rate: [0.96, 0.32, 0.23, 0.18, 0.37, 0.50, 0.37, 0.45, 0.26, 0.50, 0.04, 0.16, 1.00, 1.00, 0.54, 0.41, 0.49, 0.57, 0.99, 1.00]
Event Rate: [0.96, 0.32, 0.23, 0.18, 0.36, 0.50, 0.36, 0.45, 0.26, 0.50, 0.04, 0.16, 1.00, 1.00, 0.54, 0.40, 0.49, 0.57, 0.99, 1.00]
Event Rate: [0.96, 0.33, 0.24, 0.19, 0.37, 0.51, 0.37, 0.45, 0.26, 0.50, 0.04, 0.16, 1.00, 1.00, 0.54, 0.41, 0.50, 0.57, 0.99, 1.00]
Event Rate: [0.96, 0.32, 0.24, 0.19, 0.37, 0.51, 0.37, 0.46, 0.26, 0.50, 0.04, 0.16, 1.00, 1.00, 0.54, 0.41, 0.50, 0.58, 0.99, 1.00]
Event Rate: [0.96, 0.32, 0.24, 0.19, 0.37, 0.51, 0.37, 0.46, 0.26, 0.50, 0.04, 0.16, 1.00, 1.00, 0.54, 0.41, 0.50, 0.58, 0.99, 1.00]
Event Rate: [0.95, 0.31, 0.23, 0.17, 0.35, 0.49, 0.36, 0.45, 0.26, 0.50, 0.04, 0.16, 1.00, 1.00, 0.54, 0.39, 0.49, 0.57, 0.98, 1.00]
Event Rate: [0.96, 0.32, 0.24, 0.19, 0.37, 0.50, 0.37, 0.46, 0.26, 0.50, 0.04, 0.16, 1.00, 1.00, 0.54, 0.40, 0.50, 0.57, 0.99, 1.00]
Event Rate: [0.96, 0.33, 0.24, 0.19, 0.37, 0.50, 0.37, 0.46, 0.27, 0.51, 0.04, 0.16, 1.00, 1.00, 0.55, 0.41, 0.50, 0.58, 0.99, 1.00]
Event Rate: [0.95, 0.33, 0.24, 0.18, 0.37, 0.50, 0.36, 0.45, 0.26, 0.50, 0.04, 0.16, 1.00, 1.00, 0.54, 0.40, 0.49, 0.56, 0.98, 1.00]
Event Rate: [0.96, 0.33, 0.24, 0.19, 0.37, 0.51, 0.37, 0.46, 0.27, 0.51, 0.04, 0.16, 1.00, 1.00, 0.55, 0.41, 0.50, 0.58, 0.99, 1.00]
Event Rate: [0.96, 0.32, 0.23, 0.18, 0.36, 0.50, 0.36, 0.45, 0.26, 0.50, 0.04, 0.16, 1.00, 1.00, 0.54, 0.39, 0.49, 0.56, 0.99, 1.00]
Event Rate: [0.95, 0.33, 0.24, 0.19, 0.38, 0.51, 0.37, 0.46, 0.27, 0.50, 0.04, 0.16, 1.00, 1.00, 0.54, 0.40, 0.50, 0.58, 0.99, 1.00]
Event Rate: [0.96, 0.32, 0.24, 0.18, 0.37, 0.50, 0.37, 0.46, 0.26, 0.50, 0.04, 0.16, 1.00, 1.00, 0.54, 0.39, 0.49, 0.57, 0.98, 1.00]
Event Rate: [0.96, 0.33, 0.24, 0.18, 0.37, 0.50, 0.37, 0.46, 0.27, 0.50, 0.04, 0.16, 1.00, 1.00, 0.54, 0.40, 0.49, 0.57, 0.98, 1.00]
Event Rate: [0.96, 0.33, 0.24, 0.18, 0.37, 0.51, 0.37, 0.46, 0.27, 0.50, 0.04, 0.16, 1.00, 1.00, 0.54, 0.40, 0.50, 0.57, 0.99, 1.00]
Event Rate: [0.96, 0.34, 0.25, 0.19, 0.38, 0.52, 0.38, 0.46, 0.27, 0.50, 0.04, 0.16, 1.00, 1.00, 0.54, 0.40, 0.51, 0.58, 0.99, 1.00]
Event Rate: [0.96, 0.32, 0.24, 0.18, 0.37, 0.50, 0.37, 0.46, 0.27, 0.50, 0.04, 0.16, 1.00, 1.00, 0.54, 0.40, 0.49, 0.57, 0.99, 1.00]
Event Rate: [0.95, 0.33, 0.24, 0.18, 0.37, 0.51, 0.37, 0.46, 0.27, 0.50, 0.04, 0.16, 1.00, 1.00, 0.54, 0.40, 0.50, 0.57, 0.99, 1.00]
Event Rate: [0.96, 0.32, 0.23, 0.18, 0.37, 0.50, 0.37, 0.46, 0.27, 0.50, 0.04, 0.16, 1.00, 1.00, 0.54, 0.40, 0.49, 0.57, 0.99, 1.00]
Event Rate: [0.96, 0.33, 0.24, 0.19, 0.37, 0.51, 0.37, 0.46, 0.27, 0.50, 0.04, 0.16, 1.00, 1.00, 0.54, 0.40, 0.50, 0.57, 0.99, 1.00]
Event Rate: [0.96, 0.33, 0.24, 0.19, 0.38, 0.51, 0.38, 0.46, 0.27, 0.50, 0.04, 0.16, 1.00, 1.00, 0.54, 0.40, 0.50, 0.58, 0.98, 1.00]
Event Rate: [0.96, 0.32, 0.24, 0.19, 0.37, 0.51, 0.37, 0.46, 0.27, 0.50, 0.04, 0.16, 1.00, 1.00, 0.55, 0.41, 0.50, 0.57, 0.98, 1.00]
Event Rate: [0.96, 0.32, 0.23, 0.18, 0.36, 0.50, 0.36, 0.45, 0.27, 0.50, 0.04, 0.16, 1.00, 1.00, 0.54, 0.40, 0.49, 0.56, 0.99, 1.00]
Event Rate: [0.96, 0.33, 0.24, 0.19, 0.37, 0.51, 0.37, 0.46, 0.27, 0.50, 0.04, 0.16, 1.00, 1.00, 0.54, 0.40, 0.50, 0.57, 0.99, 1.00]
Event Rate: [0.95, 0.33, 0.23, 0.18, 0.37, 0.50, 0.37, 0.45, 0.27, 0.50, 0.04, 0.16, 1.00, 1.00, 0.54, 0.40, 0.49, 0.57, 0.98, 1.00]
Event Rate: [0.96, 0.33, 0.24, 0.19, 0.37, 0.51, 0.37, 0.46, 0.27, 0.50, 0.04, 0.16, 1.00, 1.00, 0.54, 0.40, 0.50, 0.58, 0.99, 1.00]
Event Rate: [0.96, 0.34, 0.25, 0.19, 0.39, 0.52, 0.38, 0.47, 0.27, 0.51, 0.05, 0.16, 1.00, 1.00, 0.56, 0.41, 0.51, 0.59, 0.99, 1.00]
Event Rate: [0.96, 0.34, 0.24, 0.19, 0.38, 0.52, 0.38, 0.47, 0.27, 0.51, 0.05, 0.16, 1.00, 1.00, 0.55, 0.41, 0.51, 0.58, 0.99, 1.00]
Event Rate: [0.96, 0.34, 0.24, 0.19, 0.38, 0.52, 0.38, 0.47, 0.27, 0.51, 0.05, 0.16, 1.00, 1.00, 0.56, 0.42, 0.51, 0.59, 0.99, 1.00]
Event Rate: [0.96, 0.34, 0.25, 0.20, 0.39, 0.52, 0.38, 0.46, 0.27, 0.51, 0.04, 0.16, 1.00, 1.00, 0.55, 0.41, 0.51, 0.58, 0.99, 1.00]
Event Rate: [0.96, 0.33, 0.24, 0.19, 0.37, 0.51, 0.37, 0.46, 0.27, 0.51, 0.05, 0.17, 1.00, 1.00, 0.55, 0.41, 0.50, 0.57, 0.98, 1.00]
Event Rate: [0.96, 0.33, 0.24, 0.19, 0.38, 0.51, 0.37, 0.46, 0.27, 0.51, 0.04, 0.16, 1.00, 1.00, 0.55, 0.41, 0.50, 0.58, 0.99, 1.00]
Event Rate: [0.96, 0.34, 0.25, 0.20, 0.39, 0.52, 0.38, 0.47, 0.27, 0.51, 0.05, 0.16, 1.00, 1.00, 0.55, 0.41, 0.51, 0.59, 0.99, 1.00]
Event Rate: [0.96, 0.33, 0.24, 0.19, 0.37, 0.51, 0.37, 0.46, 0.27, 0.51, 0.05, 0.16, 1.00, 1.00, 0.55, 0.41, 0.50, 0.57, 0.99, 1.00]
Event Rate: [0.96, 0.34, 0.25, 0.19, 0.39, 0.52, 0.38, 0.47, 0.27, 0.51, 0.04, 0.16, 1.00, 1.00, 0.55, 0.41, 0.51, 0.59, 0.99, 1.00]
Event Rate: [0.96, 0.33, 0.24, 0.19, 0.37, 0.51, 0.37, 0.46, 0.27, 0.50, 0.04, 0.16, 1.00, 1.00, 0.55, 0.40, 0.50, 0.58, 0.99, 1.00]
Event Rate: [0.96, 0.33, 0.24, 0.19, 0.38, 0.51, 0.37, 0.46, 0.27, 0.50, 0.04, 0.16, 1.00, 1.00, 0.55, 0.40, 0.50, 0.58, 0.99, 1.00]
Event Rate: [0.96, 0.33, 0.23, 0.19, 0.37, 0.51, 0.37, 0.46, 0.27, 0.50, 0.04, 0.16, 1.00, 1.00, 0.55, 0.40, 0.49, 0.57, 0.99, 1.00]
Event Rate: [0.96, 0.33, 0.23, 0.19, 0.38, 0.51, 0.37, 0.46, 0.27, 0.50, 0.04, 0.16, 1.00, 1.00, 0.55, 0.40, 0.50, 0.58, 0.99, 1.00]
Event Rate: [0.95, 0.33, 0.23, 0.18, 0.37, 0.50, 0.37, 0.46, 0.27, 0.50, 0.04, 0.16, 1.00, 1.00, 0.54, 0.39, 0.49, 0.57, 0.98, 1.00]
Event Rate: [0.96, 0.33, 0.24, 0.19, 0.38, 0.52, 0.38, 0.47, 0.27, 0.51, 0.04, 0.16, 1.00, 1.00, 0.55, 0.40, 0.50, 0.58, 0.99, 1.00]
Event Rate: [0.96, 0.33, 0.24, 0.19, 0.38, 0.52, 0.38, 0.47, 0.27, 0.51, 0.05, 0.16, 1.00, 1.00, 0.56, 0.41, 0.51, 0.58, 0.99, 1.00]
Event Rate: [0.96, 0.33, 0.24, 0.19, 0.38, 0.51, 0.37, 0.46, 0.27, 0.50, 0.05, 0.16, 1.00, 1.00, 0.54, 0.40, 0.49, 0.57, 0.98, 1.00]
Event Rate: [0.96, 0.34, 0.24, 0.19, 0.38, 0.51, 0.38, 0.46, 0.27, 0.50, 0.04, 0.16, 1.00, 1.00, 0.55, 0.40, 0.50, 0.57, 0.98, 1.00]
Event Rate: [0.96, 0.33, 0.24, 0.19, 0.38, 0.52, 0.38, 0.47, 0.27, 0.51, 0.04, 0.16, 1.00, 1.00, 0.55, 0.40, 0.51, 0.58, 0.99, 1.00]
Event Rate: [0.96, 0.32, 0.23, 0.19, 0.38, 0.51, 0.37, 0.46, 0.27, 0.51, 0.04, 0.16, 1.00, 1.00, 0.54, 0.39, 0.49, 0.57, 0.99, 1.00]
Event Rate: [0.95, 0.33, 0.24, 0.19, 0.37, 0.51, 0.37, 0.46, 0.27, 0.51, 0.04, 0.16, 1.00, 1.00, 0.54, 0.39, 0.49, 0.57, 0.99, 1.00]
Event Rate: [0.96, 0.32, 0.23, 0.18, 0.37, 0.50, 0.37, 0.46, 0.27, 0.50, 0.04, 0.16, 1.00, 1.00, 0.54, 0.39, 0.49, 0.57, 0.98, 1.00]
Event Rate: [0.96, 0.33, 0.24, 0.19, 0.38, 0.52, 0.38, 0.47, 0.27, 0.51, 0.04, 0.16, 1.00, 1.00, 0.55, 0.40, 0.51, 0.58, 0.99, 1.00]
Event Rate: [0.96, 0.33, 0.25, 0.20, 0.39, 0.52, 0.38, 0.47, 0.27, 0.51, 0.04, 0.16, 1.00, 1.00, 0.55, 0.40, 0.51, 0.58, 0.99, 1.00]
Event Rate: [0.95, 0.33, 0.24, 0.19, 0.38, 0.52, 0.38, 0.46, 0.27, 0.50, 0.04, 0.16, 1.00, 1.00, 0.54, 0.40, 0.50, 0.58, 0.99, 1.00]
Event Rate: [0.95, 0.33, 0.24, 0.19, 0.38, 0.51, 0.37, 0.46, 0.27, 0.50, 0.04, 0.16, 1.00, 1.00, 0.54, 0.39, 0.50, 0.57, 0.99, 1.00]
Event Rate: [0.96, 0.33, 0.24, 0.19, 0.38, 0.52, 0.38, 0.47, 0.27, 0.51, 0.05, 0.16, 1.00, 1.00, 0.55, 0.40, 0.51, 0.58, 0.99, 1.00]
Event Rate: [0.96, 0.33, 0.24, 0.19, 0.38, 0.51, 0.38, 0.46, 0.27, 0.50, 0.04, 0.16, 1.00, 1.00, 0.55, 0.40, 0.50, 0.58, 0.99, 1.00]
Event Rate: [0.96, 0.33, 0.24, 0.19, 0.38, 0.51, 0.38, 0.46, 0.27, 0.50, 0.04, 0.16, 1.00, 1.00, 0.55, 0.40, 0.50, 0.57, 0.98, 1.00]
Event Rate: [0.95, 0.33, 0.24, 0.19, 0.37, 0.51, 0.38, 0.46, 0.27, 0.50, 0.04, 0.16, 1.00, 1.00, 0.54, 0.40, 0.49, 0.57, 0.99, 1.00]
Event Rate: [0.96, 0.33, 0.24, 0.19, 0.37, 0.51, 0.37, 0.46, 0.27, 0.50, 0.04, 0.16, 1.00, 1.00, 0.55, 0.40, 0.50, 0.57, 0.99, 1.00]
Event Rate: [0.96, 0.34, 0.24, 0.19, 0.38, 0.52, 0.38, 0.47, 0.28, 0.50, 0.05, 0.16, 1.00, 1.00, 0.55, 0.41, 0.51, 0.58, 0.99, 1.00]
Event Rate: [0.96, 0.32, 0.23, 0.19, 0.37, 0.50, 0.37, 0.46, 0.27, 0.50, 0.05, 0.16, 1.00, 1.00, 0.54, 0.39, 0.49, 0.57, 0.98, 1.00]
Event Rate: [0.96, 0.33, 0.24, 0.19, 0.38, 0.51, 0.38, 0.47, 0.27, 0.50, 0.05, 0.16, 1.00, 1.00, 0.55, 0.40, 0.50, 0.58, 0.99, 1.00]
Event Rate: [0.96, 0.33, 0.24, 0.19, 0.38, 0.52, 0.38, 0.47, 0.27, 0.51, 0.05, 0.16, 1.00, 1.00, 0.55, 0.40, 0.50, 0.58, 0.99, 1.00]
Event Rate: [0.96, 0.33, 0.24, 0.19, 0.38, 0.51, 0.38, 0.47, 0.28, 0.50, 0.05, 0.16, 1.00, 1.00, 0.55, 0.40, 0.50, 0.57, 0.99, 1.00]
Event Rate: [0.96, 0.33, 0.24, 0.19, 0.39, 0.52, 0.39, 0.47, 0.28, 0.51, 0.05, 0.16, 1.00, 1.00, 0.55, 0.41, 0.51, 0.59, 0.99, 1.00]
Event Rate: [0.96, 0.34, 0.25, 0.20, 0.39, 0.53, 0.39, 0.48, 0.28, 0.51, 0.05, 0.16, 1.00, 1.00, 0.56, 0.41, 0.52, 0.59, 0.99, 1.00]
Event Rate: [0.96, 0.34, 0.25, 0.20, 0.39, 0.52, 0.39, 0.47, 0.28, 0.51, 0.05, 0.17, 1.00, 1.00, 0.56, 0.41, 0.52, 0.59, 0.99, 1.00]
Event Rate: [0.95, 0.33, 0.24, 0.19, 0.38, 0.52, 0.38, 0.47, 0.27, 0.51, 0.05, 0.16, 1.00, 1.00, 0.55, 0.41, 0.51, 0.58, 0.99, 1.00]
Event Rate: [0.95, 0.33, 0.25, 0.20, 0.39, 0.52, 0.39, 0.47, 0.28, 0.50, 0.05, 0.16, 1.00, 1.00, 0.55, 0.41, 0.51, 0.58, 0.99, 1.00]
Event Rate: [0.95, 0.33, 0.24, 0.19, 0.39, 0.52, 0.39, 0.47, 0.27, 0.50, 0.05, 0.16, 1.00, 1.00, 0.55, 0.40, 0.51, 0.58, 0.99, 1.00]
Event Rate: [0.96, 0.33, 0.24, 0.19, 0.38, 0.52, 0.38, 0.47, 0.28, 0.51, 0.05, 0.16, 1.00, 1.00, 0.56, 0.40, 0.51, 0.58, 0.99, 1.00]
Event Rate: [0.95, 0.32, 0.23, 0.19, 0.37, 0.51, 0.37, 0.46, 0.27, 0.50, 0.05, 0.16, 1.00, 1.00, 0.54, 0.39, 0.49, 0.57, 0.98, 1.00]
Event Rate: [0.96, 0.33, 0.24, 0.19, 0.38, 0.51, 0.38, 0.46, 0.27, 0.50, 0.05, 0.16, 1.00, 1.00, 0.55, 0.40, 0.50, 0.58, 0.99, 1.00]
Event Rate: [0.95, 0.32, 0.23, 0.18, 0.37, 0.50, 0.37, 0.46, 0.27, 0.50, 0.05, 0.16, 1.00, 1.00, 0.54, 0.40, 0.49, 0.57, 0.98, 1.00]
Event Rate: [0.96, 0.34, 0.25, 0.20, 0.39, 0.53, 0.39, 0.47, 0.28, 0.50, 0.05, 0.16, 1.00, 1.00, 0.55, 0.41, 0.51, 0.59, 0.99, 1.00]
Event Rate: [0.96, 0.33, 0.24, 0.19, 0.38, 0.51, 0.38, 0.46, 0.28, 0.50, 0.05, 0.16, 1.00, 1.00, 0.55, 0.41, 0.50, 0.58, 0.99, 1.00]
Event Rate: [0.96, 0.34, 0.25, 0.21, 0.40, 0.53, 0.39, 0.47, 0.28, 0.51, 0.05, 0.16, 1.00, 1.00, 0.56, 0.42, 0.52, 0.59, 0.99, 1.00]
Event Rate: [0.96, 0.32, 0.24, 0.19, 0.38, 0.51, 0.37, 0.46, 0.27, 0.50, 0.04, 0.16, 1.00, 1.00, 0.54, 0.40, 0.50, 0.57, 0.99, 1.00]
Event Rate: [0.96, 0.33, 0.24, 0.20, 0.39, 0.52, 0.38, 0.47, 0.28, 0.50, 0.05, 0.16, 1.00, 1.00, 0.55, 0.41, 0.51, 0.58, 0.99, 1.00]
Event Rate: [0.95, 0.33, 0.24, 0.19, 0.38, 0.52, 0.38, 0.47, 0.28, 0.51, 0.05, 0.16, 1.00, 1.00, 0.55, 0.41, 0.50, 0.58, 0.99, 1.00]
Event Rate: [0.96, 0.34, 0.25, 0.20, 0.39, 0.52, 0.39, 0.47, 0.28, 0.51, 0.05, 0.16, 1.00, 1.00, 0.56, 0.41, 0.51, 0.58, 0.99, 1.00]
Event Rate: [0.96, 0.34, 0.25, 0.20, 0.39, 0.53, 0.39, 0.47, 0.28, 0.51, 0.05, 0.16, 1.00, 1.00, 0.56, 0.41, 0.51, 0.59, 0.99, 1.00]
Event Rate: [0.96, 0.32, 0.23, 0.19, 0.37, 0.50, 0.37, 0.46, 0.27, 0.50, 0.05, 0.16, 1.00, 1.00, 0.54, 0.40, 0.49, 0.57, 0.99, 1.00]
Event Rate: [0.96, 0.34, 0.25, 0.20, 0.39, 0.52, 0.39, 0.47, 0.28, 0.51, 0.05, 0.16, 1.00, 1.00, 0.56, 0.41, 0.51, 0.58, 0.99, 1.00]
Event Rate: [0.96, 0.34, 0.24, 0.20, 0.39, 0.52, 0.39, 0.47, 0.28, 0.51, 0.05, 0.16, 1.00, 1.00, 0.55, 0.41, 0.51, 0.58, 0.99, 1.00]
Event Rate: [0.96, 0.33, 0.24, 0.19, 0.37, 0.51, 0.38, 0.46, 0.27, 0.50, 0.05, 0.16, 1.00, 1.00, 0.55, 0.40, 0.50, 0.57, 0.99, 1.00]
Event Rate: [0.95, 0.33, 0.24, 0.19, 0.38, 0.51, 0.38, 0.47, 0.28, 0.51, 0.05, 0.16, 1.00, 1.00, 0.55, 0.40, 0.50, 0.58, 0.98, 1.00]
Event Rate: [0.95, 0.34, 0.24, 0.19, 0.38, 0.52, 0.38, 0.47, 0.28, 0.51, 0.05, 0.16, 1.00, 1.00, 0.55, 0.41, 0.51, 0.58, 0.99, 1.00]
Event Rate: [0.96, 0.33, 0.24, 0.19, 0.39, 0.52, 0.38, 0.47, 0.28, 0.51, 0.05, 0.16, 1.00, 1.00, 0.55, 0.40, 0.51, 0.58, 0.99, 1.00]
Event Rate: [0.96, 0.33, 0.25, 0.20, 0.39, 0.52, 0.39, 0.47, 0.28, 0.50, 0.05, 0.16, 1.00, 1.00, 0.55, 0.40, 0.51, 0.58, 0.99, 1.00]
Event Rate: [0.95, 0.33, 0.24, 0.19, 0.38, 0.52, 0.38, 0.47, 0.28, 0.50, 0.05, 0.16, 1.00, 1.00, 0.55, 0.41, 0.51, 0.58, 0.99, 1.00]
Event Rate: [0.96, 0.33, 0.24, 0.20, 0.38, 0.52, 0.39, 0.47, 0.28, 0.51, 0.05, 0.16, 1.00, 1.00, 0.56, 0.41, 0.51, 0.59, 0.99, 1.00]
Event Rate: [0.96, 0.34, 0.25, 0.20, 0.39, 0.52, 0.39, 0.47, 0.28, 0.50, 0.05, 0.16, 1.00, 1.00, 0.56, 0.41, 0.51, 0.59, 0.99, 1.00]
Event Rate: [0.96, 0.33, 0.24, 0.19, 0.38, 0.52, 0.39, 0.47, 0.28, 0.51, 0.05, 0.16, 1.00, 1.00, 0.56, 0.41, 0.51, 0.58, 0.99, 1.00]
Event Rate: [0.96, 0.33, 0.24, 0.19, 0.38, 0.51, 0.38, 0.46, 0.27, 0.50, 0.05, 0.16, 1.00, 1.00, 0.55, 0.40, 0.50, 0.57, 0.99, 1.00]
Event Rate: [0.96, 0.34, 0.25, 0.20, 0.39, 0.53, 0.39, 0.48, 0.28, 0.51, 0.05, 0.16, 1.00, 1.00, 0.56, 0.41, 0.51, 0.59, 0.99, 1.00]
Event Rate: [0.96, 0.33, 0.24, 0.19, 0.38, 0.52, 0.38, 0.47, 0.27, 0.50, 0.05, 0.16, 1.00, 1.00, 0.55, 0.40, 0.50, 0.58, 0.99, 1.00]
Event Rate: [0.96, 0.32, 0.24, 0.19, 0.37, 0.51, 0.37, 0.46, 0.27, 0.50, 0.04, 0.16, 1.00, 1.00, 0.54, 0.40, 0.49, 0.57, 0.99, 1.00]
Event Rate: [0.96, 0.34, 0.24, 0.20, 0.39, 0.52, 0.39, 0.47, 0.28, 0.51, 0.05, 0.16, 1.00, 1.00, 0.56, 0.41, 0.51, 0.59, 0.99, 1.00]
Event Rate: [0.96, 0.32, 0.23, 0.18, 0.36, 0.50, 0.37, 0.46, 0.27, 0.50, 0.05, 0.16, 1.00, 1.00, 0.55, 0.40, 0.49, 0.57, 0.99, 1.00]
Event Rate: [0.96, 0.33, 0.24, 0.20, 0.39, 0.52, 0.39, 0.47, 0.28, 0.51, 0.05, 0.16, 1.00, 1.00, 0.56, 0.41, 0.51, 0.59, 0.99, 1.00]
Event Rate: [0.96, 0.33, 0.24, 0.19, 0.38, 0.51, 0.38, 0.47, 0.28, 0.50, 0.05, 0.16, 1.00, 1.00, 0.55, 0.40, 0.50, 0.57, 0.99, 1.00]
Event Rate: [0.95, 0.33, 0.24, 0.19, 0.38, 0.52, 0.38, 0.47, 0.28, 0.51, 0.05, 0.16, 1.00, 1.00, 0.56, 0.41, 0.51, 0.58, 0.99, 1.00]
Event Rate: [0.96, 0.33, 0.24, 0.20, 0.38, 0.52, 0.38, 0.47, 0.28, 0.51, 0.05, 0.16, 1.00, 1.00, 0.55, 0.41, 0.51, 0.58, 0.99, 1.00]
Event Rate: [0.95, 0.33, 0.24, 0.19, 0.38, 0.52, 0.38, 0.47, 0.28, 0.51, 0.05, 0.16, 1.00, 1.00, 0.56, 0.41, 0.51, 0.58, 0.99, 1.00]
Event Rate: [0.96, 0.34, 0.25, 0.20, 0.39, 0.52, 0.38, 0.47, 0.28, 0.51, 0.05, 0.16, 1.00, 1.00, 0.55, 0.41, 0.51, 0.58, 0.98, 1.00]
Event Rate: [0.96, 0.33, 0.24, 0.20, 0.38, 0.52, 0.38, 0.47, 0.28, 0.50, 0.05, 0.16, 1.00, 1.00, 0.55, 0.41, 0.51, 0.58, 0.99, 1.00]
Event Rate: [0.96, 0.33, 0.24, 0.19, 0.38, 0.51, 0.38, 0.46, 0.28, 0.50, 0.05, 0.16, 1.00, 1.00, 0.55, 0.41, 0.50, 0.57, 0.99, 1.00]
Event Rate: [0.96, 0.34, 0.25, 0.20, 0.39, 0.53, 0.39, 0.47, 0.28, 0.51, 0.05, 0.16, 1.00, 1.00, 0.56, 0.41, 0.51, 0.59, 0.99, 1.00]
Event Rate: [0.96, 0.34, 0.25, 0.20, 0.38, 0.52, 0.39, 0.47, 0.28, 0.51, 0.05, 0.16, 1.00, 1.00, 0.56, 0.41, 0.51, 0.58, 0.99, 1.00]
Event Rate: [0.95, 0.33, 0.24, 0.19, 0.37, 0.51, 0.38, 0.46, 0.27, 0.50, 0.05, 0.16, 1.00, 1.00, 0.55, 0.40, 0.50, 0.57, 0.98, 1.00]
Event Rate: [0.96, 0.33, 0.24, 0.19, 0.38, 0.51, 0.38, 0.46, 0.27, 0.50, 0.05, 0.16, 1.00, 1.00, 0.55, 0.40, 0.50, 0.57, 0.98, 1.00]
Event Rate: [0.96, 0.34, 0.25, 0.20, 0.39, 0.53, 0.39, 0.47, 0.28, 0.51, 0.05, 0.16, 1.00, 1.00, 0.56, 0.42, 0.52, 0.59, 0.99, 1.00]
Event Rate: [0.96, 0.33, 0.24, 0.19, 0.38, 0.51, 0.38, 0.46, 0.28, 0.51, 0.05, 0.16, 1.00, 1.00, 0.55, 0.40, 0.50, 0.58, 0.99, 1.00]
Event Rate: [0.96, 0.34, 0.24, 0.19, 0.38, 0.52, 0.38, 0.47, 0.28, 0.51, 0.05, 0.16, 1.00, 1.00, 0.55, 0.41, 0.51, 0.58, 0.99, 1.00]
Event Rate: [0.96, 0.33, 0.24, 0.20, 0.38, 0.52, 0.38, 0.47, 0.28, 0.51, 0.05, 0.16, 1.00, 1.00, 0.55, 0.41, 0.51, 0.58, 0.99, 1.00]
Event Rate: [0.96, 0.34, 0.25, 0.20, 0.39, 0.53, 0.39, 0.47, 0.28, 0.51, 0.05, 0.16, 1.00, 1.00, 0.55, 0.41, 0.51, 0.59, 0.99, 1.00]
Event Rate: [0.96, 0.33, 0.25, 0.20, 0.38, 0.52, 0.38, 0.47, 0.28, 0.51, 0.05, 0.16, 1.00, 1.00, 0.56, 0.41, 0.51, 0.58, 0.99, 1.00]
Event Rate: [0.96, 0.33, 0.25, 0.20, 0.38, 0.52, 0.38, 0.47, 0.27, 0.51, 0.05, 0.16, 1.00, 1.00, 0.55, 0.41, 0.51, 0.58, 0.99, 1.00]
Event Rate: [0.96, 0.33, 0.25, 0.20, 0.39, 0.52, 0.39, 0.47, 0.28, 0.51, 0.05, 0.16, 1.00, 1.00, 0.56, 0.41, 0.51, 0.58, 0.99, 1.00]
Event Rate: [0.96, 0.34, 0.25, 0.20, 0.39, 0.53, 0.39, 0.47, 0.28, 0.51, 0.05, 0.16, 1.00, 1.00, 0.56, 0.41, 0.52, 0.59, 0.99, 1.00]
Event Rate: [0.95, 0.33, 0.24, 0.19, 0.37, 0.51, 0.38, 0.46, 0.27, 0.51, 0.05, 0.16, 1.00, 1.00, 0.55, 0.40, 0.50, 0.57, 0.99, 1.00]
Event Rate: [0.96, 0.34, 0.25, 0.20, 0.39, 0.53, 0.39, 0.47, 0.28, 0.51, 0.05, 0.16, 1.00, 1.00, 0.55, 0.41, 0.51, 0.59, 0.99, 1.00]
Event Rate: [0.96, 0.34, 0.25, 0.20, 0.38, 0.52, 0.39, 0.47, 0.28, 0.51, 0.05, 0.16, 1.00, 1.00, 0.55, 0.40, 0.51, 0.59, 0.99, 1.00]
Event Rate: [0.95, 0.34, 0.25, 0.19, 0.38, 0.52, 0.39, 0.47, 0.28, 0.51, 0.05, 0.16, 1.00, 1.00, 0.55, 0.41, 0.51, 0.59, 0.99, 1.00]
Event Rate: [0.96, 0.33, 0.24, 0.20, 0.38, 0.51, 0.38, 0.47, 0.28, 0.50, 0.05, 0.16, 1.00, 1.00, 0.55, 0.41, 0.50, 0.57, 0.99, 1.00]
Event Rate: [0.96, 0.34, 0.25, 0.20, 0.39, 0.52, 0.39, 0.47, 0.28, 0.50, 0.05, 0.16, 1.00, 1.00, 0.55, 0.40, 0.51, 0.58, 0.99, 1.00]
Event Rate: [0.95, 0.32, 0.24, 0.19, 0.38, 0.51, 0.38, 0.47, 0.28, 0.50, 0.05, 0.16, 1.00, 1.00, 0.55, 0.41, 0.50, 0.57, 0.98, 1.00]
Event Rate: [0.96, 0.34, 0.25, 0.20, 0.39, 0.52, 0.39, 0.47, 0.28, 0.51, 0.05, 0.16, 1.00, 1.00, 0.56, 0.41, 0.51, 0.58, 0.99, 1.00]
Event Rate: [0.95, 0.33, 0.25, 0.20, 0.38, 0.52, 0.38, 0.47, 0.28, 0.51, 0.05, 0.16, 1.00, 1.00, 0.55, 0.41, 0.51, 0.58, 0.99, 1.00]
Event Rate: [0.96, 0.33, 0.24, 0.20, 0.39, 0.52, 0.38, 0.47, 0.28, 0.51, 0.05, 0.16, 1.00, 1.00, 0.55, 0.41, 0.51, 0.58, 0.99, 1.00]
Event Rate: [0.96, 0.35, 0.26, 0.20, 0.40, 0.53, 0.39, 0.47, 0.28, 0.51, 0.05, 0.16, 1.00, 1.00, 0.56, 0.41, 0.52, 0.60, 0.99, 1.00]
Event Rate: [0.96, 0.34, 0.25, 0.20, 0.38, 0.52, 0.39, 0.47, 0.28, 0.51, 0.05, 0.17, 1.00, 1.00, 0.56, 0.41, 0.51, 0.59, 0.99, 1.00]
Event Rate: [0.95, 0.34, 0.25, 0.20, 0.39, 0.53, 0.39, 0.47, 0.28, 0.51, 0.05, 0.16, 1.00, 1.00, 0.55, 0.41, 0.51, 0.58, 0.99, 1.00]
Event Rate: [0.96, 0.33, 0.24, 0.19, 0.38, 0.51, 0.38, 0.47, 0.28, 0.50, 0.05, 0.16, 1.00, 1.00, 0.55, 0.41, 0.50, 0.57, 0.98, 1.00]
Event Rate: [0.96, 0.34, 0.24, 0.19, 0.38, 0.52, 0.39, 0.47, 0.28, 0.51, 0.05, 0.17, 1.00, 1.00, 0.56, 0.41, 0.51, 0.58, 0.99, 1.00]
Event Rate: [0.96, 0.34, 0.24, 0.19, 0.38, 0.52, 0.39, 0.47, 0.28, 0.51, 0.05, 0.16, 1.00, 1.00, 0.56, 0.41, 0.51, 0.58, 0.99, 1.00]
Event Rate: [0.96, 0.32, 0.24, 0.19, 0.37, 0.50, 0.38, 0.46, 0.27, 0.50, 0.05, 0.16, 1.00, 1.00, 0.55, 0.40, 0.49, 0.57, 0.98, 1.00]
Event Rate: [0.95, 0.33, 0.24, 0.19, 0.38, 0.51, 0.38, 0.46, 0.28, 0.50, 0.05, 0.16, 1.00, 1.00, 0.55, 0.41, 0.50, 0.57, 0.98, 1.00]
Event Rate: [0.96, 0.34, 0.25, 0.20, 0.39, 0.52, 0.39, 0.47, 0.28, 0.51, 0.05, 0.16, 1.00, 1.00, 0.56, 0.41, 0.51, 0.59, 0.99, 1.00]
Event Rate: [0.96, 0.33, 0.24, 0.19, 0.38, 0.51, 0.38, 0.46, 0.28, 0.50, 0.05, 0.16, 1.00, 1.00, 0.55, 0.40, 0.50, 0.57, 0.99, 1.00]
Event Rate: [0.96, 0.34, 0.25, 0.20, 0.39, 0.53, 0.39, 0.47, 0.28, 0.51, 0.05, 0.16, 1.00, 1.00, 0.56, 0.41, 0.51, 0.59, 0.99, 1.00]
Event Rate: [0.95, 0.33, 0.24, 0.19, 0.38, 0.52, 0.38, 0.47, 0.28, 0.51, 0.05, 0.16, 1.00, 1.00, 0.55, 0.41, 0.50, 0.58, 0.99, 1.00]
Event Rate: [0.96, 0.35, 0.26, 0.21, 0.40, 0.54, 0.40, 0.48, 0.28, 0.51, 0.05, 0.17, 1.00, 1.00, 0.56, 0.42, 0.52, 0.59, 0.99, 1.00]
Event Rate: [0.96, 0.32, 0.24, 0.19, 0.37, 0.51, 0.38, 0.46, 0.28, 0.50, 0.05, 0.17, 1.00, 1.00, 0.55, 0.40, 0.50, 0.57, 0.99, 1.00]
Event Rate: [0.96, 0.33, 0.24, 0.19, 0.38, 0.51, 0.38, 0.46, 0.28, 0.51, 0.05, 0.17, 1.00, 1.00, 0.55, 0.40, 0.50, 0.58, 0.99, 1.00]
Event Rate: [0.96, 0.34, 0.25, 0.20, 0.39, 0.52, 0.39, 0.47, 0.28, 0.51, 0.05, 0.17, 1.00, 1.00, 0.55, 0.41, 0.51, 0.59, 0.99, 1.00]
Event Rate: [0.96, 0.34, 0.25, 0.20, 0.39, 0.52, 0.39, 0.47, 0.28, 0.51, 0.05, 0.17, 1.00, 1.00, 0.56, 0.41, 0.51, 0.59, 0.99, 1.00]
Event Rate: [0.96, 0.33, 0.24, 0.19, 0.37, 0.51, 0.38, 0.46, 0.27, 0.50, 0.05, 0.16, 1.00, 1.00, 0.55, 0.40, 0.50, 0.58, 0.99, 1.00]
Event Rate: [0.96, 0.34, 0.24, 0.19, 0.38, 0.51, 0.38, 0.46, 0.28, 0.51, 0.05, 0.17, 1.00, 1.00, 0.55, 0.41, 0.50, 0.57, 0.99, 1.00]
Event Rate: [0.96, 0.33, 0.24, 0.19, 0.38, 0.51, 0.38, 0.47, 0.28, 0.51, 0.05, 0.16, 1.00, 1.00, 0.55, 0.41, 0.50, 0.58, 0.99, 1.00]
Event Rate: [0.95, 0.33, 0.24, 0.19, 0.38, 0.51, 0.38, 0.46, 0.28, 0.50, 0.05, 0.16, 1.00, 1.00, 0.54, 0.40, 0.50, 0.57, 0.99, 1.00]
Event Rate: [0.96, 0.33, 0.24, 0.19, 0.38, 0.51, 0.38, 0.46, 0.27, 0.50, 0.05, 0.16, 1.00, 1.00, 0.55, 0.40, 0.50, 0.58, 0.99, 1.00]
Event Rate: [0.96, 0.34, 0.25, 0.20, 0.39, 0.53, 0.39, 0.47, 0.28, 0.51, 0.05, 0.16, 1.00, 1.00, 0.56, 0.41, 0.51, 0.59, 0.99, 1.00]
Event Rate: [0.96, 0.34, 0.25, 0.20, 0.39, 0.53, 0.39, 0.48, 0.28, 0.51, 0.05, 0.17, 1.00, 1.00, 0.56, 0.41, 0.52, 0.59, 0.99, 1.00]
Event Rate: [0.96, 0.32, 0.24, 0.19, 0.37, 0.51, 0.38, 0.46, 0.28, 0.51, 0.05, 0.16, 1.00, 1.00, 0.55, 0.40, 0.50, 0.57, 0.99, 1.00]
Event Rate: [0.96, 0.33, 0.24, 0.20, 0.39, 0.52, 0.38, 0.47, 0.28, 0.51, 0.05, 0.17, 1.00, 1.00, 0.55, 0.41, 0.51, 0.58, 0.99, 1.00]
Event Rate: [0.96, 0.33, 0.24, 0.20, 0.38, 0.52, 0.38, 0.47, 0.28, 0.51, 0.05, 0.16, 1.00, 1.00, 0.55, 0.41, 0.51, 0.58, 0.99, 1.00]
Event Rate: [0.96, 0.34, 0.25, 0.20, 0.39, 0.53, 0.39, 0.47, 0.28, 0.51, 0.05, 0.17, 1.00, 1.00, 0.56, 0.41, 0.52, 0.59, 0.99, 1.00]
Event Rate: [0.95, 0.33, 0.24, 0.20, 0.38, 0.51, 0.38, 0.47, 0.28, 0.51, 0.05, 0.17, 1.00, 1.00, 0.56, 0.41, 0.50, 0.58, 0.99, 1.00]
Event Rate: [0.95, 0.34, 0.25, 0.20, 0.38, 0.52, 0.39, 0.47, 0.28, 0.51, 0.05, 0.17, 1.00, 1.00, 0.55, 0.41, 0.51, 0.58, 0.99, 1.00]
Event Rate: [0.96, 0.33, 0.23, 0.19, 0.38, 0.51, 0.38, 0.46, 0.28, 0.51, 0.05, 0.17, 1.00, 1.00, 0.55, 0.40, 0.50, 0.57, 0.99, 1.00]
Event Rate: [0.96, 0.33, 0.24, 0.19, 0.38, 0.51, 0.38, 0.46, 0.28, 0.50, 0.05, 0.16, 1.00, 1.00, 0.55, 0.40, 0.50, 0.57, 0.99, 1.00]
Event Rate: [0.96, 0.34, 0.25, 0.20, 0.39, 0.53, 0.39, 0.47, 0.28, 0.51, 0.05, 0.17, 1.00, 1.00, 0.56, 0.41, 0.51, 0.59, 0.99, 1.00]
Event Rate: [0.96, 0.33, 0.24, 0.19, 0.38, 0.51, 0.38, 0.47, 0.28, 0.51, 0.05, 0.17, 1.00, 1.00, 0.56, 0.41, 0.50, 0.58, 0.99, 1.00]
Event Rate: [0.96, 0.34, 0.24, 0.20, 0.39, 0.52, 0.39, 0.47, 0.28, 0.51, 0.05, 0.16, 1.00, 1.00, 0.56, 0.41, 0.51, 0.59, 0.99, 1.00]
Event Rate: [0.96, 0.34, 0.25, 0.20, 0.39, 0.53, 0.39, 0.47, 0.28, 0.51, 0.05, 0.16, 1.00, 1.00, 0.56, 0.41, 0.51, 0.59, 0.99, 1.00]
Event Rate: [0.96, 0.34, 0.25, 0.20, 0.39, 0.53, 0.39, 0.47, 0.28, 0.51, 0.05, 0.17, 1.00, 1.00, 0.56, 0.41, 0.52, 0.59, 0.99, 1.00]
Event Rate: [0.96, 0.35, 0.25, 0.20, 0.40, 0.53, 0.39, 0.47, 0.28, 0.51, 0.05, 0.16, 1.00, 1.00, 0.55, 0.41, 0.52, 0.59, 0.99, 1.00]
Event Rate: [0.96, 0.34, 0.25, 0.20, 0.39, 0.52, 0.39, 0.47, 0.28, 0.51, 0.05, 0.17, 1.00, 1.00, 0.56, 0.41, 0.51, 0.59, 0.99, 1.00]
Event Rate: [0.96, 0.33, 0.24, 0.19, 0.38, 0.51, 0.38, 0.46, 0.28, 0.51, 0.05, 0.17, 1.00, 1.00, 0.55, 0.40, 0.50, 0.58, 0.99, 1.00]
Event Rate: [0.96, 0.33, 0.24, 0.20, 0.38, 0.52, 0.38, 0.47, 0.28, 0.51, 0.05, 0.17, 1.00, 1.00, 0.56, 0.41, 0.51, 0.58, 0.99, 1.00]
Event Rate: [0.96, 0.34, 0.25, 0.20, 0.39, 0.53, 0.39, 0.47, 0.28, 0.51, 0.05, 0.17, 1.00, 1.00, 0.56, 0.41, 0.52, 0.59, 0.99, 1.00]
Event Rate: [0.96, 0.33, 0.24, 0.19, 0.38, 0.51, 0.38, 0.46, 0.27, 0.50, 0.05, 0.16, 1.00, 1.00, 0.55, 0.40, 0.50, 0.57, 0.99, 1.00]
Event Rate: [0.96, 0.33, 0.24, 0.19, 0.38, 0.51, 0.38, 0.46, 0.28, 0.51, 0.05, 0.16, 1.00, 1.00, 0.55, 0.40, 0.50, 0.57, 0.99, 1.00]
Event Rate: [0.96, 0.35, 0.25, 0.20, 0.40, 0.53, 0.39, 0.47, 0.28, 0.51, 0.05, 0.17, 1.00, 1.00, 0.56, 0.41, 0.52, 0.59, 0.99, 1.00]
Event Rate: [0.96, 0.34, 0.24, 0.20, 0.39, 0.52, 0.38, 0.47, 0.28, 0.51, 0.05, 0.17, 1.00, 1.00, 0.55, 0.41, 0.51, 0.58, 0.99, 1.00]
Event Rate: [0.96, 0.34, 0.24, 0.19, 0.38, 0.51, 0.38, 0.46, 0.28, 0.51, 0.05, 0.17, 1.00, 1.00, 0.55, 0.40, 0.50, 0.57, 0.99, 1.00]
Event Rate: [0.96, 0.34, 0.25, 0.20, 0.39, 0.52, 0.39, 0.47, 0.28, 0.51, 0.05, 0.17, 1.00, 1.00, 0.56, 0.41, 0.51, 0.59, 0.99, 1.00]
Event Rate: [0.96, 0.34, 0.25, 0.20, 0.39, 0.52, 0.39, 0.47, 0.28, 0.51, 0.05, 0.17, 1.00, 1.00, 0.55, 0.41, 0.51, 0.59, 0.99, 1.00]
Event Rate: [0.95, 0.34, 0.24, 0.20, 0.39, 0.52, 0.39, 0.47, 0.28, 0.51, 0.05, 0.17, 1.00, 1.00, 0.55, 0.41, 0.51, 0.58, 0.99, 1.00]
Event Rate: [0.96, 0.34, 0.25, 0.20, 0.39, 0.52, 0.39, 0.47, 0.28, 0.51, 0.05, 0.17, 1.00, 1.00, 0.55, 0.41, 0.51, 0.58, 0.99, 1.00]
Event Rate: [0.96, 0.33, 0.24, 0.20, 0.38, 0.52, 0.38, 0.46, 0.28, 0.50, 0.04, 0.16, 1.00, 1.00, 0.55, 0.40, 0.50, 0.57, 0.99, 1.00]
Event Rate: [0.95, 0.33, 0.24, 0.19, 0.38, 0.51, 0.38, 0.46, 0.28, 0.50, 0.05, 0.17, 1.00, 1.00, 0.55, 0.40, 0.50, 0.57, 0.99, 1.00]
Event Rate: [0.96, 0.35, 0.25, 0.20, 0.40, 0.53, 0.39, 0.47, 0.28, 0.51, 0.05, 0.17, 1.00, 1.00, 0.56, 0.41, 0.52, 0.59, 0.99, 1.00]
Event Rate: [0.96, 0.34, 0.25, 0.20, 0.39, 0.52, 0.39, 0.47, 0.28, 0.51, 0.05, 0.16, 1.00, 1.00, 0.56, 0.41, 0.51, 0.59, 0.99, 1.00]
Event Rate: [0.96, 0.34, 0.25, 0.20, 0.39, 0.52, 0.38, 0.46, 0.28, 0.51, 0.05, 0.17, 1.00, 1.00, 0.56, 0.41, 0.51, 0.58, 0.99, 1.00]
Event Rate: [0.96, 0.34, 0.24, 0.20, 0.39, 0.52, 0.39, 0.47, 0.28, 0.51, 0.05, 0.16, 1.00, 1.00, 0.56, 0.41, 0.51, 0.59, 0.99, 1.00]
Event Rate: [0.96, 0.33, 0.24, 0.20, 0.38, 0.52, 0.38, 0.46, 0.28, 0.51, 0.05, 0.16, 1.00, 1.00, 0.55, 0.41, 0.51, 0.58, 0.99, 1.00]
Event Rate: [0.96, 0.34, 0.24, 0.20, 0.39, 0.53, 0.39, 0.46, 0.28, 0.51, 0.05, 0.16, 1.00, 1.00, 0.55, 0.41, 0.51, 0.58, 0.99, 1.00]
Event Rate: [0.96, 0.34, 0.25, 0.20, 0.39, 0.52, 0.39, 0.47, 0.28, 0.51, 0.05, 0.16, 1.00, 1.00, 0.56, 0.41, 0.51, 0.59, 0.99, 1.00]
Event Rate: [0.96, 0.35, 0.25, 0.21, 0.40, 0.53, 0.39, 0.47, 0.28, 0.51, 0.05, 0.16, 1.00, 1.00, 0.56, 0.41, 0.52, 0.59, 0.99, 1.00]
Event Rate: [0.95, 0.33, 0.24, 0.19, 0.38, 0.51, 0.38, 0.46, 0.28, 0.51, 0.05, 0.16, 1.00, 1.00, 0.55, 0.40, 0.49, 0.57, 0.99, 1.00]
Event Rate: [0.95, 0.35, 0.25, 0.21, 0.40, 0.53, 0.39, 0.48, 0.29, 0.52, 0.05, 0.17, 1.00, 1.00, 0.56, 0.42, 0.52, 0.59, 0.99, 1.00]
Event Rate: [0.96, 0.35, 0.25, 0.21, 0.40, 0.53, 0.39, 0.47, 0.28, 0.51, 0.05, 0.16, 1.00, 1.00, 0.56, 0.41, 0.51, 0.58, 0.99, 1.00]
Event Rate: [0.96, 0.35, 0.25, 0.21, 0.40, 0.54, 0.39, 0.48, 0.28, 0.51, 0.05, 0.16, 1.00, 1.00, 0.56, 0.41, 0.52, 0.59, 0.99, 1.00]
Event Rate: [0.96, 0.33, 0.24, 0.19, 0.38, 0.52, 0.38, 0.47, 0.28, 0.51, 0.05, 0.17, 1.00, 1.00, 0.55, 0.40, 0.50, 0.57, 0.99, 1.00]
Event Rate: [0.96, 0.34, 0.25, 0.20, 0.39, 0.52, 0.39, 0.47, 0.28, 0.51, 0.05, 0.17, 1.00, 1.00, 0.56, 0.41, 0.51, 0.58, 0.99, 1.00]
Event Rate: [0.95, 0.33, 0.25, 0.20, 0.39, 0.52, 0.38, 0.47, 0.28, 0.51, 0.05, 0.16, 1.00, 1.00, 0.55, 0.41, 0.51, 0.58, 0.99, 1.00]
Event Rate: [0.95, 0.33, 0.24, 0.20, 0.38, 0.51, 0.38, 0.46, 0.28, 0.51, 0.05, 0.16, 1.00, 1.00, 0.55, 0.41, 0.50, 0.57, 0.99, 1.00]
Event Rate: [0.96, 0.33, 0.24, 0.20, 0.39, 0.52, 0.39, 0.47, 0.28, 0.51, 0.05, 0.16, 1.00, 1.00, 0.55, 0.41, 0.51, 0.58, 0.99, 1.00]
Event Rate: [0.96, 0.35, 0.25, 0.21, 0.40, 0.54, 0.39, 0.48, 0.29, 0.51, 0.05, 0.17, 1.00, 1.00, 0.56, 0.42, 0.52, 0.60, 0.99, 1.00]
Event Rate: [0.96, 0.33, 0.24, 0.20, 0.39, 0.52, 0.39, 0.47, 0.29, 0.52, 0.05, 0.17, 1.00, 1.00, 0.56, 0.41, 0.51, 0.58, 0.99, 1.00]
Event Rate: [0.96, 0.34, 0.24, 0.20, 0.39, 0.53, 0.39, 0.48, 0.29, 0.52, 0.05, 0.17, 1.00, 1.00, 0.57, 0.42, 0.51, 0.59, 0.99, 1.00]
Event Rate: [0.96, 0.32, 0.23, 0.19, 0.38, 0.51, 0.38, 0.46, 0.29, 0.51, 0.05, 0.17, 1.00, 1.00, 0.55, 0.41, 0.50, 0.57, 0.99, 1.00]
Event Rate: [0.96, 0.34, 0.24, 0.20, 0.39, 0.52, 0.39, 0.47, 0.29, 0.51, 0.05, 0.17, 1.00, 1.00, 0.56, 0.41, 0.51, 0.59, 0.99, 1.00]
Event Rate: [0.96, 0.33, 0.23, 0.20, 0.38, 0.52, 0.38, 0.47, 0.29, 0.51, 0.05, 0.17, 1.00, 1.00, 0.56, 0.41, 0.51, 0.58, 0.99, 1.00]
Event Rate: [0.96, 0.35, 0.25, 0.21, 0.40, 0.54, 0.40, 0.48, 0.29, 0.52, 0.05, 0.17, 1.00, 1.00, 0.56, 0.42, 0.52, 0.60, 0.99, 1.00]
Event Rate: [0.96, 0.34, 0.25, 0.21, 0.40, 0.53, 0.39, 0.47, 0.29, 0.51, 0.05, 0.17, 1.00, 1.00, 0.56, 0.42, 0.52, 0.59, 0.99, 1.00]
Event Rate: [0.96, 0.35, 0.25, 0.21, 0.40, 0.53, 0.39, 0.48, 0.29, 0.52, 0.05, 0.17, 1.00, 1.00, 0.56, 0.42, 0.52, 0.59, 0.99, 1.00]
Event Rate: [0.96, 0.35, 0.26, 0.21, 0.40, 0.54, 0.40, 0.48, 0.29, 0.52, 0.05, 0.17, 1.00, 1.00, 0.57, 0.42, 0.52, 0.60, 0.99, 1.00]
Event Rate: [0.96, 0.34, 0.25, 0.21, 0.40, 0.53, 0.39, 0.48, 0.29, 0.52, 0.05, 0.17, 1.00, 1.00, 0.56, 0.42, 0.51, 0.59, 0.99, 1.00]
Event Rate: [0.96, 0.33, 0.24, 0.20, 0.39, 0.53, 0.38, 0.47, 0.29, 0.52, 0.05, 0.17, 1.00, 1.00, 0.56, 0.41, 0.51, 0.58, 0.99, 1.00]
Event Rate: [0.96, 0.34, 0.24, 0.20, 0.39, 0.52, 0.38, 0.47, 0.29, 0.52, 0.05, 0.17, 1.00, 1.00, 0.55, 0.41, 0.51, 0.58, 0.99, 1.00]
Event Rate: [0.96, 0.33, 0.24, 0.20, 0.38, 0.52, 0.38, 0.47, 0.29, 0.52, 0.05, 0.17, 1.00, 1.00, 0.55, 0.41, 0.50, 0.58, 0.99, 1.00]
Event Rate: [0.96, 0.34, 0.25, 0.20, 0.39, 0.52, 0.39, 0.47, 0.30, 0.52, 0.05, 0.17, 1.00, 1.00, 0.56, 0.42, 0.51, 0.58, 0.99, 1.00]
Event Rate: [0.96, 0.34, 0.24, 0.20, 0.39, 0.52, 0.39, 0.47, 0.30, 0.52, 0.05, 0.17, 1.00, 1.00, 0.56, 0.42, 0.51, 0.58, 0.99, 1.00]
Event Rate: [0.96, 0.33, 0.24, 0.20, 0.39, 0.52, 0.39, 0.47, 0.30, 0.52, 0.05, 0.17, 1.00, 1.00, 0.56, 0.42, 0.50, 0.57, 0.99, 1.00]
Event Rate: [0.96, 0.34, 0.25, 0.21, 0.40, 0.53, 0.39, 0.48, 0.30, 0.53, 0.05, 0.17, 1.00, 1.00, 0.56, 0.42, 0.52, 0.59, 0.99, 1.00]
Event Rate: [0.96, 0.35, 0.25, 0.21, 0.40, 0.54, 0.39, 0.48, 0.30, 0.52, 0.05, 0.17, 1.00, 1.00, 0.56, 0.42, 0.52, 0.59, 0.99, 1.00]
Event Rate: [0.96, 0.34, 0.24, 0.20, 0.39, 0.52, 0.39, 0.47, 0.30, 0.52, 0.05, 0.17, 1.00, 1.00, 0.56, 0.41, 0.51, 0.58, 0.99, 1.00]
Event Rate: [0.96, 0.34, 0.24, 0.20, 0.39, 0.52, 0.38, 0.47, 0.29, 0.52, 0.05, 0.17, 1.00, 1.00, 0.55, 0.41, 0.50, 0.57, 0.99, 1.00]
Event Rate: [0.96, 0.34, 0.24, 0.20, 0.39, 0.52, 0.39, 0.47, 0.30, 0.52, 0.05, 0.17, 1.00, 1.00, 0.56, 0.42, 0.51, 0.58, 0.99, 1.00]
Event Rate: [0.96, 0.34, 0.25, 0.21, 0.40, 0.53, 0.40, 0.48, 0.30, 0.52, 0.05, 0.17, 1.00, 1.00, 0.57, 0.43, 0.52, 0.59, 0.99, 1.00]
Event Rate: [0.96, 0.34, 0.24, 0.20, 0.39, 0.53, 0.39, 0.48, 0.30, 0.52, 0.05, 0.17, 1.00, 1.00, 0.57, 0.42, 0.52, 0.58, 0.99, 1.00]
Event Rate: [0.96, 0.35, 0.25, 0.21, 0.40, 0.54, 0.40, 0.49, 0.30, 0.53, 0.05, 0.17, 1.00, 1.00, 0.57, 0.42, 0.52, 0.59, 0.99, 1.00]
Event Rate: [0.96, 0.35, 0.25, 0.21, 0.40, 0.53, 0.40, 0.48, 0.30, 0.52, 0.05, 0.17, 1.00, 1.00, 0.57, 0.42, 0.52, 0.59, 0.99, 1.00]
Event Rate: [0.96, 0.34, 0.24, 0.21, 0.40, 0.53, 0.39, 0.48, 0.30, 0.53, 0.05, 0.17, 1.00, 1.00, 0.57, 0.42, 0.52, 0.59, 0.99, 1.00]
Event Rate: [0.96, 0.34, 0.24, 0.21, 0.39, 0.52, 0.39, 0.48, 0.30, 0.52, 0.05, 0.17, 1.00, 1.00, 0.56, 0.42, 0.51, 0.58, 0.99, 1.00]
Event Rate: [0.96, 0.35, 0.25, 0.21, 0.41, 0.54, 0.40, 0.48, 0.30, 0.52, 0.05, 0.17, 1.00, 1.00, 0.57, 0.43, 0.53, 0.59, 0.99, 1.00]
Event Rate: [0.96, 0.34, 0.24, 0.21, 0.40, 0.52, 0.39, 0.47, 0.30, 0.52, 0.05, 0.17, 1.00, 1.00, 0.56, 0.42, 0.51, 0.58, 0.99, 1.00]
Event Rate: [0.96, 0.35, 0.25, 0.21, 0.40, 0.53, 0.39, 0.48, 0.30, 0.52, 0.05, 0.17, 1.00, 1.00, 0.56, 0.42, 0.52, 0.59, 0.99, 1.00]
Event Rate: [0.96, 0.34, 0.24, 0.21, 0.40, 0.52, 0.39, 0.47, 0.30, 0.52, 0.05, 0.17, 1.00, 1.00, 0.56, 0.41, 0.51, 0.58, 0.99, 1.00]
Event Rate: [0.96, 0.34, 0.25, 0.21, 0.40, 0.53, 0.39, 0.48, 0.30, 0.52, 0.05, 0.17, 1.00, 1.00, 0.57, 0.42, 0.52, 0.59, 0.99, 1.00]
Event Rate: [0.95, 0.35, 0.26, 0.22, 0.42, 0.54, 0.40, 0.48, 0.30, 0.52, 0.05, 0.17, 1.00, 1.00, 0.56, 0.42, 0.52, 0.59, 0.99, 1.00]
Event Rate: [0.96, 0.34, 0.24, 0.21, 0.40, 0.53, 0.39, 0.48, 0.30, 0.52, 0.05, 0.17, 1.00, 1.00, 0.56, 0.41, 0.51, 0.59, 0.99, 1.00]
Event Rate: [0.96, 0.35, 0.25, 0.21, 0.41, 0.53, 0.40, 0.48, 0.30, 0.52, 0.05, 0.17, 1.00, 1.00, 0.56, 0.42, 0.52, 0.59, 0.99, 1.00]
Event Rate: [0.96, 0.34, 0.24, 0.20, 0.39, 0.52, 0.39, 0.48, 0.30, 0.52, 0.05, 0.17, 1.00, 1.00, 0.55, 0.41, 0.51, 0.58, 0.99, 1.00]
Event Rate: [0.96, 0.36, 0.25, 0.21, 0.41, 0.54, 0.40, 0.48, 0.30, 0.52, 0.05, 0.17, 1.00, 1.00, 0.56, 0.42, 0.53, 0.59, 0.99, 1.00]
Event Rate: [0.95, 0.35, 0.25, 0.21, 0.40, 0.53, 0.39, 0.48, 0.30, 0.52, 0.05, 0.17, 1.00, 1.00, 0.56, 0.42, 0.52, 0.59, 0.99, 1.00]
Event Rate: [0.96, 0.34, 0.24, 0.21, 0.40, 0.53, 0.39, 0.48, 0.30, 0.52, 0.05, 0.17, 1.00, 1.00, 0.55, 0.41, 0.52, 0.59, 0.99, 1.00]
Event Rate: [0.96, 0.35, 0.25, 0.21, 0.40, 0.53, 0.39, 0.48, 0.30, 0.52, 0.05, 0.17, 1.00, 1.00, 0.56, 0.41, 0.52, 0.59, 0.99, 1.00]
Event Rate: [0.96, 0.35, 0.25, 0.21, 0.41, 0.53, 0.40, 0.48, 0.30, 0.52, 0.05, 0.17, 1.00, 1.00, 0.56, 0.42, 0.52, 0.59, 0.99, 1.00]
Event Rate: [0.96, 0.35, 0.25, 0.21, 0.40, 0.53, 0.39, 0.47, 0.30, 0.51, 0.05, 0.17, 1.00, 1.00, 0.55, 0.41, 0.52, 0.58, 0.99, 1.00]
Event Rate: [0.96, 0.34, 0.24, 0.21, 0.40, 0.52, 0.39, 0.47, 0.30, 0.51, 0.05, 0.17, 1.00, 1.00, 0.55, 0.41, 0.51, 0.58, 0.99, 1.00]
Event Rate: [0.96, 0.34, 0.25, 0.21, 0.41, 0.53, 0.39, 0.48, 0.30, 0.52, 0.05, 0.17, 1.00, 1.00, 0.55, 0.41, 0.52, 0.59, 0.99, 1.00]
Event Rate: [0.96, 0.35, 0.25, 0.21, 0.41, 0.54, 0.40, 0.48, 0.30, 0.52, 0.05, 0.17, 1.00, 1.00, 0.56, 0.42, 0.53, 0.59, 0.99, 1.00]
Event Rate: [0.96, 0.35, 0.25, 0.21, 0.41, 0.53, 0.40, 0.48, 0.30, 0.53, 0.05, 0.17, 1.00, 1.00, 0.57, 0.43, 0.52, 0.59, 0.99, 1.00]
Event Rate: [0.96, 0.34, 0.25, 0.21, 0.40, 0.53, 0.39, 0.48, 0.30, 0.52, 0.05, 0.17, 1.00, 1.00, 0.56, 0.41, 0.52, 0.58, 0.99, 1.00]
Event Rate: [0.96, 0.35, 0.25, 0.21, 0.40, 0.53, 0.39, 0.48, 0.30, 0.52, 0.05, 0.17, 1.00, 1.00, 0.56, 0.41, 0.51, 0.58, 0.99, 1.00]
Event Rate: [0.96, 0.35, 0.25, 0.21, 0.40, 0.53, 0.39, 0.48, 0.30, 0.52, 0.05, 0.17, 1.00, 1.00, 0.56, 0.41, 0.51, 0.58, 0.99, 1.00]
Event Rate: [0.96, 0.35, 0.25, 0.22, 0.41, 0.54, 0.40, 0.48, 0.30, 0.52, 0.05, 0.17, 1.00, 1.00, 0.56, 0.42, 0.52, 0.59, 0.99, 1.00]
Event Rate: [0.96, 0.35, 0.25, 0.21, 0.41, 0.53, 0.40, 0.47, 0.30, 0.52, 0.05, 0.17, 1.00, 1.00, 0.57, 0.42, 0.52, 0.58, 0.99, 1.00]
Event Rate: [0.96, 0.35, 0.25, 0.21, 0.41, 0.53, 0.40, 0.47, 0.30, 0.52, 0.05, 0.17, 1.00, 1.00, 0.56, 0.42, 0.52, 0.58, 0.99, 1.00]
Event Rate: [0.95, 0.34, 0.25, 0.21, 0.40, 0.53, 0.39, 0.48, 0.30, 0.52, 0.05, 0.17, 1.00, 1.00, 0.56, 0.42, 0.52, 0.58, 0.99, 1.00]
Event Rate: [0.96, 0.34, 0.24, 0.21, 0.39, 0.52, 0.39, 0.47, 0.30, 0.51, 0.05, 0.17, 1.00, 1.00, 0.55, 0.41, 0.51, 0.57, 0.99, 1.00]
Event Rate: [0.95, 0.34, 0.25, 0.22, 0.41, 0.54, 0.40, 0.48, 0.30, 0.52, 0.05, 0.17, 1.00, 1.00, 0.56, 0.42, 0.52, 0.59, 0.99, 1.00]
Event Rate: [0.96, 0.36, 0.25, 0.22, 0.42, 0.54, 0.40, 0.48, 0.30, 0.53, 0.05, 0.17, 1.00, 1.00, 0.57, 0.42, 0.53, 0.60, 0.99, 1.00]
Event Rate: [0.96, 0.35, 0.25, 0.22, 0.41, 0.54, 0.40, 0.48, 0.30, 0.52, 0.05, 0.17, 1.00, 1.00, 0.56, 0.42, 0.52, 0.59, 0.99, 1.00]
Event Rate: [0.96, 0.34, 0.24, 0.21, 0.40, 0.53, 0.39, 0.47, 0.30, 0.52, 0.05, 0.17, 1.00, 1.00, 0.55, 0.41, 0.52, 0.58, 0.99, 1.00]
Event Rate: [0.96, 0.34, 0.24, 0.21, 0.41, 0.53, 0.39, 0.48, 0.30, 0.52, 0.05, 0.17, 1.00, 1.00, 0.56, 0.41, 0.52, 0.58, 0.99, 1.00]
Event Rate: [0.96, 0.34, 0.24, 0.21, 0.40, 0.53, 0.39, 0.47, 0.30, 0.52, 0.05, 0.17, 1.00, 1.00, 0.56, 0.41, 0.52, 0.58, 0.99, 1.00]
Event Rate: [0.96, 0.35, 0.25, 0.21, 0.41, 0.53, 0.39, 0.48, 0.30, 0.52, 0.05, 0.17, 1.00, 1.00, 0.56, 0.41, 0.52, 0.58, 0.99, 1.00]
Event Rate: [0.96, 0.36, 0.25, 0.22, 0.42, 0.54, 0.40, 0.48, 0.30, 0.52, 0.05, 0.18, 1.00, 1.00, 0.56, 0.41, 0.52, 0.59, 0.99, 1.00]
Event Rate: [0.96, 0.34, 0.24, 0.21, 0.40, 0.53, 0.39, 0.47, 0.30, 0.51, 0.05, 0.17, 1.00, 1.00, 0.56, 0.41, 0.52, 0.58, 0.99, 1.00]
Event Rate: [0.96, 0.35, 0.25, 0.21, 0.41, 0.54, 0.40, 0.47, 0.30, 0.52, 0.05, 0.18, 1.00, 1.00, 0.56, 0.41, 0.52, 0.58, 0.99, 1.00]
Event Rate: [0.96, 0.36, 0.25, 0.22, 0.42, 0.55, 0.41, 0.48, 0.31, 0.53, 0.05, 0.18, 1.00, 1.00, 0.57, 0.42, 0.54, 0.60, 0.99, 1.00]
Event Rate: [0.96, 0.35, 0.25, 0.22, 0.41, 0.54, 0.40, 0.47, 0.30, 0.52, 0.05, 0.18, 1.00, 1.00, 0.56, 0.42, 0.53, 0.59, 0.99, 1.00]
Event Rate: [0.96, 0.34, 0.24, 0.21, 0.41, 0.53, 0.39, 0.47, 0.30, 0.52, 0.05, 0.17, 1.00, 1.00, 0.55, 0.41, 0.51, 0.58, 0.99, 1.00]
Event Rate: [0.96, 0.35, 0.24, 0.21, 0.41, 0.53, 0.39, 0.47, 0.30, 0.52, 0.05, 0.18, 1.00, 1.00, 0.55, 0.41, 0.52, 0.58, 0.99, 1.00]
Event Rate: [0.96, 0.36, 0.25, 0.22, 0.42, 0.55, 0.40, 0.48, 0.31, 0.53, 0.05, 0.17, 1.00, 1.00, 0.57, 0.42, 0.53, 0.59, 0.99, 1.00]
Event Rate: [0.95, 0.34, 0.24, 0.20, 0.40, 0.53, 0.39, 0.47, 0.30, 0.51, 0.05, 0.17, 1.00, 1.00, 0.55, 0.40, 0.51, 0.58, 0.99, 1.00]
Event Rate: [0.96, 0.36, 0.25, 0.21, 0.42, 0.54, 0.40, 0.47, 0.31, 0.52, 0.05, 0.18, 1.00, 1.00, 0.56, 0.42, 0.52, 0.58, 0.99, 1.00]
Event Rate: [0.96, 0.35, 0.25, 0.21, 0.42, 0.55, 0.40, 0.48, 0.31, 0.52, 0.05, 0.17, 1.00, 1.00, 0.57, 0.42, 0.53, 0.59, 0.99, 1.00]
Event Rate: [0.96, 0.35, 0.24, 0.21, 0.41, 0.54, 0.40, 0.47, 0.31, 0.52, 0.05, 0.17, 1.00, 1.00, 0.56, 0.42, 0.53, 0.59, 0.99, 1.00]
Event Rate: [0.96, 0.34, 0.23, 0.20, 0.40, 0.52, 0.38, 0.46, 0.31, 0.51, 0.05, 0.18, 1.00, 1.00, 0.54, 0.40, 0.50, 0.57, 0.99, 1.00]
Event Rate: [0.96, 0.35, 0.25, 0.22, 0.42, 0.54, 0.39, 0.47, 0.31, 0.52, 0.05, 0.18, 1.00, 1.00, 0.56, 0.41, 0.52, 0.58, 0.99, 1.00]
Event Rate: [0.95, 0.35, 0.24, 0.21, 0.41, 0.54, 0.39, 0.47, 0.31, 0.52, 0.05, 0.18, 1.00, 1.00, 0.55, 0.41, 0.52, 0.58, 0.99, 1.00]
Event Rate: [0.96, 0.34, 0.24, 0.21, 0.41, 0.53, 0.39, 0.47, 0.32, 0.52, 0.05, 0.18, 1.00, 1.00, 0.55, 0.41, 0.52, 0.58, 0.99, 1.00]
Event Rate: [0.96, 0.34, 0.24, 0.21, 0.41, 0.54, 0.39, 0.47, 0.32, 0.52, 0.05, 0.18, 1.00, 1.00, 0.56, 0.41, 0.52, 0.58, 0.99, 1.00]
Event Rate: [0.96, 0.34, 0.25, 0.21, 0.42, 0.54, 0.39, 0.48, 0.32, 0.52, 0.05, 0.18, 1.00, 1.00, 0.56, 0.42, 0.53, 0.59, 0.99, 1.00]
Event Rate: [0.96, 0.35, 0.25, 0.21, 0.42, 0.55, 0.39, 0.48, 0.32, 0.52, 0.05, 0.18, 1.00, 1.00, 0.56, 0.42, 0.52, 0.58, 0.99, 1.00]
Event Rate: [0.96, 0.35, 0.25, 0.22, 0.42, 0.54, 0.39, 0.47, 0.32, 0.52, 0.05, 0.18, 1.00, 1.00, 0.56, 0.42, 0.53, 0.59, 0.99, 1.00]
Event Rate: [0.96, 0.35, 0.25, 0.22, 0.42, 0.54, 0.39, 0.47, 0.32, 0.52, 0.05, 0.18, 1.00, 1.00, 0.56, 0.42, 0.53, 0.59, 0.99, 1.00]
Event Rate: [0.96, 0.35, 0.25, 0.22, 0.42, 0.54, 0.39, 0.47, 0.33, 0.52, 0.05, 0.18, 1.00, 1.00, 0.57, 0.43, 0.53, 0.59, 0.99, 1.00]
Event Rate: [0.96, 0.35, 0.25, 0.22, 0.42, 0.54, 0.40, 0.47, 0.32, 0.52, 0.05, 0.18, 1.00, 1.00, 0.56, 0.42, 0.53, 0.59, 0.99, 1.00]
Event Rate: [0.96, 0.35, 0.25, 0.22, 0.42, 0.55, 0.40, 0.47, 0.32, 0.52, 0.05, 0.18, 1.00, 1.00, 0.56, 0.41, 0.53, 0.59, 0.99, 1.00]
Event Rate: [0.96, 0.35, 0.25, 0.21, 0.41, 0.54, 0.39, 0.47, 0.32, 0.52, 0.05, 0.18, 1.00, 1.00, 0.55, 0.41, 0.52, 0.58, 0.99, 1.00]
Event Rate: [0.96, 0.35, 0.25, 0.22, 0.42, 0.55, 0.40, 0.48, 0.32, 0.53, 0.05, 0.18, 1.00, 1.00, 0.56, 0.42, 0.53, 0.59, 0.99, 1.00]
Event Rate: [0.96, 0.35, 0.25, 0.22, 0.42, 0.54, 0.39, 0.48, 0.32, 0.53, 0.05, 0.18, 1.00, 1.00, 0.56, 0.42, 0.53, 0.59, 0.99, 1.00]
Event Rate: [0.96, 0.35, 0.25, 0.21, 0.42, 0.54, 0.39, 0.47, 0.31, 0.52, 0.05, 0.18, 1.00, 1.00, 0.55, 0.41, 0.52, 0.58, 0.99, 1.00]
Event Rate: [0.96, 0.34, 0.25, 0.21, 0.41, 0.53, 0.39, 0.47, 0.32, 0.52, 0.05, 0.18, 1.00, 1.00, 0.55, 0.41, 0.52, 0.58, 0.99, 1.00]
Event Rate: [0.96, 0.36, 0.25, 0.22, 0.43, 0.55, 0.40, 0.48, 0.31, 0.52, 0.05, 0.18, 1.00, 1.00, 0.56, 0.42, 0.53, 0.59, 0.99, 1.00]
Event Rate: [0.96, 0.35, 0.25, 0.22, 0.42, 0.55, 0.40, 0.48, 0.32, 0.53, 0.05, 0.18, 1.00, 1.00, 0.56, 0.42, 0.53, 0.59, 0.99, 1.00]
Event Rate: [0.96, 0.35, 0.26, 0.22, 0.42, 0.55, 0.40, 0.48, 0.32, 0.53, 0.05, 0.18, 1.00, 1.00, 0.57, 0.43, 0.53, 0.59, 0.99, 1.00]
Event Rate: [0.96, 0.36, 0.26, 0.22, 0.43, 0.55, 0.40, 0.48, 0.32, 0.53, 0.05, 0.18, 1.00, 1.00, 0.57, 0.43, 0.53, 0.60, 0.99, 1.00]
Event Rate: [0.96, 0.35, 0.26, 0.22, 0.43, 0.55, 0.40, 0.47, 0.31, 0.52, 0.05, 0.18, 1.00, 1.00, 0.55, 0.41, 0.53, 0.59, 0.99, 1.00]
Event Rate: [0.96, 0.35, 0.25, 0.21, 0.42, 0.55, 0.39, 0.48, 0.31, 0.52, 0.05, 0.18, 1.00, 1.00, 0.56, 0.41, 0.53, 0.59, 0.99, 1.00]
Event Rate: [0.96, 0.35, 0.25, 0.22, 0.42, 0.54, 0.40, 0.47, 0.31, 0.52, 0.05, 0.18, 1.00, 1.00, 0.56, 0.41, 0.53, 0.59, 0.99, 1.00]
Event Rate: [0.96, 0.34, 0.25, 0.21, 0.41, 0.53, 0.39, 0.47, 0.31, 0.52, 0.05, 0.18, 1.00, 1.00, 0.55, 0.42, 0.52, 0.57, 0.99, 1.00]
Event Rate: [0.96, 0.35, 0.25, 0.22, 0.42, 0.54, 0.40, 0.47, 0.31, 0.53, 0.05, 0.18, 1.00, 1.00, 0.56, 0.42, 0.53, 0.58, 0.99, 1.00]
Event Rate: [0.96, 0.35, 0.25, 0.22, 0.42, 0.54, 0.40, 0.48, 0.32, 0.53, 0.05, 0.18, 1.00, 1.00, 0.56, 0.41, 0.53, 0.59, 0.99, 1.00]
Event Rate: [0.96, 0.36, 0.26, 0.22, 0.43, 0.56, 0.40, 0.48, 0.32, 0.53, 0.05, 0.18, 1.00, 1.00, 0.55, 0.41, 0.54, 0.59, 0.99, 1.00]
Event Rate: [0.96, 0.36, 0.25, 0.22, 0.42, 0.54, 0.40, 0.48, 0.32, 0.53, 0.05, 0.18, 1.00, 1.00, 0.55, 0.41, 0.53, 0.59, 0.99, 1.00]
Event Rate: [0.95, 0.34, 0.25, 0.22, 0.41, 0.53, 0.39, 0.47, 0.31, 0.52, 0.05, 0.18, 1.00, 1.00, 0.55, 0.41, 0.52, 0.58, 0.99, 1.00]
Event Rate: [0.96, 0.35, 0.25, 0.22, 0.42, 0.53, 0.39, 0.47, 0.32, 0.52, 0.05, 0.18, 1.00, 1.00, 0.55, 0.41, 0.53, 0.58, 0.99, 1.00]
Event Rate: [0.96, 0.34, 0.25, 0.21, 0.41, 0.53, 0.39, 0.47, 0.32, 0.52, 0.05, 0.18, 1.00, 1.00, 0.55, 0.40, 0.51, 0.57, 0.99, 1.00]
Event Rate: [0.96, 0.34, 0.25, 0.22, 0.42, 0.53, 0.39, 0.47, 0.31, 0.52, 0.05, 0.18, 1.00, 1.00, 0.54, 0.40, 0.52, 0.58, 0.99, 1.00]
Event Rate: [0.96, 0.35, 0.25, 0.22, 0.42, 0.54, 0.39, 0.47, 0.32, 0.52, 0.05, 0.18, 1.00, 1.00, 0.55, 0.41, 0.52, 0.58, 0.99, 1.00]
Event Rate: [0.96, 0.35, 0.24, 0.21, 0.41, 0.54, 0.39, 0.48, 0.32, 0.52, 0.05, 0.18, 1.00, 1.00, 0.55, 0.41, 0.52, 0.58, 0.99, 1.00]
Event Rate: [0.96, 0.35, 0.25, 0.22, 0.42, 0.54, 0.40, 0.48, 0.32, 0.52, 0.05, 0.18, 1.00, 1.00, 0.55, 0.41, 0.52, 0.58, 0.99, 1.00]
Event Rate: [0.96, 0.35, 0.26, 0.23, 0.43, 0.55, 0.40, 0.48, 0.32, 0.52, 0.05, 0.18, 1.00, 1.00, 0.55, 0.41, 0.53, 0.59, 0.99, 1.00]
Event Rate: [0.96, 0.36, 0.26, 0.23, 0.43, 0.56, 0.41, 0.48, 0.32, 0.52, 0.05, 0.18, 1.00, 1.00, 0.55, 0.41, 0.54, 0.60, 0.99, 1.00]
Event Rate: [0.96, 0.35, 0.25, 0.22, 0.42, 0.54, 0.39, 0.47, 0.31, 0.52, 0.05, 0.18, 1.00, 1.00, 0.54, 0.40, 0.52, 0.58, 0.99, 1.00]
Event Rate: [0.96, 0.35, 0.26, 0.22, 0.43, 0.55, 0.40, 0.48, 0.32, 0.52, 0.05, 0.18, 1.00, 1.00, 0.55, 0.41, 0.53, 0.59, 0.99, 1.00]
Event Rate: [0.96, 0.35, 0.25, 0.22, 0.42, 0.54, 0.40, 0.48, 0.31, 0.52, 0.05, 0.18, 1.00, 1.00, 0.55, 0.41, 0.53, 0.59, 0.99, 1.00]
Event Rate: [0.96, 0.35, 0.26, 0.22, 0.43, 0.55, 0.40, 0.48, 0.31, 0.52, 0.05, 0.18, 1.00, 1.00, 0.54, 0.41, 0.53, 0.59, 0.99, 1.00]
Event Rate: [0.96, 0.36, 0.26, 0.23, 0.44, 0.55, 0.40, 0.48, 0.31, 0.52, 0.05, 0.18, 1.00, 1.00, 0.55, 0.41, 0.54, 0.60, 0.99, 1.00]
Event Rate: [0.96, 0.35, 0.25, 0.22, 0.43, 0.55, 0.39, 0.48, 0.31, 0.52, 0.05, 0.18, 1.00, 1.00, 0.54, 0.40, 0.53, 0.59, 0.99, 1.00]
Event Rate: [0.96, 0.35, 0.25, 0.22, 0.42, 0.54, 0.39, 0.47, 0.31, 0.52, 0.05, 0.18, 1.00, 1.00, 0.54, 0.39, 0.52, 0.58, 0.99, 1.00]
Event Rate: [0.96, 0.35, 0.25, 0.22, 0.43, 0.55, 0.39, 0.47, 0.31, 0.52, 0.05, 0.18, 1.00, 1.00, 0.54, 0.41, 0.53, 0.59, 0.99, 1.00]
Event Rate: [0.96, 0.36, 0.26, 0.23, 0.43, 0.55, 0.40, 0.47, 0.31, 0.52, 0.05, 0.18, 1.00, 1.00, 0.55, 0.41, 0.53, 0.59, 0.99, 1.00]
Event Rate: [0.96, 0.35, 0.25, 0.22, 0.43, 0.55, 0.40, 0.47, 0.31, 0.52, 0.05, 0.18, 1.00, 1.00, 0.55, 0.41, 0.53, 0.59, 0.99, 1.00]
Event Rate: [0.96, 0.34, 0.24, 0.22, 0.41, 0.53, 0.39, 0.47, 0.31, 0.51, 0.05, 0.18, 1.00, 1.00, 0.54, 0.40, 0.52, 0.57, 0.99, 1.00]
Event Rate: [0.96, 0.35, 0.25, 0.22, 0.42, 0.54, 0.39, 0.47, 0.31, 0.51, 0.05, 0.18, 1.00, 1.00, 0.54, 0.40, 0.52, 0.58, 0.99, 1.00]
Event Rate: [0.96, 0.35, 0.25, 0.22, 0.43, 0.55, 0.40, 0.47, 0.31, 0.52, 0.05, 0.19, 1.00, 1.00, 0.55, 0.41, 0.53, 0.59, 0.99, 1.00]
Event Rate: [0.95, 0.34, 0.24, 0.22, 0.42, 0.53, 0.39, 0.47, 0.31, 0.52, 0.05, 0.19, 1.00, 1.00, 0.55, 0.41, 0.51, 0.58, 0.99, 1.00]
Event Rate: [0.96, 0.36, 0.26, 0.23, 0.43, 0.55, 0.40, 0.48, 0.31, 0.52, 0.05, 0.19, 1.00, 1.00, 0.55, 0.41, 0.53, 0.59, 0.99, 1.00]
Event Rate: [0.96, 0.34, 0.24, 0.22, 0.42, 0.53, 0.39, 0.47, 0.30, 0.51, 0.05, 0.19, 1.00, 1.00, 0.54, 0.41, 0.52, 0.57, 0.99, 1.00]
Event Rate: [0.96, 0.35, 0.26, 0.22, 0.43, 0.55, 0.40, 0.47, 0.31, 0.52, 0.05, 0.19, 1.00, 1.00, 0.56, 0.42, 0.53, 0.59, 0.99, 1.00]
Event Rate: [0.96, 0.36, 0.26, 0.22, 0.43, 0.55, 0.40, 0.47, 0.31, 0.52, 0.05, 0.19, 1.00, 1.00, 0.55, 0.41, 0.53, 0.60, 0.99, 1.00]
Event Rate: [0.96, 0.34, 0.25, 0.22, 0.42, 0.54, 0.40, 0.46, 0.30, 0.51, 0.05, 0.19, 1.00, 1.00, 0.54, 0.40, 0.52, 0.58, 0.99, 1.00]
Event Rate: [0.96, 0.35, 0.25, 0.23, 0.43, 0.55, 0.40, 0.46, 0.30, 0.51, 0.05, 0.19, 1.00, 1.00, 0.55, 0.41, 0.53, 0.59, 0.99, 1.00]
Event Rate: [0.96, 0.34, 0.24, 0.22, 0.42, 0.54, 0.40, 0.46, 0.30, 0.51, 0.05, 0.19, 1.00, 1.00, 0.54, 0.40, 0.52, 0.58, 0.99, 1.00]
Event Rate: [0.96, 0.35, 0.26, 0.23, 0.44, 0.55, 0.41, 0.46, 0.30, 0.51, 0.05, 0.19, 1.00, 1.00, 0.55, 0.41, 0.53, 0.59, 0.99, 1.00]
Event Rate: [0.96, 0.35, 0.25, 0.22, 0.43, 0.54, 0.40, 0.46, 0.30, 0.51, 0.05, 0.19, 1.00, 1.00, 0.55, 0.40, 0.53, 0.58, 0.99, 1.00]
Event Rate: [0.96, 0.35, 0.25, 0.23, 0.44, 0.55, 0.40, 0.47, 0.30, 0.51, 0.05, 0.19, 1.00, 1.00, 0.55, 0.41, 0.53, 0.59, 0.99, 1.00]
Event Rate: [0.96, 0.36, 0.26, 0.23, 0.44, 0.56, 0.41, 0.47, 0.31, 0.52, 0.05, 0.19, 1.00, 1.00, 0.56, 0.41, 0.54, 0.60, 0.99, 1.00]
Event Rate: [0.96, 0.36, 0.26, 0.23, 0.44, 0.56, 0.41, 0.47, 0.31, 0.52, 0.05, 0.19, 1.00, 1.00, 0.56, 0.41, 0.54, 0.60, 0.99, 1.00]
Event Rate: [0.95, 0.35, 0.26, 0.23, 0.44, 0.57, 0.41, 0.47, 0.31, 0.53, 0.05, 0.19, 1.00, 1.00, 0.56, 0.41, 0.54, 0.60, 0.99, 1.00]
Event Rate: [0.96, 0.34, 0.25, 0.23, 0.43, 0.55, 0.41, 0.47, 0.31, 0.52, 0.05, 0.19, 1.00, 1.00, 0.55, 0.41, 0.53, 0.59, 0.99, 1.00]
Event Rate: [0.96, 0.36, 0.26, 0.23, 0.44, 0.56, 0.41, 0.48, 0.31, 0.52, 0.05, 0.19, 1.00, 1.00, 0.55, 0.41, 0.54, 0.60, 0.99, 1.00]
Event Rate: [0.96, 0.36, 0.26, 0.24, 0.45, 0.56, 0.41, 0.47, 0.30, 0.52, 0.05, 0.19, 1.00, 1.00, 0.55, 0.41, 0.54, 0.60, 0.99, 1.00]
Event Rate: [0.96, 0.36, 0.26, 0.23, 0.44, 0.56, 0.41, 0.47, 0.30, 0.51, 0.05, 0.19, 1.00, 1.00, 0.54, 0.40, 0.53, 0.59, 0.99, 1.00]
Event Rate: [0.96, 0.35, 0.26, 0.23, 0.44, 0.55, 0.41, 0.47, 0.30, 0.51, 0.05, 0.19, 1.00, 1.00, 0.55, 0.40, 0.53, 0.59, 0.99, 1.00]
Event Rate: [0.96, 0.36, 0.26, 0.23, 0.44, 0.55, 0.41, 0.47, 0.31, 0.51, 0.05, 0.19, 1.00, 1.00, 0.55, 0.41, 0.53, 0.59, 0.99, 1.00]
Event Rate: [0.96, 0.37, 0.26, 0.24, 0.45, 0.56, 0.41, 0.47, 0.31, 0.52, 0.05, 0.19, 1.00, 1.00, 0.55, 0.40, 0.53, 0.59, 0.99, 1.00]
Event Rate: [0.95, 0.35, 0.25, 0.23, 0.44, 0.55, 0.41, 0.47, 0.31, 0.51, 0.05, 0.19, 1.00, 1.00, 0.55, 0.40, 0.53, 0.59, 0.99, 1.00]
Event Rate: [0.96, 0.35, 0.25, 0.23, 0.44, 0.56, 0.41, 0.47, 0.31, 0.52, 0.05, 0.19, 1.00, 1.00, 0.55, 0.40, 0.54, 0.59, 0.99, 1.00]
Event Rate: [0.96, 0.35, 0.25, 0.23, 0.44, 0.55, 0.41, 0.47, 0.31, 0.51, 0.05, 0.19, 1.00, 1.00, 0.54, 0.40, 0.53, 0.59, 0.99, 1.00]
Event Rate: [0.96, 0.36, 0.26, 0.24, 0.44, 0.55, 0.41, 0.47, 0.31, 0.52, 0.05, 0.19, 1.00, 1.00, 0.54, 0.40, 0.53, 0.59, 0.99, 1.00]
Event Rate: [0.96, 0.35, 0.25, 0.24, 0.44, 0.55, 0.41, 0.47, 0.31, 0.52, 0.05, 0.19, 1.00, 1.00, 0.54, 0.39, 0.53, 0.59, 0.99, 1.00]
Event Rate: [0.96, 0.35, 0.25, 0.23, 0.44, 0.55, 0.41, 0.48, 0.31, 0.52, 0.05, 0.19, 1.00, 1.00, 0.55, 0.39, 0.53, 0.59, 0.99, 1.00]
Event Rate: [0.96, 0.36, 0.25, 0.23, 0.44, 0.56, 0.41, 0.48, 0.31, 0.52, 0.05, 0.19, 1.00, 1.00, 0.55, 0.40, 0.54, 0.59, 0.99, 1.00]
Event Rate: [0.96, 0.34, 0.24, 0.22, 0.43, 0.54, 0.40, 0.47, 0.31, 0.51, 0.05, 0.19, 1.00, 1.00, 0.54, 0.39, 0.52, 0.58, 0.99, 1.00]
Event Rate: [0.95, 0.34, 0.24, 0.22, 0.43, 0.54, 0.40, 0.47, 0.31, 0.51, 0.05, 0.19, 1.00, 1.00, 0.54, 0.39, 0.52, 0.58, 0.99, 1.00]
Event Rate: [0.96, 0.36, 0.26, 0.24, 0.45, 0.57, 0.41, 0.47, 0.31, 0.52, 0.05, 0.19, 1.00, 1.00, 0.54, 0.40, 0.54, 0.60, 0.99, 1.00]
Event Rate: [0.96, 0.34, 0.24, 0.23, 0.43, 0.55, 0.40, 0.46, 0.31, 0.51, 0.05, 0.19, 1.00, 1.00, 0.53, 0.40, 0.53, 0.58, 0.99, 1.00]
Event Rate: [0.96, 0.36, 0.26, 0.24, 0.45, 0.57, 0.42, 0.47, 0.31, 0.52, 0.05, 0.19, 1.00, 1.00, 0.54, 0.41, 0.54, 0.60, 0.99, 1.00]
Event Rate: [0.96, 0.36, 0.25, 0.24, 0.45, 0.56, 0.41, 0.47, 0.32, 0.53, 0.05, 0.20, 1.00, 1.00, 0.55, 0.42, 0.54, 0.59, 0.99, 1.00]
Event Rate: [0.96, 0.36, 0.25, 0.24, 0.44, 0.56, 0.41, 0.47, 0.31, 0.52, 0.05, 0.20, 1.00, 1.00, 0.54, 0.41, 0.54, 0.59, 0.99, 1.00]
Event Rate: [0.96, 0.36, 0.25, 0.24, 0.45, 0.56, 0.41, 0.47, 0.31, 0.52, 0.05, 0.20, 1.00, 1.00, 0.54, 0.40, 0.54, 0.60, 0.99, 1.00]
Event Rate: [0.95, 0.35, 0.24, 0.22, 0.43, 0.55, 0.40, 0.46, 0.31, 0.52, 0.05, 0.20, 1.00, 1.00, 0.54, 0.39, 0.52, 0.58, 0.99, 1.00]
Event Rate: [0.95, 0.35, 0.24, 0.22, 0.43, 0.55, 0.41, 0.47, 0.31, 0.51, 0.05, 0.20, 1.00, 1.00, 0.54, 0.40, 0.53, 0.59, 0.99, 1.00]
Event Rate: [0.96, 0.34, 0.25, 0.23, 0.44, 0.55, 0.40, 0.47, 0.31, 0.52, 0.05, 0.20, 1.00, 1.00, 0.54, 0.40, 0.53, 0.58, 0.99, 1.00]
Event Rate: [0.96, 0.35, 0.26, 0.23, 0.45, 0.56, 0.41, 0.48, 0.32, 0.53, 0.05, 0.20, 1.00, 1.00, 0.55, 0.41, 0.54, 0.60, 0.99, 1.00]
Event Rate: [0.96, 0.36, 0.26, 0.22, 0.44, 0.56, 0.41, 0.47, 0.31, 0.53, 0.05, 0.20, 1.00, 1.00, 0.54, 0.39, 0.54, 0.59, 0.99, 1.00]
Event Rate: [0.96, 0.35, 0.25, 0.23, 0.45, 0.57, 0.41, 0.47, 0.32, 0.53, 0.05, 0.20, 1.00, 1.00, 0.55, 0.40, 0.54, 0.59, 0.99, 1.00]
Event Rate: [0.96, 0.34, 0.24, 0.22, 0.43, 0.55, 0.40, 0.46, 0.31, 0.52, 0.05, 0.20, 1.00, 1.00, 0.53, 0.39, 0.52, 0.58, 0.99, 1.00]
Event Rate: [0.95, 0.35, 0.24, 0.22, 0.43, 0.56, 0.40, 0.47, 0.31, 0.52, 0.05, 0.20, 1.00, 1.00, 0.54, 0.40, 0.53, 0.59, 0.99, 1.00]
Event Rate: [0.96, 0.35, 0.25, 0.23, 0.43, 0.55, 0.40, 0.47, 0.31, 0.52, 0.05, 0.20, 1.00, 1.00, 0.54, 0.40, 0.53, 0.59, 0.99, 1.00]
Event Rate: [0.96, 0.36, 0.25, 0.23, 0.44, 0.55, 0.40, 0.46, 0.31, 0.52, 0.05, 0.20, 1.00, 1.00, 0.54, 0.41, 0.53, 0.59, 0.99, 1.00]
Event Rate: [0.96, 0.36, 0.25, 0.23, 0.44, 0.56, 0.41, 0.46, 0.31, 0.52, 0.05, 0.20, 1.00, 1.00, 0.54, 0.40, 0.54, 0.59, 0.99, 1.00]
Event Rate: [0.96, 0.36, 0.25, 0.23, 0.44, 0.57, 0.41, 0.46, 0.31, 0.52, 0.05, 0.20, 1.00, 1.00, 0.54, 0.39, 0.54, 0.59, 0.99, 1.00]
Event Rate: [0.96, 0.36, 0.25, 0.23, 0.44, 0.56, 0.41, 0.46, 0.31, 0.52, 0.05, 0.20, 1.00, 1.00, 0.54, 0.40, 0.53, 0.59, 0.99, 1.00]
Event Rate: [0.96, 0.36, 0.25, 0.23, 0.45, 0.56, 0.41, 0.47, 0.31, 0.52, 0.05, 0.20, 1.00, 1.00, 0.55, 0.40, 0.54, 0.60, 0.99, 1.00]
Event Rate: [0.96, 0.35, 0.25, 0.23, 0.44, 0.56, 0.41, 0.46, 0.31, 0.51, 0.05, 0.20, 1.00, 1.00, 0.54, 0.40, 0.53, 0.59, 0.99, 1.00]
Event Rate: [0.96, 0.36, 0.25, 0.23, 0.44, 0.56, 0.41, 0.46, 0.31, 0.52, 0.05, 0.20, 1.00, 1.00, 0.54, 0.40, 0.53, 0.59, 0.99, 1.00]
Event Rate: [0.96, 0.35, 0.25, 0.23, 0.44, 0.56, 0.41, 0.46, 0.31, 0.52, 0.05, 0.20, 1.00, 1.00, 0.54, 0.40, 0.53, 0.59, 0.99, 1.00]
Event Rate: [0.96, 0.36, 0.25, 0.22, 0.44, 0.56, 0.41, 0.47, 0.31, 0.52, 0.05, 0.20, 1.00, 1.00, 0.54, 0.40, 0.54, 0.59, 0.99, 1.00]
Event Rate: [0.96, 0.35, 0.24, 0.22, 0.43, 0.55, 0.40, 0.46, 0.31, 0.52, 0.05, 0.20, 1.00, 1.00, 0.53, 0.39, 0.52, 0.58, 0.99, 1.00]
Event Rate: [0.96, 0.35, 0.25, 0.22, 0.44, 0.56, 0.41, 0.47, 0.31, 0.52, 0.05, 0.20, 1.00, 1.00, 0.55, 0.40, 0.53, 0.59, 0.99, 1.00]
Event Rate: [0.96, 0.36, 0.25, 0.23, 0.44, 0.56, 0.41, 0.47, 0.31, 0.52, 0.05, 0.20, 1.00, 1.00, 0.54, 0.40, 0.54, 0.59, 0.99, 1.00]
Event Rate: [0.96, 0.36, 0.24, 0.22, 0.44, 0.55, 0.40, 0.46, 0.31, 0.52, 0.05, 0.20, 1.00, 1.00, 0.54, 0.40, 0.52, 0.58, 0.99, 1.00]
Event Rate: [0.95, 0.36, 0.25, 0.23, 0.45, 0.56, 0.41, 0.46, 0.31, 0.52, 0.05, 0.20, 1.00, 1.00, 0.54, 0.40, 0.53, 0.59, 0.99, 1.00]
Event Rate: [0.96, 0.36, 0.25, 0.23, 0.44, 0.56, 0.40, 0.46, 0.31, 0.52, 0.05, 0.20, 1.00, 1.00, 0.54, 0.39, 0.52, 0.58, 0.99, 1.00]
Event Rate: [0.96, 0.36, 0.25, 0.22, 0.44, 0.56, 0.40, 0.46, 0.31, 0.52, 0.05, 0.20, 1.00, 1.00, 0.54, 0.39, 0.52, 0.59, 0.99, 1.00]
Event Rate: [0.96, 0.35, 0.24, 0.22, 0.43, 0.55, 0.40, 0.46, 0.31, 0.51, 0.05, 0.20, 1.00, 1.00, 0.53, 0.39, 0.52, 0.59, 0.99, 1.00]
Event Rate: [0.96, 0.35, 0.24, 0.22, 0.43, 0.55, 0.40, 0.46, 0.31, 0.52, 0.05, 0.20, 1.00, 1.00, 0.54, 0.39, 0.52, 0.58, 0.99, 1.00]
Event Rate: [0.96, 0.35, 0.24, 0.22, 0.43, 0.55, 0.40, 0.46, 0.32, 0.52, 0.05, 0.20, 1.00, 1.00, 0.54, 0.39, 0.52, 0.58, 0.99, 1.00]
Event Rate: [0.96, 0.36, 0.25, 0.23, 0.45, 0.56, 0.41, 0.47, 0.32, 0.52, 0.05, 0.20, 1.00, 1.00, 0.54, 0.40, 0.54, 0.60, 0.99, 1.00]
Event Rate: [0.96, 0.35, 0.25, 0.23, 0.44, 0.55, 0.40, 0.46, 0.31, 0.52, 0.05, 0.20, 1.00, 1.00, 0.54, 0.39, 0.53, 0.58, 0.99, 1.00]
Event Rate: [0.96, 0.35, 0.24, 0.22, 0.43, 0.55, 0.40, 0.46, 0.31, 0.52, 0.05, 0.20, 1.00, 1.00, 0.53, 0.38, 0.51, 0.57, 0.99, 1.00]
Event Rate: [0.96, 0.35, 0.24, 0.23, 0.44, 0.56, 0.41, 0.47, 0.32, 0.53, 0.05, 0.20, 1.00, 1.00, 0.53, 0.38, 0.53, 0.59, 0.99, 1.00]
Event Rate: [0.96, 0.34, 0.24, 0.22, 0.43, 0.55, 0.40, 0.46, 0.31, 0.52, 0.05, 0.20, 1.00, 1.00, 0.52, 0.37, 0.52, 0.58, 0.99, 1.00]
Event Rate: [0.96, 0.35, 0.24, 0.22, 0.44, 0.56, 0.40, 0.46, 0.31, 0.52, 0.05, 0.21, 1.00, 1.00, 0.53, 0.38, 0.53, 0.58, 0.99, 1.00]
Event Rate: [0.95, 0.35, 0.24, 0.22, 0.44, 0.56, 0.40, 0.46, 0.31, 0.52, 0.05, 0.20, 1.00, 1.00, 0.53, 0.39, 0.53, 0.59, 0.99, 1.00]
Event Rate: [0.96, 0.35, 0.24, 0.23, 0.45, 0.56, 0.40, 0.46, 0.31, 0.52, 0.05, 0.20, 1.00, 1.00, 0.53, 0.39, 0.53, 0.59, 0.99, 1.00]
Event Rate: [0.96, 0.36, 0.25, 0.23, 0.45, 0.57, 0.41, 0.47, 0.32, 0.52, 0.05, 0.21, 1.00, 1.00, 0.54, 0.39, 0.54, 0.59, 1.00, 1.00]
Event Rate: [0.95, 0.34, 0.23, 0.22, 0.43, 0.55, 0.39, 0.46, 0.31, 0.52, 0.05, 0.20, 1.00, 1.00, 0.52, 0.37, 0.52, 0.57, 0.99, 1.00]
Event Rate: [0.96, 0.34, 0.24, 0.22, 0.44, 0.55, 0.40, 0.46, 0.31, 0.52, 0.05, 0.20, 1.00, 1.00, 0.52, 0.37, 0.53, 0.58, 0.99, 1.00]
Event Rate: [0.96, 0.35, 0.24, 0.23, 0.44, 0.56, 0.40, 0.46, 0.31, 0.52, 0.05, 0.20, 1.00, 1.00, 0.53, 0.38, 0.53, 0.59, 0.99, 1.00]
Event Rate: [0.96, 0.35, 0.24, 0.22, 0.44, 0.56, 0.40, 0.46, 0.31, 0.52, 0.05, 0.20, 1.00, 1.00, 0.53, 0.38, 0.54, 0.59, 0.99, 1.00]
Event Rate: [0.96, 0.35, 0.24, 0.23, 0.44, 0.55, 0.40, 0.46, 0.31, 0.52, 0.05, 0.20, 1.00, 1.00, 0.53, 0.38, 0.53, 0.58, 0.99, 1.00]
Event Rate: [0.96, 0.34, 0.24, 0.22, 0.43, 0.55, 0.39, 0.46, 0.31, 0.51, 0.05, 0.20, 1.00, 1.00, 0.52, 0.37, 0.52, 0.57, 0.99, 1.00]
Event Rate: [0.95, 0.35, 0.24, 0.22, 0.44, 0.55, 0.39, 0.45, 0.31, 0.51, 0.05, 0.20, 1.00, 1.00, 0.52, 0.37, 0.52, 0.57, 0.99, 1.00]
Event Rate: [0.96, 0.35, 0.24, 0.22, 0.43, 0.55, 0.39, 0.45, 0.31, 0.51, 0.05, 0.20, 1.00, 1.00, 0.52, 0.36, 0.51, 0.57, 0.99, 1.00]
Event Rate: [0.96, 0.35, 0.24, 0.22, 0.44, 0.56, 0.40, 0.46, 0.31, 0.52, 0.05, 0.20, 1.00, 1.00, 0.52, 0.37, 0.53, 0.59, 0.99, 1.00]
Event Rate: [0.96, 0.35, 0.24, 0.22, 0.44, 0.56, 0.40, 0.46, 0.31, 0.51, 0.05, 0.20, 1.00, 1.00, 0.52, 0.38, 0.53, 0.59, 0.99, 1.00]
Event Rate: [0.96, 0.36, 0.25, 0.23, 0.45, 0.57, 0.41, 0.47, 0.31, 0.52, 0.05, 0.20, 1.00, 1.00, 0.53, 0.38, 0.54, 0.59, 0.99, 1.00]
Event Rate: [0.96, 0.34, 0.23, 0.22, 0.43, 0.55, 0.39, 0.46, 0.31, 0.51, 0.05, 0.20, 1.00, 1.00, 0.52, 0.37, 0.52, 0.58, 0.99, 1.00]
Event Rate: [0.96, 0.37, 0.26, 0.24, 0.47, 0.58, 0.42, 0.47, 0.32, 0.52, 0.05, 0.21, 1.00, 1.00, 0.54, 0.39, 0.55, 0.60, 0.99, 1.00]
Event Rate: [0.96, 0.35, 0.24, 0.22, 0.44, 0.56, 0.40, 0.47, 0.31, 0.51, 0.05, 0.21, 1.00, 1.00, 0.53, 0.38, 0.54, 0.59, 0.99, 1.00]
Event Rate: [0.96, 0.35, 0.24, 0.23, 0.44, 0.56, 0.40, 0.46, 0.31, 0.51, 0.05, 0.21, 1.00, 1.00, 0.53, 0.38, 0.53, 0.58, 0.99, 1.00]
Event Rate: [0.96, 0.37, 0.26, 0.24, 0.46, 0.57, 0.41, 0.47, 0.32, 0.52, 0.05, 0.21, 1.00, 1.00, 0.54, 0.38, 0.55, 0.60, 0.99, 1.00]
Event Rate: [0.96, 0.35, 0.24, 0.23, 0.44, 0.56, 0.40, 0.47, 0.32, 0.51, 0.05, 0.21, 1.00, 1.00, 0.53, 0.38, 0.53, 0.58, 0.99, 1.00]
Event Rate: [0.96, 0.36, 0.25, 0.23, 0.44, 0.56, 0.40, 0.47, 0.32, 0.52, 0.05, 0.21, 1.00, 1.00, 0.53, 0.38, 0.53, 0.59, 0.99, 1.00]
Event Rate: [0.96, 0.36, 0.25, 0.24, 0.46, 0.57, 0.41, 0.47, 0.31, 0.52, 0.05, 0.21, 1.00, 1.00, 0.54, 0.38, 0.54, 0.59, 0.99, 1.00]
Event Rate: [0.96, 0.36, 0.25, 0.23, 0.45, 0.56, 0.41, 0.47, 0.31, 0.52, 0.05, 0.21, 1.00, 1.00, 0.54, 0.38, 0.54, 0.59, 0.99, 1.00]
Event Rate: [0.96, 0.34, 0.24, 0.22, 0.43, 0.55, 0.39, 0.46, 0.31, 0.51, 0.05, 0.21, 1.00, 1.00, 0.52, 0.36, 0.52, 0.57, 0.99, 1.00]
Event Rate: [0.96, 0.36, 0.24, 0.23, 0.45, 0.56, 0.40, 0.47, 0.31, 0.51, 0.05, 0.21, 1.00, 1.00, 0.53, 0.37, 0.54, 0.59, 0.99, 1.00]
Event Rate: [0.96, 0.36, 0.25, 0.23, 0.45, 0.56, 0.40, 0.46, 0.31, 0.51, 0.05, 0.21, 1.00, 1.00, 0.53, 0.37, 0.53, 0.58, 0.99, 1.00]
Event Rate: [0.96, 0.36, 0.25, 0.23, 0.45, 0.57, 0.41, 0.47, 0.31, 0.51, 0.05, 0.21, 1.00, 1.00, 0.53, 0.37, 0.54, 0.59, 0.99, 1.00]
Event Rate: [0.96, 0.36, 0.25, 0.24, 0.46, 0.57, 0.41, 0.47, 0.31, 0.51, 0.05, 0.21, 1.00, 1.00, 0.54, 0.38, 0.54, 0.59, 0.99, 1.00]
Event Rate: [0.96, 0.36, 0.25, 0.23, 0.46, 0.57, 0.41, 0.47, 0.31, 0.51, 0.05, 0.21, 1.00, 1.00, 0.53, 0.37, 0.54, 0.59, 0.99, 1.00]
Event Rate: [0.96, 0.35, 0.24, 0.24, 0.45, 0.57, 0.41, 0.47, 0.31, 0.51, 0.05, 0.21, 1.00, 1.00, 0.53, 0.37, 0.54, 0.59, 0.99, 1.00]
Event Rate: [0.96, 0.36, 0.25, 0.23, 0.45, 0.57, 0.40, 0.47, 0.31, 0.51, 0.05, 0.21, 1.00, 1.00, 0.52, 0.37, 0.53, 0.58, 0.99, 1.00]
Event Rate: [0.96, 0.36, 0.25, 0.24, 0.45, 0.57, 0.41, 0.47, 0.32, 0.52, 0.05, 0.21, 1.00, 1.00, 0.53, 0.37, 0.54, 0.59, 0.99, 1.00]
Event Rate: [0.96, 0.34, 0.24, 0.23, 0.44, 0.55, 0.39, 0.46, 0.31, 0.51, 0.05, 0.21, 1.00, 1.00, 0.52, 0.37, 0.52, 0.57, 0.99, 1.00]
Event Rate: [0.95, 0.35, 0.24, 0.23, 0.44, 0.55, 0.40, 0.46, 0.31, 0.51, 0.05, 0.21, 1.00, 1.00, 0.52, 0.37, 0.52, 0.58, 0.99, 1.00]
Event Rate: [0.96, 0.36, 0.25, 0.23, 0.45, 0.57, 0.40, 0.47, 0.31, 0.51, 0.05, 0.21, 1.00, 1.00, 0.53, 0.38, 0.53, 0.59, 0.99, 1.00]
Event Rate: [0.96, 0.36, 0.25, 0.23, 0.45, 0.57, 0.41, 0.47, 0.32, 0.52, 0.05, 0.21, 1.00, 1.00, 0.53, 0.39, 0.53, 0.59, 0.99, 1.00]
Event Rate: [0.96, 0.36, 0.25, 0.24, 0.46, 0.58, 0.42, 0.48, 0.32, 0.52, 0.05, 0.21, 1.00, 1.00, 0.54, 0.40, 0.55, 0.60, 0.99, 1.00]
Event Rate: [0.96, 0.36, 0.25, 0.24, 0.46, 0.57, 0.41, 0.47, 0.32, 0.52, 0.05, 0.21, 1.00, 1.00, 0.54, 0.39, 0.54, 0.59, 0.99, 1.00]
Event Rate: [0.96, 0.37, 0.25, 0.24, 0.46, 0.58, 0.41, 0.47, 0.32, 0.52, 0.05, 0.21, 1.00, 1.00, 0.54, 0.39, 0.54, 0.59, 0.99, 1.00]
Event Rate: [0.96, 0.35, 0.25, 0.24, 0.46, 0.57, 0.41, 0.47, 0.32, 0.51, 0.05, 0.21, 1.00, 1.00, 0.54, 0.39, 0.54, 0.59, 0.99, 1.00]
Event Rate: [0.95, 0.35, 0.24, 0.23, 0.45, 0.56, 0.40, 0.47, 0.31, 0.51, 0.05, 0.21, 1.00, 1.00, 0.52, 0.37, 0.53, 0.58, 0.99, 1.00]
Event Rate: [0.96, 0.36, 0.25, 0.24, 0.46, 0.57, 0.41, 0.47, 0.32, 0.52, 0.05, 0.21, 1.00, 1.00, 0.53, 0.38, 0.53, 0.59, 0.99, 1.00]
Event Rate: [0.96, 0.35, 0.25, 0.24, 0.46, 0.57, 0.41, 0.47, 0.32, 0.52, 0.05, 0.21, 1.00, 1.00, 0.53, 0.38, 0.53, 0.58, 0.99, 1.00]
Event Rate: [0.96, 0.35, 0.24, 0.23, 0.45, 0.57, 0.40, 0.46, 0.31, 0.51, 0.05, 0.21, 1.00, 1.00, 0.52, 0.37, 0.52, 0.58, 0.99, 1.00]
Event Rate: [0.96, 0.36, 0.25, 0.24, 0.46, 0.58, 0.41, 0.47, 0.32, 0.52, 0.05, 0.21, 1.00, 1.00, 0.53, 0.39, 0.53, 0.59, 0.99, 1.00]
Event Rate: [0.96, 0.35, 0.24, 0.23, 0.45, 0.56, 0.40, 0.46, 0.31, 0.51, 0.05, 0.21, 1.00, 1.00, 0.52, 0.37, 0.52, 0.58, 0.99, 1.00]
Event Rate: [0.96, 0.36, 0.24, 0.24, 0.45, 0.57, 0.41, 0.46, 0.32, 0.52, 0.05, 0.21, 1.00, 1.00, 0.52, 0.37, 0.53, 0.58, 0.99, 1.00]
Event Rate: [0.96, 0.36, 0.25, 0.24, 0.45, 0.57, 0.40, 0.46, 0.32, 0.52, 0.05, 0.21, 1.00, 1.00, 0.52, 0.37, 0.53, 0.58, 0.99, 1.00]
Event Rate: [0.96, 0.36, 0.25, 0.24, 0.46, 0.56, 0.41, 0.46, 0.32, 0.52, 0.05, 0.21, 1.00, 1.00, 0.52, 0.38, 0.53, 0.58, 0.99, 1.00]
Event Rate: [0.96, 0.36, 0.25, 0.25, 0.47, 0.57, 0.41, 0.47, 0.32, 0.53, 0.05, 0.22, 1.00, 1.00, 0.53, 0.39, 0.54, 0.59, 0.99, 1.00]
Event Rate: [0.96, 0.35, 0.25, 0.25, 0.46, 0.57, 0.41, 0.47, 0.32, 0.53, 0.05, 0.22, 1.00, 1.00, 0.53, 0.38, 0.53, 0.58, 0.99, 1.00]
Event Rate: [0.95, 0.35, 0.24, 0.24, 0.46, 0.57, 0.41, 0.47, 0.32, 0.52, 0.05, 0.22, 1.00, 1.00, 0.53, 0.38, 0.53, 0.59, 0.99, 1.00]
Event Rate: [0.96, 0.35, 0.24, 0.23, 0.45, 0.56, 0.40, 0.46, 0.32, 0.52, 0.05, 0.22, 1.00, 1.00, 0.53, 0.37, 0.52, 0.58, 0.99, 1.00]
Event Rate: [0.95, 0.35, 0.24, 0.24, 0.46, 0.57, 0.40, 0.47, 0.32, 0.52, 0.05, 0.22, 1.00, 1.00, 0.54, 0.38, 0.53, 0.59, 0.99, 1.00]
Event Rate: [0.96, 0.36, 0.24, 0.24, 0.46, 0.56, 0.40, 0.46, 0.32, 0.51, 0.05, 0.22, 1.00, 1.00, 0.53, 0.38, 0.53, 0.58, 0.99, 1.00]
Event Rate: [0.96, 0.35, 0.24, 0.23, 0.45, 0.56, 0.40, 0.46, 0.32, 0.51, 0.05, 0.22, 1.00, 1.00, 0.53, 0.38, 0.52, 0.58, 0.99, 1.00]
Event Rate: [0.96, 0.36, 0.25, 0.24, 0.46, 0.57, 0.41, 0.47, 0.33, 0.52, 0.05, 0.22, 1.00, 1.00, 0.53, 0.38, 0.53, 0.59, 0.99, 1.00]
Event Rate: [0.96, 0.36, 0.25, 0.24, 0.47, 0.58, 0.41, 0.47, 0.33, 0.52, 0.05, 0.22, 1.00, 1.00, 0.54, 0.39, 0.54, 0.59, 0.99, 1.00]
Event Rate: [0.96, 0.36, 0.25, 0.24, 0.46, 0.57, 0.41, 0.47, 0.33, 0.52, 0.05, 0.22, 1.00, 1.00, 0.53, 0.38, 0.53, 0.58, 0.99, 1.00]
Event Rate: [0.96, 0.36, 0.25, 0.24, 0.47, 0.58, 0.41, 0.48, 0.33, 0.52, 0.05, 0.22, 1.00, 1.00, 0.53, 0.38, 0.53, 0.59, 0.99, 1.00]
Event Rate: [0.96, 0.35, 0.24, 0.23, 0.45, 0.56, 0.40, 0.47, 0.32, 0.52, 0.05, 0.22, 1.00, 1.00, 0.52, 0.37, 0.52, 0.57, 0.99, 1.00]
Event Rate: [0.96, 0.35, 0.24, 0.23, 0.45, 0.56, 0.39, 0.46, 0.32, 0.51, 0.05, 0.21, 1.00, 1.00, 0.52, 0.37, 0.52, 0.57, 0.99, 1.00]
Event Rate: [0.96, 0.35, 0.24, 0.24, 0.46, 0.56, 0.40, 0.46, 0.32, 0.51, 0.05, 0.21, 1.00, 1.00, 0.52, 0.38, 0.52, 0.57, 0.99, 1.00]
Event Rate: [0.96, 0.35, 0.24, 0.24, 0.46, 0.56, 0.40, 0.46, 0.33, 0.51, 0.05, 0.22, 1.00, 1.00, 0.53, 0.39, 0.52, 0.57, 0.99, 1.00]
Event Rate: [0.96, 0.36, 0.24, 0.24, 0.46, 0.57, 0.41, 0.47, 0.33, 0.52, 0.05, 0.22, 1.00, 1.00, 0.54, 0.39, 0.53, 0.58, 0.99, 1.00]
Event Rate: [0.96, 0.36, 0.25, 0.24, 0.46, 0.57, 0.40, 0.47, 0.33, 0.51, 0.05, 0.22, 1.00, 1.00, 0.53, 0.38, 0.53, 0.58, 0.99, 1.00]
Event Rate: [0.96, 0.36, 0.24, 0.24, 0.46, 0.57, 0.40, 0.47, 0.33, 0.51, 0.05, 0.22, 1.00, 1.00, 0.52, 0.37, 0.52, 0.58, 0.99, 1.00]
Event Rate: [0.96, 0.35, 0.25, 0.24, 0.47, 0.57, 0.41, 0.47, 0.34, 0.52, 0.05, 0.22, 1.00, 1.00, 0.53, 0.38, 0.53, 0.59, 0.99, 1.00]
Event Rate: [0.96, 0.35, 0.25, 0.24, 0.46, 0.57, 0.41, 0.47, 0.33, 0.51, 0.05, 0.22, 1.00, 1.00, 0.53, 0.39, 0.53, 0.58, 0.99, 1.00]
Event Rate: [0.96, 0.34, 0.24, 0.23, 0.45, 0.56, 0.40, 0.47, 0.34, 0.51, 0.05, 0.22, 1.00, 1.00, 0.52, 0.38, 0.53, 0.58, 0.99, 1.00]
Event Rate: [0.96, 0.35, 0.24, 0.23, 0.45, 0.57, 0.40, 0.47, 0.33, 0.51, 0.05, 0.22, 1.00, 1.00, 0.52, 0.37, 0.52, 0.58, 0.99, 1.00]
Event Rate: [0.96, 0.36, 0.25, 0.24, 0.47, 0.58, 0.41, 0.48, 0.34, 0.51, 0.05, 0.22, 1.00, 1.00, 0.52, 0.38, 0.53, 0.59, 0.99, 1.00]
Event Rate: [0.96, 0.35, 0.25, 0.24, 0.46, 0.58, 0.41, 0.48, 0.34, 0.51, 0.05, 0.22, 1.00, 1.00, 0.53, 0.38, 0.53, 0.59, 0.99, 1.00]
Event Rate: [0.96, 0.35, 0.25, 0.24, 0.47, 0.58, 0.41, 0.48, 0.34, 0.51, 0.05, 0.22, 1.00, 1.00, 0.53, 0.38, 0.54, 0.59, 0.99, 1.00]
Event Rate: [0.96, 0.34, 0.24, 0.23, 0.46, 0.57, 0.40, 0.47, 0.33, 0.51, 0.05, 0.22, 1.00, 1.00, 0.52, 0.39, 0.52, 0.58, 0.99, 1.00]
Event Rate: [0.95, 0.35, 0.25, 0.25, 0.47, 0.58, 0.41, 0.48, 0.33, 0.51, 0.05, 0.22, 1.00, 1.00, 0.52, 0.39, 0.53, 0.59, 0.99, 1.00]
Event Rate: [0.96, 0.35, 0.25, 0.25, 0.47, 0.58, 0.41, 0.48, 0.34, 0.52, 0.05, 0.22, 1.00, 1.00, 0.53, 0.39, 0.53, 0.59, 0.99, 1.00]
Event Rate: [0.96, 0.35, 0.24, 0.24, 0.46, 0.58, 0.40, 0.48, 0.34, 0.52, 0.05, 0.22, 1.00, 1.00, 0.52, 0.38, 0.53, 0.59, 0.99, 1.00]
Event Rate: [0.96, 0.35, 0.24, 0.24, 0.46, 0.57, 0.40, 0.48, 0.34, 0.52, 0.05, 0.22, 1.00, 1.00, 0.52, 0.38, 0.53, 0.59, 0.99, 1.00]
Event Rate: [0.96, 0.35, 0.25, 0.25, 0.46, 0.57, 0.40, 0.48, 0.34, 0.52, 0.05, 0.22, 1.00, 1.00, 0.53, 0.39, 0.53, 0.59, 0.99, 1.00]
Event Rate: [0.96, 0.35, 0.25, 0.24, 0.47, 0.57, 0.40, 0.48, 0.34, 0.52, 0.05, 0.22, 1.00, 1.00, 0.52, 0.39, 0.53, 0.59, 0.99, 1.00]
Event Rate: [0.96, 0.35, 0.25, 0.24, 0.46, 0.56, 0.40, 0.48, 0.34, 0.52, 0.05, 0.22, 1.00, 1.00, 0.52, 0.38, 0.52, 0.58, 0.99, 1.00]
Event Rate: [0.96, 0.36, 0.25, 0.24, 0.47, 0.58, 0.40, 0.48, 0.34, 0.51, 0.05, 0.22, 1.00, 1.00, 0.53, 0.38, 0.53, 0.59, 0.99, 1.00]
Event Rate: [0.96, 0.36, 0.26, 0.25, 0.48, 0.59, 0.41, 0.49, 0.35, 0.52, 0.05, 0.22, 1.00, 1.00, 0.54, 0.39, 0.54, 0.60, 0.99, 1.00]
Event Rate: [0.96, 0.36, 0.26, 0.26, 0.48, 0.58, 0.41, 0.49, 0.36, 0.52, 0.05, 0.22, 1.00, 1.00, 0.54, 0.40, 0.54, 0.60, 0.99, 1.00]
Event Rate: [0.96, 0.35, 0.25, 0.24, 0.47, 0.58, 0.41, 0.49, 0.36, 0.52, 0.05, 0.22, 1.00, 1.00, 0.53, 0.39, 0.53, 0.59, 0.99, 1.00]
Event Rate: [0.96, 0.35, 0.25, 0.25, 0.47, 0.58, 0.41, 0.49, 0.36, 0.51, 0.05, 0.22, 1.00, 1.00, 0.52, 0.39, 0.53, 0.59, 0.99, 1.00]
Event Rate: [0.96, 0.34, 0.25, 0.24, 0.46, 0.57, 0.40, 0.49, 0.36, 0.51, 0.05, 0.22, 1.00, 1.00, 0.52, 0.39, 0.53, 0.58, 0.99, 1.00]
Event Rate: [0.96, 0.36, 0.26, 0.26, 0.48, 0.59, 0.42, 0.50, 0.36, 0.52, 0.05, 0.22, 1.00, 1.00, 0.54, 0.40, 0.55, 0.60, 0.99, 1.00]
Event Rate: [0.96, 0.35, 0.26, 0.25, 0.47, 0.58, 0.41, 0.49, 0.35, 0.51, 0.05, 0.22, 1.00, 1.00, 0.52, 0.38, 0.53, 0.59, 0.99, 1.00]
Event Rate: [0.96, 0.36, 0.26, 0.25, 0.47, 0.58, 0.41, 0.49, 0.35, 0.52, 0.05, 0.22, 1.00, 1.00, 0.52, 0.38, 0.53, 0.59, 0.99, 1.00]
Event Rate: [0.96, 0.35, 0.25, 0.24, 0.46, 0.57, 0.40, 0.49, 0.35, 0.52, 0.05, 0.22, 1.00, 1.00, 0.51, 0.38, 0.52, 0.58, 0.99, 1.00]
Event Rate: [0.96, 0.36, 0.25, 0.24, 0.47, 0.58, 0.40, 0.49, 0.35, 0.52, 0.05, 0.22, 1.00, 1.00, 0.52, 0.39, 0.53, 0.59, 0.99, 1.00]
Event Rate: [0.96, 0.35, 0.25, 0.25, 0.47, 0.57, 0.40, 0.49, 0.35, 0.52, 0.05, 0.22, 1.00, 1.00, 0.52, 0.39, 0.53, 0.58, 0.99, 1.00]
Event Rate: [0.96, 0.35, 0.25, 0.24, 0.46, 0.57, 0.40, 0.49, 0.34, 0.52, 0.05, 0.22, 1.00, 1.00, 0.52, 0.39, 0.52, 0.58, 0.99, 1.00]
Event Rate: [0.96, 0.35, 0.25, 0.24, 0.46, 0.57, 0.40, 0.49, 0.35, 0.52, 0.05, 0.22, 1.00, 1.00, 0.52, 0.39, 0.53, 0.58, 0.99, 1.00]
Event Rate: [0.96, 0.36, 0.25, 0.25, 0.47, 0.58, 0.40, 0.49, 0.34, 0.52, 0.05, 0.22, 1.00, 1.00, 0.52, 0.39, 0.53, 0.58, 0.99, 1.00]
Event Rate: [0.96, 0.36, 0.25, 0.24, 0.47, 0.58, 0.40, 0.50, 0.34, 0.52, 0.05, 0.22, 1.00, 1.00, 0.52, 0.39, 0.53, 0.59, 1.00, 1.00]
Event Rate: [0.96, 0.36, 0.25, 0.25, 0.47, 0.58, 0.41, 0.50, 0.35, 0.52, 0.05, 0.23, 1.00, 1.00, 0.52, 0.40, 0.53, 0.59, 0.99, 1.00]
Event Rate: [0.96, 0.35, 0.25, 0.25, 0.47, 0.58, 0.41, 0.50, 0.34, 0.52, 0.05, 0.22, 1.00, 1.00, 0.52, 0.39, 0.53, 0.58, 0.99, 1.00]
Event Rate: [0.96, 0.35, 0.25, 0.25, 0.46, 0.58, 0.40, 0.50, 0.35, 0.52, 0.05, 0.22, 1.00, 1.00, 0.52, 0.40, 0.53, 0.58, 0.99, 1.00]
Event Rate: [0.96, 0.35, 0.25, 0.25, 0.47, 0.58, 0.40, 0.50, 0.35, 0.52, 0.05, 0.22, 1.00, 1.00, 0.52, 0.39, 0.53, 0.59, 0.99, 1.00]
Event Rate: [0.96, 0.35, 0.25, 0.25, 0.47, 0.58, 0.41, 0.50, 0.35, 0.52, 0.05, 0.23, 1.00, 1.00, 0.53, 0.39, 0.54, 0.59, 0.99, 1.00]
Event Rate: [0.96, 0.35, 0.25, 0.25, 0.48, 0.59, 0.41, 0.50, 0.35, 0.52, 0.05, 0.22, 1.00, 1.00, 0.52, 0.39, 0.54, 0.60, 0.99, 1.00]
Event Rate: [0.96, 0.34, 0.24, 0.24, 0.46, 0.58, 0.40, 0.50, 0.35, 0.52, 0.05, 0.23, 1.00, 1.00, 0.53, 0.40, 0.54, 0.59, 0.99, 1.00]
Event Rate: [0.96, 0.35, 0.25, 0.25, 0.47, 0.57, 0.41, 0.50, 0.35, 0.52, 0.05, 0.23, 1.00, 1.00, 0.53, 0.40, 0.54, 0.59, 0.99, 1.00]
Event Rate: [0.96, 0.36, 0.26, 0.26, 0.48, 0.59, 0.42, 0.50, 0.35, 0.52, 0.05, 0.23, 1.00, 1.00, 0.54, 0.41, 0.55, 0.60, 0.99, 1.00]
Event Rate: [0.96, 0.35, 0.24, 0.25, 0.47, 0.58, 0.41, 0.49, 0.35, 0.52, 0.05, 0.22, 1.00, 1.00, 0.53, 0.40, 0.54, 0.59, 0.99, 1.00]
Event Rate: [0.96, 0.36, 0.25, 0.25, 0.48, 0.58, 0.41, 0.49, 0.35, 0.52, 0.05, 0.22, 1.00, 1.00, 0.53, 0.40, 0.54, 0.59, 0.99, 1.00]
Event Rate: [0.96, 0.36, 0.25, 0.25, 0.48, 0.58, 0.41, 0.49, 0.34, 0.52, 0.05, 0.22, 1.00, 1.00, 0.53, 0.40, 0.54, 0.59, 0.99, 1.00]
Event Rate: [0.95, 0.35, 0.25, 0.25, 0.47, 0.58, 0.40, 0.49, 0.34, 0.52, 0.05, 0.22, 1.00, 1.00, 0.52, 0.39, 0.53, 0.59, 0.99, 1.00]
Event Rate: [0.96, 0.35, 0.25, 0.25, 0.47, 0.58, 0.41, 0.49, 0.34, 0.52, 0.05, 0.22, 1.00, 1.00, 0.52, 0.39, 0.53, 0.59, 0.99, 1.00]
Event Rate: [0.96, 0.35, 0.24, 0.25, 0.47, 0.57, 0.41, 0.49, 0.34, 0.52, 0.05, 0.22, 1.00, 1.00, 0.52, 0.40, 0.53, 0.59, 0.99, 1.00]
Event Rate: [0.96, 0.35, 0.24, 0.24, 0.46, 0.57, 0.40, 0.48, 0.34, 0.51, 0.05, 0.22, 1.00, 1.00, 0.51, 0.39, 0.53, 0.58, 0.99, 1.00]
Event Rate: [0.96, 0.34, 0.24, 0.24, 0.46, 0.57, 0.40, 0.49, 0.34, 0.52, 0.05, 0.23, 1.00, 1.00, 0.52, 0.40, 0.54, 0.58, 0.99, 1.00]
Event Rate: [0.96, 0.35, 0.24, 0.24, 0.46, 0.57, 0.40, 0.48, 0.34, 0.51, 0.05, 0.22, 1.00, 1.00, 0.51, 0.38, 0.52, 0.57, 0.99, 1.00]
Event Rate: [0.96, 0.35, 0.25, 0.25, 0.47, 0.58, 0.41, 0.49, 0.34, 0.52, 0.05, 0.23, 1.00, 1.00, 0.52, 0.39, 0.54, 0.59, 0.99, 1.00]
Event Rate: [0.96, 0.36, 0.25, 0.25, 0.48, 0.58, 0.41, 0.49, 0.34, 0.52, 0.05, 0.23, 1.00, 1.00, 0.53, 0.40, 0.55, 0.59, 0.99, 1.00]
Event Rate: [0.96, 0.36, 0.25, 0.25, 0.48, 0.59, 0.41, 0.50, 0.34, 0.52, 0.05, 0.23, 1.00, 1.00, 0.53, 0.40, 0.55, 0.59, 0.99, 1.00]
Event Rate: [0.96, 0.36, 0.25, 0.26, 0.49, 0.59, 0.42, 0.49, 0.35, 0.53, 0.05, 0.23, 1.00, 1.00, 0.53, 0.40, 0.55, 0.60, 0.99, 1.00]
Event Rate: [0.96, 0.35, 0.25, 0.25, 0.47, 0.58, 0.41, 0.49, 0.34, 0.52, 0.05, 0.23, 1.00, 1.00, 0.52, 0.39, 0.54, 0.59, 0.99, 1.00]
Event Rate: [0.96, 0.34, 0.24, 0.24, 0.47, 0.58, 0.41, 0.49, 0.34, 0.53, 0.05, 0.23, 1.00, 1.00, 0.52, 0.39, 0.54, 0.59, 0.99, 1.00]
Event Rate: [0.96, 0.36, 0.26, 0.26, 0.49, 0.60, 0.42, 0.50, 0.35, 0.52, 0.05, 0.23, 1.00, 1.00, 0.53, 0.41, 0.56, 0.60, 0.99, 1.00]
Event Rate: [0.96, 0.34, 0.24, 0.24, 0.47, 0.58, 0.41, 0.49, 0.35, 0.53, 0.05, 0.23, 1.00, 1.00, 0.52, 0.40, 0.54, 0.58, 0.99, 1.00]
Event Rate: [0.96, 0.35, 0.25, 0.25, 0.48, 0.59, 0.41, 0.49, 0.35, 0.53, 0.05, 0.23, 1.00, 1.00, 0.53, 0.41, 0.55, 0.59, 0.99, 1.00]
Event Rate: [0.96, 0.35, 0.25, 0.25, 0.48, 0.59, 0.42, 0.50, 0.35, 0.53, 0.05, 0.23, 1.00, 1.00, 0.53, 0.40, 0.55, 0.60, 0.99, 1.00]
Event Rate: [0.96, 0.34, 0.24, 0.24, 0.47, 0.58, 0.41, 0.49, 0.34, 0.53, 0.05, 0.23, 1.00, 1.00, 0.52, 0.39, 0.54, 0.59, 0.99, 1.00]
Event Rate: [0.95, 0.34, 0.24, 0.24, 0.47, 0.58, 0.41, 0.49, 0.34, 0.53, 0.05, 0.23, 1.00, 1.00, 0.52, 0.38, 0.54, 0.59, 1.00, 1.00]
Event Rate: [0.96, 0.35, 0.24, 0.24, 0.48, 0.59, 0.41, 0.49, 0.34, 0.53, 0.05, 0.23, 1.00, 1.00, 0.52, 0.39, 0.54, 0.59, 1.00, 1.00]
Event Rate: [0.96, 0.36, 0.26, 0.26, 0.49, 0.59, 0.42, 0.50, 0.35, 0.53, 0.05, 0.23, 1.00, 1.00, 0.52, 0.39, 0.55, 0.60, 0.99, 1.00]
Event Rate: [0.96, 0.34, 0.24, 0.24, 0.47, 0.57, 0.40, 0.49, 0.34, 0.52, 0.05, 0.23, 1.00, 1.00, 0.51, 0.38, 0.53, 0.58, 1.00, 1.00]
Event Rate: [0.95, 0.35, 0.24, 0.24, 0.47, 0.58, 0.41, 0.49, 0.34, 0.53, 0.05, 0.23, 1.00, 1.00, 0.52, 0.39, 0.54, 0.59, 0.99, 1.00]
Event Rate: [0.96, 0.36, 0.25, 0.25, 0.48, 0.59, 0.41, 0.49, 0.34, 0.53, 0.05, 0.23, 1.00, 1.00, 0.52, 0.39, 0.54, 0.59, 0.99, 1.00]
Event Rate: [0.96, 0.35, 0.24, 0.24, 0.46, 0.57, 0.40, 0.48, 0.34, 0.52, 0.05, 0.22, 1.00, 1.00, 0.51, 0.38, 0.52, 0.58, 0.99, 1.00]
Event Rate: [0.96, 0.35, 0.24, 0.24, 0.47, 0.58, 0.41, 0.49, 0.34, 0.52, 0.05, 0.23, 1.00, 1.00, 0.51, 0.38, 0.53, 0.59, 0.99, 1.00]
Event Rate: [0.96, 0.35, 0.25, 0.25, 0.48, 0.59, 0.41, 0.49, 0.34, 0.53, 0.05, 0.23, 1.00, 1.00, 0.52, 0.39, 0.54, 0.60, 0.99, 1.00]
Event Rate: [0.96, 0.35, 0.24, 0.25, 0.47, 0.58, 0.41, 0.49, 0.34, 0.53, 0.05, 0.23, 1.00, 1.00, 0.52, 0.39, 0.54, 0.59, 0.99, 1.00]
Event Rate: [0.96, 0.35, 0.25, 0.25, 0.48, 0.58, 0.41, 0.49, 0.35, 0.52, 0.05, 0.23, 1.00, 1.00, 0.52, 0.39, 0.54, 0.59, 0.99, 1.00]
Event Rate: [0.96, 0.35, 0.25, 0.25, 0.48, 0.59, 0.41, 0.49, 0.34, 0.52, 0.05, 0.23, 1.00, 1.00, 0.52, 0.39, 0.54, 0.59, 0.99, 1.00]
Event Rate: [0.96, 0.36, 0.25, 0.25, 0.48, 0.58, 0.41, 0.49, 0.34, 0.52, 0.05, 0.23, 1.00, 1.00, 0.52, 0.39, 0.54, 0.59, 0.99, 1.00]
Event Rate: [0.96, 0.36, 0.25, 0.25, 0.49, 0.59, 0.41, 0.49, 0.35, 0.52, 0.05, 0.23, 1.00, 1.00, 0.53, 0.40, 0.55, 0.60, 0.99, 1.00]
Event Rate: [0.96, 0.35, 0.24, 0.25, 0.48, 0.58, 0.40, 0.49, 0.34, 0.52, 0.05, 0.23, 1.00, 1.00, 0.51, 0.38, 0.53, 0.58, 0.99, 1.00]
Event Rate: [0.96, 0.37, 0.25, 0.26, 0.49, 0.59, 0.41, 0.50, 0.35, 0.53, 0.05, 0.23, 1.00, 1.00, 0.53, 0.40, 0.55, 0.60, 0.99, 1.00]
Event Rate: [0.95, 0.36, 0.25, 0.25, 0.48, 0.58, 0.41, 0.49, 0.35, 0.53, 0.05, 0.23, 1.00, 1.00, 0.52, 0.39, 0.54, 0.59, 0.99, 1.00]
Event Rate: [0.95, 0.35, 0.24, 0.25, 0.47, 0.58, 0.40, 0.49, 0.35, 0.52, 0.05, 0.23, 1.00, 1.00, 0.52, 0.39, 0.53, 0.58, 0.99, 1.00]
Event Rate: [0.96, 0.35, 0.24, 0.24, 0.46, 0.57, 0.40, 0.49, 0.35, 0.52, 0.05, 0.23, 1.00, 1.00, 0.51, 0.39, 0.53, 0.58, 0.99, 1.00]
Event Rate: [0.96, 0.36, 0.25, 0.25, 0.48, 0.59, 0.41, 0.49, 0.36, 0.52, 0.05, 0.23, 1.00, 1.00, 0.52, 0.39, 0.54, 0.59, 0.99, 1.00]
Event Rate: [0.95, 0.36, 0.25, 0.25, 0.49, 0.60, 0.41, 0.50, 0.36, 0.53, 0.05, 0.23, 1.00, 1.00, 0.52, 0.40, 0.54, 0.59, 1.00, 1.00]
Event Rate: [0.96, 0.35, 0.25, 0.25, 0.48, 0.59, 0.41, 0.50, 0.36, 0.53, 0.05, 0.23, 1.00, 1.00, 0.52, 0.39, 0.54, 0.59, 1.00, 1.00]
Event Rate: [0.96, 0.35, 0.25, 0.25, 0.48, 0.58, 0.41, 0.50, 0.36, 0.53, 0.05, 0.23, 1.00, 1.00, 0.52, 0.39, 0.54, 0.59, 0.99, 1.00]
Event Rate: [0.96, 0.34, 0.24, 0.25, 0.48, 0.58, 0.41, 0.50, 0.36, 0.53, 0.05, 0.23, 1.00, 1.00, 0.52, 0.40, 0.54, 0.59, 0.99, 1.00]
Event Rate: [0.96, 0.34, 0.24, 0.25, 0.48, 0.58, 0.41, 0.50, 0.37, 0.53, 0.05, 0.23, 1.00, 1.00, 0.53, 0.40, 0.54, 0.59, 0.99, 1.00]
Event Rate: [0.95, 0.34, 0.24, 0.25, 0.48, 0.58, 0.41, 0.50, 0.37, 0.52, 0.05, 0.23, 1.00, 1.00, 0.52, 0.40, 0.53, 0.59, 0.99, 1.00]
Event Rate: [0.95, 0.34, 0.24, 0.24, 0.47, 0.58, 0.40, 0.50, 0.36, 0.52, 0.05, 0.23, 1.00, 1.00, 0.51, 0.39, 0.53, 0.58, 0.99, 1.00]
Event Rate: [0.96, 0.35, 0.24, 0.25, 0.48, 0.58, 0.41, 0.50, 0.37, 0.53, 0.05, 0.23, 1.00, 1.00, 0.52, 0.39, 0.53, 0.58, 0.99, 1.00]
Event Rate: [0.96, 0.34, 0.24, 0.25, 0.47, 0.58, 0.40, 0.50, 0.37, 0.52, 0.05, 0.23, 1.00, 1.00, 0.51, 0.39, 0.53, 0.58, 0.99, 1.00]
Event Rate: [0.96, 0.35, 0.25, 0.25, 0.48, 0.59, 0.41, 0.51, 0.37, 0.53, 0.05, 0.23, 1.00, 1.00, 0.52, 0.40, 0.55, 0.59, 0.99, 1.00]
Event Rate: [0.96, 0.33, 0.24, 0.24, 0.47, 0.57, 0.40, 0.50, 0.37, 0.52, 0.05, 0.23, 1.00, 1.00, 0.51, 0.39, 0.53, 0.58, 0.99, 1.00]
Event Rate: [0.96, 0.34, 0.25, 0.25, 0.48, 0.58, 0.41, 0.51, 0.37, 0.53, 0.05, 0.23, 1.00, 1.00, 0.52, 0.40, 0.54, 0.59, 0.99, 1.00]
Event Rate: [0.96, 0.36, 0.26, 0.26, 0.49, 0.59, 0.42, 0.51, 0.37, 0.53, 0.05, 0.23, 1.00, 1.00, 0.53, 0.41, 0.55, 0.60, 0.99, 1.00]
Event Rate: [0.96, 0.36, 0.26, 0.26, 0.49, 0.59, 0.42, 0.51, 0.37, 0.53, 0.05, 0.23, 1.00, 1.00, 0.53, 0.41, 0.55, 0.60, 1.00, 1.00]
Event Rate: [0.96, 0.35, 0.25, 0.26, 0.48, 0.59, 0.41, 0.51, 0.37, 0.53, 0.05, 0.23, 1.00, 1.00, 0.52, 0.40, 0.54, 0.59, 1.00, 1.00]
Event Rate: [0.96, 0.35, 0.25, 0.26, 0.48, 0.59, 0.41, 0.51, 0.37, 0.54, 0.05, 0.23, 1.00, 1.00, 0.52, 0.40, 0.54, 0.59, 1.00, 1.00]
Event Rate: [0.95, 0.34, 0.24, 0.25, 0.47, 0.58, 0.40, 0.50, 0.37, 0.53, 0.05, 0.23, 1.00, 1.00, 0.51, 0.39, 0.53, 0.59, 0.99, 1.00]
Event Rate: [0.96, 0.36, 0.25, 0.25, 0.49, 0.59, 0.41, 0.51, 0.37, 0.53, 0.05, 0.23, 1.00, 1.00, 0.52, 0.40, 0.54, 0.59, 1.00, 1.00]
Event Rate: [0.96, 0.36, 0.26, 0.26, 0.49, 0.59, 0.42, 0.51, 0.37, 0.53, 0.05, 0.23, 1.00, 1.00, 0.52, 0.40, 0.54, 0.59, 0.99, 1.00]
Event Rate: [0.96, 0.36, 0.25, 0.26, 0.49, 0.60, 0.42, 0.51, 0.37, 0.53, 0.05, 0.24, 1.00, 1.00, 0.52, 0.41, 0.55, 0.60, 0.99, 1.00]
Event Rate: [0.96, 0.35, 0.25, 0.25, 0.47, 0.58, 0.41, 0.50, 0.37, 0.53, 0.05, 0.23, 1.00, 1.00, 0.52, 0.40, 0.53, 0.58, 0.99, 1.00]
Event Rate: [0.95, 0.36, 0.25, 0.26, 0.49, 0.60, 0.42, 0.51, 0.37, 0.54, 0.05, 0.24, 1.00, 1.00, 0.53, 0.40, 0.55, 0.60, 0.99, 1.00]
Event Rate: [0.96, 0.36, 0.25, 0.26, 0.49, 0.59, 0.42, 0.51, 0.37, 0.54, 0.05, 0.24, 1.00, 1.00, 0.52, 0.40, 0.54, 0.60, 1.00, 1.00]
Event Rate: [0.96, 0.35, 0.25, 0.25, 0.48, 0.58, 0.41, 0.50, 0.37, 0.53, 0.05, 0.23, 1.00, 1.00, 0.51, 0.39, 0.53, 0.58, 0.99, 1.00]
Event Rate: [0.96, 0.35, 0.25, 0.25, 0.48, 0.58, 0.41, 0.50, 0.37, 0.53, 0.05, 0.24, 1.00, 1.00, 0.52, 0.39, 0.53, 0.58, 0.99, 1.00]
Event Rate: [0.96, 0.35, 0.25, 0.25, 0.48, 0.59, 0.41, 0.50, 0.37, 0.53, 0.05, 0.24, 1.00, 1.00, 0.52, 0.40, 0.54, 0.59, 0.99, 1.00]
Event Rate: [0.96, 0.34, 0.24, 0.24, 0.46, 0.57, 0.40, 0.49, 0.37, 0.52, 0.05, 0.24, 1.00, 1.00, 0.51, 0.39, 0.52, 0.57, 0.99, 1.00]
Event Rate: [0.96, 0.35, 0.25, 0.26, 0.48, 0.58, 0.41, 0.50, 0.37, 0.53, 0.05, 0.24, 1.00, 1.00, 0.53, 0.41, 0.54, 0.59, 1.00, 1.00]
Event Rate: [0.96, 0.35, 0.25, 0.25, 0.48, 0.58, 0.41, 0.50, 0.37, 0.53, 0.05, 0.24, 1.00, 1.00, 0.52, 0.40, 0.53, 0.59, 0.99, 1.00]
Event Rate: [0.95, 0.35, 0.25, 0.25, 0.47, 0.58, 0.41, 0.49, 0.37, 0.53, 0.05, 0.24, 1.00, 1.00, 0.51, 0.39, 0.53, 0.58, 0.99, 1.00]
Event Rate: [0.96, 0.35, 0.25, 0.25, 0.48, 0.58, 0.41, 0.50, 0.37, 0.53, 0.05, 0.24, 1.00, 1.00, 0.51, 0.39, 0.53, 0.58, 0.99, 1.00]
Event Rate: [0.96, 0.36, 0.26, 0.26, 0.49, 0.60, 0.42, 0.50, 0.37, 0.53, 0.05, 0.24, 1.00, 1.00, 0.52, 0.40, 0.54, 0.60, 0.99, 1.00]
Event Rate: [0.96, 0.36, 0.26, 0.26, 0.49, 0.59, 0.42, 0.50, 0.37, 0.53, 0.05, 0.24, 1.00, 1.00, 0.53, 0.40, 0.55, 0.60, 0.99, 1.00]
Event Rate: [0.96, 0.36, 0.26, 0.26, 0.49, 0.60, 0.42, 0.50, 0.37, 0.53, 0.05, 0.24, 1.00, 1.00, 0.53, 0.41, 0.55, 0.60, 1.00, 1.00]
Event Rate: [0.96, 0.36, 0.26, 0.26, 0.49, 0.60, 0.42, 0.50, 0.37, 0.53, 0.05, 0.24, 1.00, 1.00, 0.52, 0.41, 0.55, 0.60, 1.00, 1.00]
Event Rate: [0.96, 0.35, 0.24, 0.25, 0.48, 0.58, 0.41, 0.49, 0.37, 0.53, 0.05, 0.24, 1.00, 1.00, 0.52, 0.40, 0.53, 0.58, 0.99, 1.00]
Event Rate: [0.96, 0.35, 0.25, 0.26, 0.49, 0.59, 0.41, 0.49, 0.37, 0.53, 0.05, 0.24, 1.00, 1.00, 0.51, 0.40, 0.54, 0.59, 0.99, 1.00]
Event Rate: [0.96, 0.35, 0.25, 0.26, 0.49, 0.59, 0.42, 0.50, 0.37, 0.53, 0.05, 0.24, 1.00, 1.00, 0.52, 0.40, 0.54, 0.59, 0.99, 1.00]
Event Rate: [0.96, 0.35, 0.25, 0.26, 0.49, 0.59, 0.42, 0.49, 0.37, 0.53, 0.05, 0.24, 1.00, 1.00, 0.52, 0.40, 0.54, 0.59, 0.99, 1.00]
Event Rate: [0.96, 0.35, 0.25, 0.26, 0.49, 0.59, 0.41, 0.49, 0.36, 0.53, 0.05, 0.24, 1.00, 1.00, 0.52, 0.40, 0.54, 0.59, 0.99, 1.00]
Event Rate: [0.96, 0.35, 0.25, 0.26, 0.49, 0.59, 0.41, 0.49, 0.36, 0.53, 0.05, 0.24, 1.00, 1.00, 0.52, 0.40, 0.54, 0.59, 0.99, 1.00]
Event Rate: [0.95, 0.36, 0.25, 0.26, 0.49, 0.60, 0.42, 0.49, 0.36, 0.53, 0.05, 0.24, 1.00, 1.00, 0.52, 0.40, 0.55, 0.60, 0.99, 1.00]
Event Rate: [0.95, 0.35, 0.25, 0.26, 0.49, 0.60, 0.42, 0.49, 0.36, 0.53, 0.05, 0.24, 1.00, 1.00, 0.52, 0.40, 0.55, 0.59, 0.99, 1.00]
Event Rate: [0.96, 0.34, 0.24, 0.25, 0.48, 0.58, 0.41, 0.49, 0.36, 0.53, 0.05, 0.24, 1.00, 1.00, 0.51, 0.39, 0.53, 0.58, 0.99, 1.00]
Event Rate: [0.96, 0.35, 0.25, 0.25, 0.48, 0.58, 0.41, 0.49, 0.36, 0.53, 0.05, 0.24, 1.00, 1.00, 0.52, 0.40, 0.54, 0.59, 1.00, 1.00]
Event Rate: [0.96, 0.36, 0.26, 0.26, 0.49, 0.59, 0.42, 0.49, 0.36, 0.53, 0.05, 0.24, 1.00, 1.00, 0.52, 0.40, 0.54, 0.60, 0.99, 1.00]
Event Rate: [0.95, 0.34, 0.24, 0.25, 0.48, 0.58, 0.41, 0.48, 0.36, 0.52, 0.05, 0.24, 1.00, 1.00, 0.51, 0.39, 0.53, 0.58, 0.99, 1.00]
Event Rate: [0.96, 0.36, 0.26, 0.26, 0.49, 0.59, 0.42, 0.49, 0.36, 0.53, 0.05, 0.24, 1.00, 1.00, 0.52, 0.40, 0.54, 0.60, 1.00, 1.00]
Event Rate: [0.96, 0.35, 0.25, 0.26, 0.49, 0.59, 0.42, 0.49, 0.36, 0.53, 0.05, 0.24, 1.00, 1.00, 0.51, 0.40, 0.54, 0.59, 0.99, 1.00]
Event Rate: [0.96, 0.36, 0.25, 0.27, 0.50, 0.60, 0.42, 0.49, 0.36, 0.53, 0.05, 0.24, 1.00, 1.00, 0.53, 0.41, 0.55, 0.60, 0.99, 1.00]
Event Rate: [0.96, 0.36, 0.25, 0.26, 0.49, 0.59, 0.42, 0.49, 0.36, 0.52, 0.05, 0.24, 1.00, 1.00, 0.52, 0.40, 0.54, 0.59, 0.99, 1.00]
Event Rate: [0.96, 0.35, 0.25, 0.26, 0.48, 0.59, 0.41, 0.49, 0.36, 0.53, 0.05, 0.24, 1.00, 1.00, 0.51, 0.39, 0.54, 0.59, 0.99, 1.00]
Event Rate: [0.95, 0.35, 0.25, 0.26, 0.49, 0.59, 0.41, 0.49, 0.36, 0.53, 0.05, 0.24, 1.00, 1.00, 0.51, 0.39, 0.54, 0.59, 0.99, 1.00]
Event Rate: [0.96, 0.35, 0.25, 0.26, 0.49, 0.59, 0.41, 0.49, 0.36, 0.53, 0.05, 0.24, 1.00, 1.00, 0.51, 0.39, 0.54, 0.59, 0.99, 1.00]
Event Rate: [0.95, 0.34, 0.25, 0.26, 0.48, 0.59, 0.41, 0.48, 0.36, 0.53, 0.05, 0.24, 1.00, 1.00, 0.51, 0.39, 0.54, 0.59, 0.99, 1.00]
Event Rate: [0.95, 0.35, 0.26, 0.26, 0.49, 0.59, 0.42, 0.49, 0.36, 0.53, 0.05, 0.24, 1.00, 1.00, 0.52, 0.39, 0.54, 0.60, 0.99, 1.00]
Event Rate: [0.96, 0.35, 0.26, 0.27, 0.50, 0.60, 0.42, 0.49, 0.35, 0.52, 0.05, 0.24, 1.00, 1.00, 0.51, 0.39, 0.55, 0.59, 0.99, 1.00]
Event Rate: [0.96, 0.35, 0.25, 0.26, 0.49, 0.60, 0.42, 0.49, 0.36, 0.52, 0.05, 0.24, 1.00, 1.00, 0.52, 0.39, 0.55, 0.59, 0.99, 1.00]
Event Rate: [0.96, 0.35, 0.25, 0.26, 0.49, 0.59, 0.41, 0.49, 0.36, 0.53, 0.05, 0.24, 1.00, 1.00, 0.52, 0.39, 0.54, 0.59, 0.99, 1.00]
Event Rate: [0.96, 0.36, 0.26, 0.27, 0.50, 0.60, 0.43, 0.49, 0.36, 0.53, 0.05, 0.24, 1.00, 1.00, 0.53, 0.41, 0.56, 0.61, 0.99, 1.00]
Event Rate: [0.96, 0.35, 0.26, 0.27, 0.50, 0.60, 0.42, 0.49, 0.36, 0.53, 0.05, 0.24, 1.00, 1.00, 0.53, 0.41, 0.55, 0.60, 1.00, 1.00]
Event Rate: [0.96, 0.34, 0.25, 0.26, 0.48, 0.59, 0.41, 0.48, 0.35, 0.52, 0.05, 0.24, 1.00, 1.00, 0.52, 0.39, 0.54, 0.58, 0.99, 1.00]
Event Rate: [0.95, 0.35, 0.25, 0.26, 0.49, 0.59, 0.42, 0.49, 0.36, 0.53, 0.05, 0.24, 1.00, 1.00, 0.52, 0.40, 0.54, 0.59, 1.00, 1.00]
Event Rate: [0.96, 0.35, 0.25, 0.27, 0.49, 0.60, 0.42, 0.48, 0.35, 0.52, 0.05, 0.23, 1.00, 1.00, 0.51, 0.40, 0.54, 0.59, 0.99, 1.00]
Event Rate: [0.96, 0.35, 0.25, 0.26, 0.49, 0.59, 0.41, 0.48, 0.35, 0.52, 0.05, 0.23, 1.00, 1.00, 0.52, 0.39, 0.54, 0.59, 0.99, 1.00]
Event Rate: [0.96, 0.35, 0.25, 0.26, 0.49, 0.59, 0.41, 0.48, 0.35, 0.52, 0.05, 0.24, 1.00, 1.00, 0.52, 0.40, 0.54, 0.59, 0.99, 1.00]
Event Rate: [0.96, 0.35, 0.25, 0.27, 0.50, 0.60, 0.42, 0.49, 0.35, 0.52, 0.05, 0.24, 1.00, 1.00, 0.52, 0.40, 0.55, 0.60, 0.99, 1.00]
Event Rate: [0.96, 0.35, 0.26, 0.27, 0.50, 0.60, 0.42, 0.49, 0.35, 0.52, 0.05, 0.24, 1.00, 1.00, 0.52, 0.39, 0.55, 0.60, 1.00, 1.00]
Event Rate: [0.96, 0.35, 0.25, 0.26, 0.49, 0.59, 0.41, 0.48, 0.35, 0.52, 0.05, 0.24, 1.00, 1.00, 0.51, 0.39, 0.54, 0.59, 0.99, 1.00]
Event Rate: [0.96, 0.35, 0.25, 0.26, 0.49, 0.59, 0.41, 0.49, 0.35, 0.53, 0.05, 0.24, 1.00, 1.00, 0.51, 0.39, 0.54, 0.59, 0.99, 1.00]
Event Rate: [0.96, 0.35, 0.26, 0.27, 0.49, 0.59, 0.42, 0.49, 0.36, 0.53, 0.05, 0.24, 1.00, 1.00, 0.52, 0.40, 0.55, 0.59, 1.00, 1.00]
Event Rate: [0.96, 0.36, 0.26, 0.28, 0.50, 0.60, 0.42, 0.49, 0.36, 0.53, 0.05, 0.24, 1.00, 1.00, 0.52, 0.40, 0.55, 0.60, 1.00, 1.00]
Event Rate: [0.95, 0.35, 0.26, 0.27, 0.50, 0.60, 0.42, 0.49, 0.36, 0.53, 0.05, 0.24, 1.00, 1.00, 0.52, 0.40, 0.55, 0.60, 0.99, 1.00]
Event Rate: [0.96, 0.35, 0.25, 0.26, 0.49, 0.60, 0.42, 0.49, 0.35, 0.53, 0.05, 0.24, 1.00, 1.00, 0.52, 0.40, 0.55, 0.60, 0.99, 1.00]
Event Rate: [0.96, 0.35, 0.25, 0.26, 0.49, 0.59, 0.42, 0.49, 0.36, 0.53, 0.05, 0.24, 1.00, 1.00, 0.52, 0.40, 0.55, 0.59, 1.00, 1.00]
Event Rate: [0.96, 0.35, 0.25, 0.27, 0.50, 0.60, 0.42, 0.49, 0.35, 0.52, 0.05, 0.24, 1.00, 1.00, 0.52, 0.40, 0.55, 0.60, 0.99, 1.00]
Event Rate: [0.96, 0.35, 0.24, 0.26, 0.48, 0.59, 0.41, 0.49, 0.35, 0.52, 0.05, 0.24, 1.00, 1.00, 0.51, 0.39, 0.54, 0.59, 0.99, 1.00]
Event Rate: [0.96, 0.35, 0.25, 0.25, 0.48, 0.58, 0.41, 0.49, 0.35, 0.52, 0.05, 0.24, 1.00, 1.00, 0.51, 0.39, 0.54, 0.59, 0.99, 1.00]
Event Rate: [0.96, 0.36, 0.26, 0.27, 0.51, 0.61, 0.43, 0.50, 0.36, 0.53, 0.05, 0.24, 1.00, 1.00, 0.53, 0.40, 0.56, 0.61, 1.00, 1.00]
Event Rate: [0.96, 0.36, 0.26, 0.28, 0.50, 0.60, 0.43, 0.49, 0.36, 0.52, 0.05, 0.24, 1.00, 1.00, 0.53, 0.41, 0.56, 0.61, 1.00, 1.00]
Event Rate: [0.96, 0.35, 0.25, 0.26, 0.49, 0.59, 0.41, 0.49, 0.35, 0.52, 0.05, 0.24, 1.00, 1.00, 0.51, 0.39, 0.54, 0.59, 0.99, 1.00]
Event Rate: [0.96, 0.34, 0.24, 0.26, 0.48, 0.58, 0.41, 0.48, 0.35, 0.52, 0.05, 0.24, 1.00, 1.00, 0.50, 0.38, 0.53, 0.58, 0.99, 1.00]
Event Rate: [0.96, 0.35, 0.25, 0.27, 0.50, 0.60, 0.42, 0.49, 0.35, 0.52, 0.05, 0.24, 1.00, 1.00, 0.51, 0.39, 0.55, 0.59, 0.99, 1.00]
Event Rate: [0.96, 0.36, 0.26, 0.27, 0.51, 0.61, 0.43, 0.50, 0.36, 0.52, 0.05, 0.24, 1.00, 1.00, 0.52, 0.40, 0.56, 0.60, 0.99, 1.00]
Event Rate: [0.96, 0.35, 0.26, 0.27, 0.50, 0.60, 0.42, 0.49, 0.35, 0.52, 0.05, 0.24, 1.00, 1.00, 0.52, 0.39, 0.55, 0.60, 1.00, 1.00]
Event Rate: [0.96, 0.35, 0.25, 0.27, 0.49, 0.59, 0.42, 0.49, 0.36, 0.52, 0.05, 0.24, 1.00, 1.00, 0.52, 0.40, 0.55, 0.59, 0.99, 1.00]
Event Rate: [0.96, 0.34, 0.25, 0.26, 0.49, 0.59, 0.41, 0.49, 0.35, 0.51, 0.05, 0.24, 1.00, 1.00, 0.51, 0.39, 0.54, 0.59, 0.99, 1.00]
Event Rate: [0.96, 0.36, 0.26, 0.27, 0.50, 0.60, 0.42, 0.49, 0.36, 0.52, 0.05, 0.24, 1.00, 1.00, 0.52, 0.40, 0.55, 0.60, 0.99, 1.00]
Event Rate: [0.96, 0.35, 0.26, 0.27, 0.49, 0.60, 0.42, 0.49, 0.36, 0.52, 0.05, 0.24, 1.00, 1.00, 0.52, 0.40, 0.55, 0.59, 0.99, 1.00]
Event Rate: [0.96, 0.35, 0.25, 0.26, 0.49, 0.59, 0.42, 0.49, 0.36, 0.52, 0.05, 0.24, 1.00, 1.00, 0.51, 0.39, 0.54, 0.59, 0.99, 1.00]
Event Rate: [0.96, 0.35, 0.25, 0.26, 0.49, 0.60, 0.42, 0.50, 0.36, 0.52, 0.05, 0.24, 1.00, 1.00, 0.52, 0.39, 0.55, 0.59, 1.00, 1.00]
Event Rate: [0.95, 0.35, 0.25, 0.26, 0.49, 0.59, 0.41, 0.49, 0.35, 0.51, 0.05, 0.24, 1.00, 1.00, 0.50, 0.39, 0.54, 0.58, 0.99, 1.00]
Event Rate: [0.96, 0.35, 0.25, 0.26, 0.49, 0.60, 0.42, 0.49, 0.36, 0.52, 0.05, 0.24, 1.00, 1.00, 0.51, 0.39, 0.55, 0.59, 0.99, 1.00]
Event Rate: [0.96, 0.36, 0.26, 0.27, 0.50, 0.60, 0.42, 0.50, 0.36, 0.52, 0.05, 0.24, 1.00, 1.00, 0.52, 0.40, 0.55, 0.60, 0.99, 1.00]
Event Rate: [0.96, 0.35, 0.25, 0.27, 0.50, 0.60, 0.42, 0.50, 0.36, 0.52, 0.05, 0.24, 1.00, 1.00, 0.52, 0.40, 0.55, 0.60, 1.00, 1.00]
Event Rate: [0.96, 0.34, 0.24, 0.26, 0.48, 0.59, 0.41, 0.49, 0.36, 0.52, 0.05, 0.24, 1.00, 1.00, 0.51, 0.39, 0.54, 0.59, 1.00, 1.00]
Event Rate: [0.96, 0.35, 0.26, 0.27, 0.50, 0.60, 0.42, 0.50, 0.36, 0.52, 0.05, 0.24, 1.00, 1.00, 0.52, 0.40, 0.55, 0.60, 1.00, 1.00]
Event Rate: [0.96, 0.35, 0.25, 0.27, 0.50, 0.60, 0.42, 0.50, 0.36, 0.52, 0.05, 0.24, 1.00, 1.00, 0.52, 0.39, 0.55, 0.60, 0.99, 1.00]
Event Rate: [0.96, 0.36, 0.26, 0.27, 0.50, 0.60, 0.43, 0.50, 0.36, 0.52, 0.05, 0.24, 1.00, 1.00, 0.52, 0.40, 0.55, 0.60, 0.99, 1.00]
Event Rate: [0.96, 0.36, 0.26, 0.27, 0.50, 0.61, 0.42, 0.50, 0.36, 0.53, 0.05, 0.24, 1.00, 1.00, 0.52, 0.40, 0.55, 0.60, 1.00, 1.00]
Event Rate: [0.96, 0.35, 0.26, 0.27, 0.50, 0.60, 0.43, 0.50, 0.36, 0.53, 0.05, 0.24, 1.00, 1.00, 0.52, 0.40, 0.55, 0.60, 1.00, 1.00]
Event Rate: [0.95, 0.35, 0.25, 0.27, 0.49, 0.59, 0.42, 0.49, 0.36, 0.52, 0.05, 0.24, 1.00, 1.00, 0.51, 0.39, 0.54, 0.59, 0.99, 1.00]
Event Rate: [0.96, 0.35, 0.25, 0.27, 0.50, 0.60, 0.42, 0.49, 0.36, 0.52, 0.05, 0.24, 1.00, 1.00, 0.51, 0.39, 0.55, 0.59, 1.00, 1.00]
Event Rate: [0.96, 0.36, 0.26, 0.27, 0.50, 0.60, 0.43, 0.50, 0.36, 0.53, 0.05, 0.24, 1.00, 1.00, 0.52, 0.40, 0.55, 0.60, 0.99, 1.00]
Event Rate: [0.95, 0.35, 0.26, 0.27, 0.50, 0.60, 0.42, 0.49, 0.36, 0.52, 0.05, 0.24, 1.00, 1.00, 0.51, 0.39, 0.55, 0.59, 0.99, 1.00]
Event Rate: [0.96, 0.35, 0.25, 0.27, 0.50, 0.60, 0.42, 0.50, 0.36, 0.52, 0.05, 0.24, 1.00, 1.00, 0.51, 0.39, 0.55, 0.59, 1.00, 1.00]
Event Rate: [0.96, 0.36, 0.26, 0.27, 0.50, 0.61, 0.43, 0.50, 0.36, 0.52, 0.05, 0.24, 1.00, 1.00, 0.52, 0.39, 0.55, 0.60, 1.00, 1.00]
Event Rate: [0.96, 0.36, 0.26, 0.27, 0.50, 0.61, 0.42, 0.50, 0.36, 0.52, 0.05, 0.24, 1.00, 1.00, 0.51, 0.39, 0.55, 0.60, 1.00, 1.00]
Event Rate: [0.96, 0.35, 0.25, 0.27, 0.50, 0.60, 0.42, 0.50, 0.36, 0.52, 0.05, 0.24, 1.00, 1.00, 0.52, 0.40, 0.55, 0.60, 1.00, 1.00]
Event Rate: [0.96, 0.35, 0.25, 0.26, 0.49, 0.60, 0.42, 0.49, 0.36, 0.52, 0.05, 0.24, 1.00, 1.00, 0.51, 0.39, 0.55, 0.60, 1.00, 1.00]
Event Rate: [0.96, 0.35, 0.25, 0.26, 0.49, 0.60, 0.42, 0.49, 0.36, 0.52, 0.05, 0.24, 1.00, 1.00, 0.51, 0.39, 0.54, 0.59, 1.00, 1.00]
Event Rate: [0.96, 0.35, 0.26, 0.27, 0.50, 0.60, 0.43, 0.50, 0.36, 0.52, 0.05, 0.24, 1.00, 1.00, 0.52, 0.40, 0.55, 0.60, 1.00, 1.00]
Event Rate: [0.96, 0.35, 0.25, 0.27, 0.50, 0.60, 0.42, 0.49, 0.35, 0.51, 0.05, 0.24, 1.00, 1.00, 0.50, 0.39, 0.54, 0.59, 0.99, 1.00]
Event Rate: [0.96, 0.35, 0.25, 0.27, 0.50, 0.60, 0.42, 0.50, 0.36, 0.52, 0.05, 0.24, 1.00, 1.00, 0.51, 0.39, 0.55, 0.60, 0.99, 1.00]
Event Rate: [0.96, 0.34, 0.25, 0.26, 0.49, 0.59, 0.41, 0.49, 0.35, 0.51, 0.05, 0.24, 1.00, 1.00, 0.50, 0.38, 0.54, 0.59, 0.99, 1.00]
Event Rate: [0.96, 0.35, 0.25, 0.27, 0.50, 0.59, 0.42, 0.50, 0.36, 0.52, 0.05, 0.24, 1.00, 1.00, 0.51, 0.39, 0.54, 0.59, 1.00, 1.00]
Event Rate: [0.96, 0.36, 0.26, 0.28, 0.51, 0.60, 0.42, 0.50, 0.36, 0.52, 0.05, 0.24, 1.00, 1.00, 0.51, 0.39, 0.55, 0.60, 0.99, 1.00]
Event Rate: [0.96, 0.36, 0.26, 0.27, 0.50, 0.60, 0.43, 0.50, 0.36, 0.52, 0.05, 0.24, 1.00, 1.00, 0.52, 0.39, 0.55, 0.60, 0.99, 1.00]
Event Rate: [0.95, 0.35, 0.26, 0.27, 0.50, 0.60, 0.42, 0.50, 0.36, 0.52, 0.05, 0.24, 1.00, 1.00, 0.51, 0.39, 0.54, 0.59, 0.99, 1.00]
Event Rate: [0.96, 0.35, 0.25, 0.26, 0.49, 0.59, 0.41, 0.50, 0.36, 0.52, 0.05, 0.24, 1.00, 1.00, 0.51, 0.39, 0.54, 0.59, 0.99, 1.00]
Event Rate: [0.96, 0.36, 0.26, 0.27, 0.50, 0.60, 0.42, 0.50, 0.36, 0.53, 0.05, 0.24, 1.00, 1.00, 0.52, 0.40, 0.55, 0.60, 1.00, 1.00]
Event Rate: [0.96, 0.35, 0.25, 0.27, 0.49, 0.59, 0.42, 0.49, 0.36, 0.52, 0.05, 0.24, 1.00, 1.00, 0.51, 0.39, 0.55, 0.59, 0.99, 1.00]
Event Rate: [0.96, 0.36, 0.26, 0.27, 0.50, 0.60, 0.42, 0.50, 0.36, 0.52, 0.05, 0.24, 1.00, 1.00, 0.51, 0.40, 0.55, 0.60, 1.00, 1.00]
Event Rate: [0.96, 0.35, 0.25, 0.26, 0.49, 0.60, 0.42, 0.49, 0.36, 0.52, 0.05, 0.24, 1.00, 1.00, 0.51, 0.39, 0.54, 0.59, 1.00, 1.00]
Event Rate: [0.96, 0.35, 0.25, 0.27, 0.50, 0.60, 0.42, 0.50, 0.36, 0.52, 0.05, 0.24, 1.00, 1.00, 0.51, 0.39, 0.55, 0.60, 0.99, 1.00]
Event Rate: [0.96, 0.35, 0.25, 0.27, 0.50, 0.60, 0.42, 0.50, 0.36, 0.52, 0.05, 0.24, 1.00, 1.00, 0.51, 0.39, 0.55, 0.59, 0.99, 1.00]
Event Rate: [0.96, 0.35, 0.26, 0.28, 0.50, 0.60, 0.42, 0.50, 0.36, 0.52, 0.05, 0.24, 1.00, 1.00, 0.51, 0.39, 0.55, 0.60, 1.00, 1.00]
Event Rate: [0.96, 0.35, 0.25, 0.27, 0.49, 0.60, 0.42, 0.50, 0.36, 0.52, 0.05, 0.24, 1.00, 1.00, 0.51, 0.39, 0.55, 0.60, 0.99, 1.00]
Event Rate: [0.96, 0.35, 0.26, 0.27, 0.51, 0.61, 0.43, 0.50, 0.36, 0.52, 0.05, 0.24, 1.00, 1.00, 0.51, 0.39, 0.55, 0.60, 1.00, 1.00]
Event Rate: [0.96, 0.35, 0.25, 0.27, 0.49, 0.60, 0.42, 0.49, 0.36, 0.52, 0.05, 0.24, 1.00, 1.00, 0.51, 0.39, 0.54, 0.59, 0.99, 1.00]
Event Rate: [0.96, 0.35, 0.26, 0.27, 0.50, 0.61, 0.43, 0.50, 0.36, 0.52, 0.05, 0.24, 1.00, 1.00, 0.51, 0.39, 0.55, 0.60, 1.00, 1.00]
Event Rate: [0.96, 0.35, 0.25, 0.27, 0.49, 0.60, 0.42, 0.50, 0.36, 0.52, 0.05, 0.24, 1.00, 1.00, 0.51, 0.39, 0.54, 0.59, 0.99, 1.00]
Event Rate: [0.96, 0.34, 0.25, 0.27, 0.49, 0.60, 0.42, 0.49, 0.36, 0.52, 0.05, 0.24, 1.00, 1.00, 0.51, 0.39, 0.54, 0.59, 0.99, 1.00]
Event Rate: [0.96, 0.35, 0.25, 0.27, 0.50, 0.60, 0.42, 0.49, 0.36, 0.52, 0.05, 0.24, 1.00, 1.00, 0.51, 0.39, 0.54, 0.59, 0.99, 1.00]
Event Rate: [0.96, 0.34, 0.25, 0.26, 0.48, 0.58, 0.41, 0.49, 0.36, 0.52, 0.05, 0.24, 1.00, 1.00, 0.50, 0.39, 0.53, 0.58, 0.99, 1.00]
Event Rate: [0.96, 0.35, 0.25, 0.27, 0.50, 0.60, 0.42, 0.50, 0.36, 0.52, 0.05, 0.24, 1.00, 1.00, 0.51, 0.39, 0.54, 0.59, 0.99, 1.00]
Event Rate: [0.96, 0.36, 0.26, 0.28, 0.50, 0.60, 0.43, 0.50, 0.36, 0.52, 0.05, 0.24, 1.00, 1.00, 0.52, 0.40, 0.55, 0.60, 1.00, 1.00]
Event Rate: [0.95, 0.34, 0.25, 0.26, 0.49, 0.59, 0.41, 0.49, 0.36, 0.52, 0.05, 0.24, 1.00, 1.00, 0.51, 0.39, 0.53, 0.58, 1.00, 1.00]
Event Rate: [0.96, 0.34, 0.25, 0.27, 0.49, 0.59, 0.42, 0.49, 0.36, 0.52, 0.05, 0.24, 1.00, 1.00, 0.51, 0.40, 0.54, 0.59, 0.99, 1.00]
Event Rate: [0.96, 0.36, 0.26, 0.27, 0.50, 0.60, 0.42, 0.50, 0.36, 0.52, 0.05, 0.24, 1.00, 1.00, 0.52, 0.40, 0.55, 0.60, 0.99, 1.00]
Event Rate: [0.96, 0.34, 0.25, 0.27, 0.49, 0.59, 0.42, 0.49, 0.36, 0.52, 0.05, 0.24, 1.00, 1.00, 0.51, 0.39, 0.54, 0.59, 0.99, 1.00]
Event Rate: [0.96, 0.35, 0.25, 0.27, 0.49, 0.59, 0.42, 0.49, 0.36, 0.52, 0.05, 0.24, 1.00, 1.00, 0.52, 0.40, 0.55, 0.59, 1.00, 1.00]
Event Rate: [0.96, 0.34, 0.25, 0.27, 0.49, 0.59, 0.42, 0.49, 0.36, 0.52, 0.05, 0.24, 1.00, 1.00, 0.52, 0.40, 0.54, 0.59, 1.00, 1.00]
Event Rate: [0.96, 0.35, 0.26, 0.28, 0.50, 0.60, 0.43, 0.50, 0.36, 0.52, 0.05, 0.24, 1.00, 1.00, 0.52, 0.40, 0.56, 0.60, 1.00, 1.00]
Event Rate: [0.96, 0.35, 0.25, 0.27, 0.49, 0.60, 0.42, 0.50, 0.36, 0.52, 0.05, 0.24, 1.00, 1.00, 0.51, 0.39, 0.55, 0.60, 0.99, 1.00]
Event Rate: [0.96, 0.35, 0.26, 0.28, 0.50, 0.60, 0.43, 0.50, 0.36, 0.52, 0.05, 0.24, 1.00, 1.00, 0.52, 0.40, 0.55, 0.60, 0.99, 1.00]
Event Rate: [0.96, 0.35, 0.25, 0.27, 0.50, 0.60, 0.42, 0.50, 0.36, 0.52, 0.05, 0.24, 1.00, 1.00, 0.52, 0.40, 0.55, 0.60, 0.99, 1.00]
Event Rate: [0.96, 0.36, 0.26, 0.28, 0.51, 0.61, 0.43, 0.50, 0.36, 0.52, 0.05, 0.24, 1.00, 1.00, 0.52, 0.40, 0.56, 0.60, 1.00, 1.00]
Event Rate: [0.96, 0.36, 0.26, 0.27, 0.49, 0.59, 0.42, 0.50, 0.36, 0.52, 0.05, 0.24, 1.00, 1.00, 0.52, 0.40, 0.55, 0.59, 0.99, 1.00]
Event Rate: [0.96, 0.35, 0.26, 0.27, 0.50, 0.60, 0.42, 0.50, 0.36, 0.52, 0.05, 0.24, 1.00, 1.00, 0.51, 0.39, 0.55, 0.60, 1.00, 1.00]
Event Rate: [0.95, 0.34, 0.25, 0.27, 0.49, 0.59, 0.42, 0.50, 0.36, 0.52, 0.05, 0.24, 1.00, 1.00, 0.51, 0.39, 0.54, 0.59, 1.00, 1.00]
Event Rate: [0.96, 0.35, 0.25, 0.27, 0.50, 0.60, 0.42, 0.50, 0.36, 0.52, 0.05, 0.24, 1.00, 1.00, 0.51, 0.39, 0.55, 0.60, 0.99, 1.00]
Event Rate: [0.96, 0.35, 0.25, 0.27, 0.50, 0.60, 0.42, 0.50, 0.36, 0.52, 0.05, 0.24, 1.00, 1.00, 0.51, 0.40, 0.55, 0.59, 0.99, 1.00]
Event Rate: [0.96, 0.35, 0.26, 0.28, 0.50, 0.60, 0.42, 0.50, 0.36, 0.52, 0.05, 0.24, 1.00, 1.00, 0.52, 0.40, 0.55, 0.60, 1.00, 1.00]
Event Rate: [0.95, 0.35, 0.26, 0.27, 0.50, 0.60, 0.42, 0.50, 0.36, 0.52, 0.05, 0.24, 1.00, 1.00, 0.51, 0.39, 0.55, 0.59, 0.99, 1.00]
Event Rate: [0.95, 0.35, 0.25, 0.27, 0.50, 0.60, 0.42, 0.50, 0.36, 0.52, 0.05, 0.24, 1.00, 1.00, 0.51, 0.39, 0.55, 0.60, 1.00, 1.00]
Event Rate: [0.96, 0.35, 0.25, 0.27, 0.49, 0.60, 0.42, 0.50, 0.36, 0.52, 0.05, 0.24, 1.00, 1.00, 0.52, 0.40, 0.55, 0.60, 0.99, 1.00]
Event Rate: [0.96, 0.35, 0.25, 0.27, 0.49, 0.59, 0.42, 0.50, 0.36, 0.52, 0.05, 0.24, 1.00, 1.00, 0.51, 0.39, 0.54, 0.59, 1.00, 1.00]
Event Rate: [0.96, 0.34, 0.25, 0.27, 0.49, 0.59, 0.41, 0.49, 0.36, 0.52, 0.05, 0.24, 1.00, 1.00, 0.51, 0.39, 0.54, 0.58, 0.99, 1.00]
Event Rate: [0.96, 0.36, 0.26, 0.27, 0.50, 0.60, 0.42, 0.50, 0.36, 0.52, 0.05, 0.24, 1.00, 1.00, 0.51, 0.40, 0.55, 0.60, 0.99, 1.00]
Event Rate: [0.96, 0.36, 0.26, 0.28, 0.50, 0.61, 0.43, 0.50, 0.36, 0.52, 0.05, 0.24, 1.00, 1.00, 0.52, 0.40, 0.56, 0.61, 0.99, 1.00]
Event Rate: [0.95, 0.35, 0.26, 0.27, 0.50, 0.60, 0.42, 0.50, 0.36, 0.52, 0.05, 0.24, 1.00, 1.00, 0.51, 0.39, 0.55, 0.59, 0.99, 1.00]
Event Rate: [0.96, 0.35, 0.26, 0.28, 0.50, 0.60, 0.43, 0.50, 0.36, 0.52, 0.05, 0.24, 1.00, 1.00, 0.52, 0.40, 0.55, 0.60, 0.99, 1.00]
Event Rate: [0.96, 0.36, 0.26, 0.28, 0.50, 0.60, 0.42, 0.50, 0.36, 0.52, 0.05, 0.24, 1.00, 1.00, 0.52, 0.40, 0.55, 0.60, 0.99, 1.00]
Event Rate: [0.96, 0.35, 0.26, 0.27, 0.50, 0.60, 0.43, 0.50, 0.36, 0.52, 0.05, 0.24, 1.00, 1.00, 0.52, 0.40, 0.55, 0.60, 1.00, 1.00]
Event Rate: [0.95, 0.35, 0.25, 0.27, 0.49, 0.59, 0.42, 0.50, 0.36, 0.52, 0.05, 0.24, 1.00, 1.00, 0.51, 0.40, 0.54, 0.59, 0.99, 1.00]
Event Rate: [0.96, 0.35, 0.26, 0.27, 0.50, 0.60, 0.42, 0.50, 0.36, 0.52, 0.05, 0.24, 1.00, 1.00, 0.51, 0.40, 0.55, 0.60, 1.00, 1.00]
Event Rate: [0.96, 0.35, 0.25, 0.27, 0.50, 0.60, 0.42, 0.49, 0.36, 0.52, 0.05, 0.24, 1.00, 1.00, 0.51, 0.39, 0.55, 0.60, 1.00, 1.00]
Event Rate: [0.95, 0.34, 0.25, 0.27, 0.49, 0.59, 0.42, 0.49, 0.36, 0.52, 0.05, 0.24, 1.00, 1.00, 0.51, 0.39, 0.54, 0.59, 0.99, 1.00]
Event Rate: [0.96, 0.36, 0.26, 0.27, 0.50, 0.60, 0.42, 0.50, 0.36, 0.52, 0.05, 0.24, 1.00, 1.00, 0.51, 0.40, 0.55, 0.60, 0.99, 1.00]
Event Rate: [0.96, 0.35, 0.26, 0.27, 0.50, 0.60, 0.42, 0.49, 0.36, 0.52, 0.05, 0.24, 1.00, 1.00, 0.51, 0.39, 0.54, 0.59, 0.99, 1.00]
Event Rate: [0.96, 0.35, 0.25, 0.27, 0.50, 0.60, 0.42, 0.50, 0.36, 0.52, 0.05, 0.24, 1.00, 1.00, 0.51, 0.40, 0.55, 0.60, 1.00, 1.00]
Event Rate: [0.96, 0.34, 0.25, 0.27, 0.50, 0.60, 0.42, 0.50, 0.36, 0.52, 0.05, 0.24, 1.00, 1.00, 0.52, 0.40, 0.55, 0.60, 1.00, 1.00]
Event Rate: [0.96, 0.35, 0.26, 0.27, 0.50, 0.60, 0.42, 0.50, 0.36, 0.52, 0.05, 0.24, 1.00, 1.00, 0.51, 0.39, 0.55, 0.60, 1.00, 1.00]
Event Rate: [0.96, 0.34, 0.25, 0.27, 0.49, 0.60, 0.42, 0.50, 0.36, 0.52, 0.05, 0.24, 1.00, 1.00, 0.51, 0.39, 0.54, 0.59, 1.00, 1.00]
Event Rate: [0.96, 0.37, 0.27, 0.28, 0.51, 0.61, 0.43, 0.50, 0.36, 0.52, 0.05, 0.24, 1.00, 1.00, 0.52, 0.40, 0.56, 0.61, 1.00, 1.00]
Event Rate: [0.96, 0.34, 0.25, 0.27, 0.48, 0.58, 0.41, 0.49, 0.36, 0.52, 0.05, 0.24, 1.00, 1.00, 0.50, 0.39, 0.53, 0.58, 0.99, 1.00]
Event Rate: [0.96, 0.35, 0.26, 0.27, 0.50, 0.60, 0.42, 0.50, 0.36, 0.52, 0.05, 0.24, 1.00, 1.00, 0.52, 0.40, 0.55, 0.60, 1.00, 1.00]
Event Rate: [0.96, 0.35, 0.26, 0.27, 0.50, 0.60, 0.42, 0.50, 0.36, 0.52, 0.05, 0.24, 1.00, 1.00, 0.51, 0.40, 0.55, 0.60, 0.99, 1.00]
Event Rate: [0.96, 0.36, 0.26, 0.28, 0.51, 0.61, 0.43, 0.50, 0.36, 0.52, 0.05, 0.24, 1.00, 1.00, 0.52, 0.40, 0.56, 0.61, 1.00, 1.00]
Event Rate: [0.96, 0.35, 0.25, 0.27, 0.50, 0.60, 0.42, 0.50, 0.36, 0.52, 0.05, 0.24, 1.00, 1.00, 0.52, 0.40, 0.55, 0.59, 1.00, 1.00]
Event Rate: [0.96, 0.35, 0.25, 0.27, 0.50, 0.60, 0.42, 0.50, 0.36, 0.52, 0.05, 0.24, 1.00, 1.00, 0.52, 0.40, 0.55, 0.60, 1.00, 1.00]
Event Rate: [0.96, 0.36, 0.26, 0.28, 0.51, 0.61, 0.43, 0.50, 0.36, 0.52, 0.05, 0.24, 1.00, 1.00, 0.52, 0.40, 0.55, 0.60, 0.99, 1.00]
Event Rate: [0.96, 0.37, 0.27, 0.29, 0.52, 0.61, 0.43, 0.51, 0.36, 0.53, 0.05, 0.24, 1.00, 1.00, 0.53, 0.41, 0.56, 0.61, 0.99, 1.00]
Event Rate: [0.96, 0.37, 0.27, 0.29, 0.51, 0.61, 0.44, 0.51, 0.36, 0.53, 0.05, 0.24, 1.00, 1.00, 0.53, 0.41, 0.56, 0.61, 1.00, 1.00]
Event Rate: [0.96, 0.35, 0.26, 0.28, 0.50, 0.60, 0.43, 0.50, 0.36, 0.52, 0.05, 0.24, 1.00, 1.00, 0.52, 0.40, 0.55, 0.60, 1.00, 1.00]
Event Rate: [0.96, 0.34, 0.25, 0.27, 0.49, 0.60, 0.42, 0.50, 0.36, 0.52, 0.05, 0.24, 1.00, 1.00, 0.51, 0.39, 0.55, 0.59, 1.00, 1.00]
Event Rate: [0.96, 0.34, 0.25, 0.27, 0.49, 0.60, 0.42, 0.50, 0.36, 0.52, 0.05, 0.24, 1.00, 1.00, 0.51, 0.40, 0.55, 0.59, 0.99, 1.00]
Event Rate: [0.96, 0.33, 0.24, 0.26, 0.48, 0.58, 0.41, 0.49, 0.36, 0.52, 0.05, 0.24, 1.00, 1.00, 0.51, 0.39, 0.53, 0.58, 0.99, 1.00]
Event Rate: [0.95, 0.35, 0.26, 0.27, 0.50, 0.60, 0.42, 0.50, 0.36, 0.52, 0.05, 0.24, 1.00, 1.00, 0.51, 0.39, 0.55, 0.59, 0.99, 1.00]
Event Rate: [0.96, 0.35, 0.25, 0.27, 0.50, 0.60, 0.42, 0.50, 0.36, 0.52, 0.05, 0.24, 1.00, 1.00, 0.52, 0.40, 0.55, 0.60, 1.00, 1.00]
Event Rate: [0.95, 0.34, 0.25, 0.27, 0.49, 0.59, 0.42, 0.50, 0.36, 0.52, 0.05, 0.24, 1.00, 1.00, 0.51, 0.39, 0.54, 0.59, 0.99, 1.00]
Event Rate: [0.96, 0.35, 0.26, 0.28, 0.50, 0.60, 0.43, 0.50, 0.36, 0.52, 0.05, 0.24, 1.00, 1.00, 0.52, 0.40, 0.55, 0.60, 0.99, 1.00]
Event Rate: [0.96, 0.35, 0.25, 0.27, 0.49, 0.60, 0.42, 0.50, 0.36, 0.52, 0.05, 0.24, 1.00, 1.00, 0.51, 0.40, 0.55, 0.59, 1.00, 1.00]
Event Rate: [0.96, 0.35, 0.26, 0.28, 0.50, 0.61, 0.43, 0.50, 0.36, 0.53, 0.05, 0.24, 1.00, 1.00, 0.52, 0.40, 0.56, 0.61, 1.00, 1.00]
Event Rate: [0.96, 0.36, 0.26, 0.27, 0.50, 0.60, 0.42, 0.50, 0.36, 0.52, 0.05, 0.24, 1.00, 1.00, 0.52, 0.40, 0.55, 0.60, 1.00, 1.00]
Event Rate: [0.96, 0.35, 0.25, 0.27, 0.50, 0.59, 0.42, 0.50, 0.36, 0.52, 0.05, 0.24, 1.00, 1.00, 0.51, 0.40, 0.55, 0.59, 1.00, 1.00]
Event Rate: [0.96, 0.36, 0.26, 0.28, 0.51, 0.61, 0.43, 0.50, 0.36, 0.52, 0.05, 0.24, 1.00, 1.00, 0.52, 0.40, 0.56, 0.60, 1.00, 1.00]
Event Rate: [0.96, 0.35, 0.25, 0.27, 0.50, 0.60, 0.42, 0.50, 0.36, 0.52, 0.05, 0.24, 1.00, 1.00, 0.52, 0.40, 0.55, 0.60, 0.99, 1.00]
Event Rate: [0.96, 0.35, 0.26, 0.28, 0.50, 0.60, 0.43, 0.50, 0.36, 0.52, 0.05, 0.24, 1.00, 1.00, 0.52, 0.40, 0.55, 0.60, 1.00, 1.00]
Event Rate: [0.96, 0.35, 0.26, 0.27, 0.50, 0.60, 0.42, 0.50, 0.36, 0.52, 0.05, 0.24, 1.00, 1.00, 0.51, 0.39, 0.55, 0.60, 1.00, 1.00]
Event Rate: [0.95, 0.35, 0.25, 0.27, 0.50, 0.60, 0.42, 0.50, 0.36, 0.52, 0.05, 0.24, 1.00, 1.00, 0.51, 0.39, 0.55, 0.60, 1.00, 1.00]
Event Rate: [0.96, 0.36, 0.26, 0.27, 0.50, 0.60, 0.42, 0.50, 0.36, 0.52, 0.05, 0.24, 1.00, 1.00, 0.52, 0.40, 0.55, 0.60, 1.00, 1.00]
Event Rate: [0.96, 0.35, 0.25, 0.27, 0.49, 0.60, 0.42, 0.50, 0.36, 0.52, 0.05, 0.24, 1.00, 1.00, 0.51, 0.39, 0.55, 0.60, 0.99, 1.00]
Event Rate: [0.95, 0.35, 0.26, 0.28, 0.50, 0.60, 0.42, 0.50, 0.36, 0.52, 0.05, 0.24, 1.00, 1.00, 0.51, 0.40, 0.55, 0.60, 0.99, 1.00]
Event Rate: [0.96, 0.35, 0.25, 0.27, 0.50, 0.60, 0.42, 0.50, 0.36, 0.52, 0.05, 0.24, 1.00, 1.00, 0.51, 0.39, 0.55, 0.60, 1.00, 1.00]
Event Rate: [0.96, 0.34, 0.25, 0.26, 0.49, 0.59, 0.42, 0.50, 0.36, 0.52, 0.05, 0.24, 1.00, 1.00, 0.51, 0.39, 0.54, 0.59, 1.00, 1.00]
Event Rate: [0.96, 0.36, 0.26, 0.28, 0.50, 0.61, 0.43, 0.50, 0.36, 0.52, 0.05, 0.24, 1.00, 1.00, 0.52, 0.40, 0.55, 0.60, 1.00, 1.00]
Event Rate: [0.96, 0.35, 0.26, 0.27, 0.50, 0.60, 0.43, 0.50, 0.36, 0.52, 0.05, 0.24, 1.00, 1.00, 0.52, 0.40, 0.55, 0.60, 0.99, 1.00]
Event Rate: [0.96, 0.35, 0.26, 0.27, 0.50, 0.60, 0.43, 0.50, 0.36, 0.52, 0.05, 0.24, 1.00, 1.00, 0.52, 0.40, 0.56, 0.60, 1.00, 1.00]
Event Rate: [0.96, 0.35, 0.26, 0.27, 0.50, 0.60, 0.42, 0.50, 0.36, 0.52, 0.05, 0.24, 1.00, 1.00, 0.51, 0.39, 0.55, 0.59, 1.00, 1.00]
Event Rate: [0.96, 0.34, 0.25, 0.27, 0.50, 0.60, 0.42, 0.50, 0.36, 0.52, 0.05, 0.24, 1.00, 1.00, 0.51, 0.39, 0.54, 0.59, 0.99, 1.00]
Event Rate: [0.96, 0.35, 0.25, 0.27, 0.49, 0.60, 0.42, 0.50, 0.36, 0.52, 0.05, 0.24, 1.00, 1.00, 0.51, 0.39, 0.55, 0.60, 0.99, 1.00]
Event Rate: [0.95, 0.35, 0.25, 0.27, 0.50, 0.60, 0.42, 0.50, 0.36, 0.52, 0.05, 0.24, 1.00, 1.00, 0.52, 0.40, 0.55, 0.60, 0.99, 1.00]
Event Rate: [0.96, 0.35, 0.26, 0.28, 0.50, 0.60, 0.43, 0.50, 0.36, 0.52, 0.05, 0.24, 1.00, 1.00, 0.52, 0.40, 0.55, 0.60, 0.99, 1.00]
Event Rate: [0.95, 0.35, 0.25, 0.27, 0.50, 0.60, 0.42, 0.50, 0.36, 0.52, 0.05, 0.24, 1.00, 1.00, 0.51, 0.39, 0.55, 0.59, 1.00, 1.00]
Event Rate: [0.95, 0.35, 0.26, 0.28, 0.51, 0.61, 0.43, 0.50, 0.36, 0.53, 0.05, 0.24, 1.00, 1.00, 0.52, 0.40, 0.56, 0.61, 1.00, 1.00]
Event Rate: [0.96, 0.35, 0.25, 0.27, 0.50, 0.60, 0.42, 0.50, 0.36, 0.52, 0.05, 0.24, 1.00, 1.00, 0.51, 0.40, 0.55, 0.59, 0.99, 1.00]
Event Rate: [0.96, 0.35, 0.26, 0.28, 0.50, 0.60, 0.42, 0.50, 0.36, 0.52, 0.05, 0.24, 1.00, 1.00, 0.51, 0.39, 0.55, 0.59, 0.99, 1.00]
Event Rate: [0.95, 0.35, 0.26, 0.28, 0.50, 0.60, 0.43, 0.50, 0.36, 0.52, 0.05, 0.24, 1.00, 1.00, 0.52, 0.40, 0.55, 0.60, 1.00, 1.00]
Event Rate: [0.96, 0.35, 0.25, 0.27, 0.50, 0.60, 0.42, 0.50, 0.36, 0.52, 0.05, 0.24, 1.00, 1.00, 0.52, 0.39, 0.55, 0.60, 1.00, 1.00]
Event Rate: [0.96, 0.34, 0.25, 0.27, 0.49, 0.59, 0.42, 0.49, 0.36, 0.52, 0.05, 0.24, 1.00, 1.00, 0.51, 0.39, 0.54, 0.59, 0.99, 1.00]
Event Rate: [0.96, 0.35, 0.25, 0.27, 0.49, 0.59, 0.42, 0.49, 0.36, 0.52, 0.05, 0.24, 1.00, 1.00, 0.51, 0.39, 0.54, 0.59, 0.99, 1.00]
Event Rate: [0.96, 0.34, 0.25, 0.27, 0.49, 0.60, 0.42, 0.50, 0.36, 0.52, 0.05, 0.24, 1.00, 1.00, 0.51, 0.40, 0.55, 0.60, 0.99, 1.00]
Event Rate: [0.96, 0.36, 0.26, 0.28, 0.51, 0.61, 0.43, 0.50, 0.36, 0.52, 0.05, 0.24, 1.00, 1.00, 0.52, 0.40, 0.56, 0.61, 1.00, 1.00]
Event Rate: [0.96, 0.35, 0.26, 0.28, 0.50, 0.60, 0.42, 0.50, 0.36, 0.52, 0.05, 0.24, 1.00, 1.00, 0.51, 0.39, 0.55, 0.60, 1.00, 1.00]
Event Rate: [0.96, 0.35, 0.25, 0.27, 0.50, 0.60, 0.42, 0.50, 0.36, 0.52, 0.05, 0.24, 1.00, 1.00, 0.51, 0.39, 0.55, 0.59, 1.00, 1.00]
Event Rate: [0.96, 0.34, 0.25, 0.27, 0.50, 0.60, 0.42, 0.50, 0.36, 0.52, 0.05, 0.24, 1.00, 1.00, 0.51, 0.39, 0.55, 0.60, 1.00, 1.00]
Event Rate: [0.96, 0.35, 0.25, 0.27, 0.50, 0.60, 0.42, 0.50, 0.36, 0.52, 0.05, 0.24, 1.00, 1.00, 0.51, 0.39, 0.55, 0.59, 0.99, 1.00]
Event Rate: [0.96, 0.34, 0.25, 0.26, 0.49, 0.59, 0.42, 0.50, 0.36, 0.52, 0.05, 0.24, 1.00, 1.00, 0.51, 0.39, 0.54, 0.59, 1.00, 1.00]
Event Rate: [0.96, 0.35, 0.25, 0.27, 0.49, 0.60, 0.42, 0.50, 0.37, 0.52, 0.05, 0.24, 1.00, 1.00, 0.52, 0.40, 0.55, 0.60, 1.00, 1.00]
Event Rate: [0.96, 0.36, 0.26, 0.28, 0.51, 0.61, 0.43, 0.50, 0.37, 0.52, 0.05, 0.24, 1.00, 1.00, 0.52, 0.40, 0.56, 0.60, 0.99, 1.00]
Event Rate: [0.96, 0.34, 0.25, 0.26, 0.49, 0.59, 0.42, 0.50, 0.36, 0.52, 0.05, 0.24, 1.00, 1.00, 0.51, 0.39, 0.54, 0.59, 0.99, 1.00]
Event Rate: [0.96, 0.35, 0.26, 0.27, 0.50, 0.60, 0.43, 0.50, 0.36, 0.52, 0.05, 0.24, 1.00, 1.00, 0.52, 0.40, 0.55, 0.60, 1.00, 1.00]
Event Rate: [0.96, 0.35, 0.25, 0.27, 0.49, 0.60, 0.42, 0.50, 0.36, 0.52, 0.05, 0.24, 1.00, 1.00, 0.52, 0.39, 0.55, 0.60, 1.00, 1.00]
Event Rate: [0.96, 0.35, 0.26, 0.27, 0.50, 0.60, 0.42, 0.50, 0.36, 0.52, 0.05, 0.24, 1.00, 1.00, 0.52, 0.40, 0.55, 0.60, 0.99, 1.00]
Event Rate: [0.96, 0.34, 0.25, 0.27, 0.50, 0.60, 0.42, 0.50, 0.36, 0.52, 0.05, 0.24, 1.00, 1.00, 0.51, 0.39, 0.54, 0.59, 0.99, 1.00]
Event Rate: [0.96, 0.35, 0.26, 0.27, 0.50, 0.60, 0.42, 0.50, 0.36, 0.52, 0.05, 0.24, 1.00, 1.00, 0.52, 0.40, 0.55, 0.60, 0.99, 1.00]
Event Rate: [0.96, 0.35, 0.26, 0.28, 0.50, 0.60, 0.43, 0.50, 0.36, 0.52, 0.05, 0.24, 1.00, 1.00, 0.52, 0.40, 0.55, 0.60, 0.99, 1.00]
Event Rate: [0.96, 0.35, 0.25, 0.27, 0.49, 0.60, 0.42, 0.50, 0.36, 0.52, 0.05, 0.24, 1.00, 1.00, 0.51, 0.39, 0.54, 0.59, 0.99, 1.00]
Event Rate: [0.96, 0.35, 0.26, 0.27, 0.50, 0.60, 0.42, 0.50, 0.36, 0.52, 0.05, 0.24, 1.00, 1.00, 0.52, 0.40, 0.55, 0.60, 1.00, 1.00]
Event Rate: [0.95, 0.35, 0.26, 0.28, 0.50, 0.60, 0.43, 0.50, 0.36, 0.52, 0.05, 0.24, 1.00, 1.00, 0.52, 0.40, 0.55, 0.60, 1.00, 1.00]
Event Rate: [0.96, 0.35, 0.26, 0.27, 0.50, 0.60, 0.42, 0.50, 0.36, 0.52, 0.05, 0.24, 1.00, 1.00, 0.52, 0.40, 0.55, 0.60, 1.00, 1.00]
Event Rate: [0.96, 0.34, 0.25, 0.27, 0.49, 0.59, 0.42, 0.50, 0.36, 0.52, 0.05, 0.24, 1.00, 1.00, 0.52, 0.40, 0.55, 0.59, 1.00, 1.00]
Event Rate: [0.96, 0.35, 0.25, 0.27, 0.49, 0.60, 0.42, 0.50, 0.36, 0.52, 0.05, 0.24, 1.00, 1.00, 0.52, 0.40, 0.55, 0.59, 0.99, 1.00]
Event Rate: [0.95, 0.35, 0.26, 0.27, 0.50, 0.60, 0.42, 0.50, 0.36, 0.52, 0.05, 0.24, 1.00, 1.00, 0.52, 0.40, 0.55, 0.60, 1.00, 1.00]
Event Rate: [0.95, 0.36, 0.26, 0.28, 0.51, 0.61, 0.43, 0.51, 0.36, 0.52, 0.05, 0.24, 1.00, 1.00, 0.52, 0.40, 0.56, 0.60, 1.00, 1.00]
Event Rate: [0.96, 0.35, 0.25, 0.27, 0.50, 0.59, 0.42, 0.50, 0.36, 0.52, 0.05, 0.24, 1.00, 1.00, 0.51, 0.39, 0.54, 0.59, 0.99, 1.00]
Event Rate: [0.96, 0.36, 0.26, 0.27, 0.50, 0.60, 0.42, 0.51, 0.37, 0.52, 0.05, 0.25, 1.00, 1.00, 0.52, 0.40, 0.55, 0.60, 0.99, 1.00]
Event Rate: [0.96, 0.35, 0.26, 0.28, 0.51, 0.60, 0.43, 0.50, 0.36, 0.52, 0.05, 0.24, 1.00, 1.00, 0.52, 0.40, 0.55, 0.60, 1.00, 1.00]
Event Rate: [0.96, 0.35, 0.26, 0.28, 0.50, 0.60, 0.43, 0.50, 0.36, 0.52, 0.05, 0.24, 1.00, 1.00, 0.52, 0.40, 0.55, 0.60, 1.00, 1.00]
Event Rate: [0.96, 0.35, 0.26, 0.27, 0.50, 0.60, 0.43, 0.51, 0.37, 0.52, 0.05, 0.24, 1.00, 1.00, 0.52, 0.40, 0.55, 0.60, 1.00, 1.00]
Event Rate: [0.96, 0.35, 0.26, 0.28, 0.51, 0.60, 0.43, 0.50, 0.36, 0.52, 0.05, 0.24, 1.00, 1.00, 0.52, 0.40, 0.55, 0.60, 0.99, 1.00]
Event Rate: [0.96, 0.35, 0.26, 0.28, 0.50, 0.60, 0.43, 0.50, 0.37, 0.52, 0.05, 0.24, 1.00, 1.00, 0.52, 0.40, 0.55, 0.60, 1.00, 1.00]
Event Rate: [0.96, 0.35, 0.25, 0.27, 0.49, 0.60, 0.42, 0.50, 0.36, 0.52, 0.05, 0.24, 1.00, 1.00, 0.51, 0.39, 0.54, 0.59, 0.99, 1.00]
Event Rate: [0.96, 0.35, 0.26, 0.28, 0.51, 0.61, 0.43, 0.50, 0.37, 0.52, 0.05, 0.24, 1.00, 1.00, 0.52, 0.40, 0.55, 0.60, 1.00, 1.00]
Event Rate: [0.96, 0.35, 0.25, 0.27, 0.50, 0.59, 0.42, 0.50, 0.37, 0.52, 0.05, 0.24, 1.00, 1.00, 0.51, 0.39, 0.55, 0.59, 1.00, 1.00]
Event Rate: [0.96, 0.36, 0.27, 0.29, 0.52, 0.61, 0.43, 0.51, 0.37, 0.52, 0.05, 0.24, 1.00, 1.00, 0.52, 0.40, 0.56, 0.61, 1.00, 1.00]
Event Rate: [0.96, 0.35, 0.25, 0.27, 0.50, 0.60, 0.43, 0.51, 0.37, 0.52, 0.05, 0.25, 1.00, 1.00, 0.52, 0.40, 0.55, 0.60, 0.99, 1.00]
Event Rate: [0.96, 0.35, 0.26, 0.28, 0.50, 0.60, 0.43, 0.51, 0.37, 0.52, 0.05, 0.25, 1.00, 1.00, 0.52, 0.40, 0.55, 0.60, 1.00, 1.00]
Event Rate: [0.96, 0.36, 0.26, 0.28, 0.51, 0.61, 0.43, 0.51, 0.37, 0.52, 0.05, 0.24, 1.00, 1.00, 0.52, 0.40, 0.56, 0.60, 1.00, 1.00]
Event Rate: [0.96, 0.36, 0.26, 0.28, 0.51, 0.61, 0.43, 0.51, 0.37, 0.53, 0.05, 0.25, 1.00, 1.00, 0.53, 0.40, 0.56, 0.61, 1.00, 1.00]
Event Rate: [0.96, 0.36, 0.27, 0.29, 0.52, 0.61, 0.43, 0.51, 0.37, 0.53, 0.05, 0.25, 1.00, 1.00, 0.52, 0.41, 0.56, 0.61, 1.00, 1.00]
Event Rate: [0.95, 0.35, 0.26, 0.28, 0.51, 0.60, 0.43, 0.51, 0.37, 0.52, 0.05, 0.24, 1.00, 1.00, 0.52, 0.40, 0.55, 0.60, 1.00, 1.00]
Event Rate: [0.96, 0.35, 0.26, 0.28, 0.51, 0.60, 0.43, 0.51, 0.37, 0.53, 0.05, 0.25, 1.00, 1.00, 0.52, 0.40, 0.55, 0.60, 1.00, 1.00]
Event Rate: [0.96, 0.35, 0.26, 0.28, 0.51, 0.61, 0.43, 0.51, 0.37, 0.52, 0.05, 0.25, 1.00, 1.00, 0.52, 0.40, 0.56, 0.60, 1.00, 1.00]
Event Rate: [0.96, 0.35, 0.25, 0.27, 0.50, 0.59, 0.42, 0.50, 0.37, 0.52, 0.05, 0.24, 1.00, 1.00, 0.51, 0.39, 0.54, 0.59, 0.99, 1.00]
Event Rate: [0.96, 0.35, 0.26, 0.28, 0.50, 0.60, 0.43, 0.51, 0.37, 0.52, 0.05, 0.24, 1.00, 1.00, 0.52, 0.40, 0.55, 0.60, 1.00, 1.00]
Event Rate: [0.96, 0.35, 0.26, 0.28, 0.51, 0.61, 0.43, 0.51, 0.37, 0.52, 0.05, 0.24, 1.00, 1.00, 0.52, 0.40, 0.56, 0.60, 1.00, 1.00]
Event Rate: [0.96, 0.35, 0.25, 0.28, 0.50, 0.60, 0.42, 0.51, 0.37, 0.52, 0.05, 0.24, 1.00, 1.00, 0.51, 0.39, 0.54, 0.59, 0.99, 1.00]
Event Rate: [0.95, 0.35, 0.26, 0.28, 0.51, 0.61, 0.43, 0.51, 0.37, 0.52, 0.05, 0.25, 1.00, 1.00, 0.52, 0.40, 0.56, 0.60, 0.99, 1.00]
Event Rate: [0.96, 0.35, 0.26, 0.28, 0.50, 0.60, 0.42, 0.51, 0.37, 0.52, 0.05, 0.25, 1.00, 1.00, 0.52, 0.39, 0.55, 0.60, 0.99, 1.00]
Event Rate: [0.96, 0.35, 0.26, 0.28, 0.51, 0.61, 0.43, 0.51, 0.37, 0.52, 0.05, 0.25, 1.00, 1.00, 0.52, 0.40, 0.55, 0.60, 1.00, 1.00]
Event Rate: [0.96, 0.35, 0.25, 0.27, 0.50, 0.60, 0.42, 0.50, 0.37, 0.52, 0.05, 0.25, 1.00, 1.00, 0.52, 0.40, 0.55, 0.59, 0.99, 1.00]
Event Rate: [0.96, 0.35, 0.26, 0.28, 0.50, 0.60, 0.42, 0.50, 0.37, 0.52, 0.05, 0.25, 1.00, 1.00, 0.52, 0.40, 0.55, 0.60, 1.00, 1.00]
Event Rate: [0.96, 0.36, 0.26, 0.28, 0.51, 0.61, 0.43, 0.51, 0.38, 0.53, 0.05, 0.25, 1.00, 1.00, 0.52, 0.40, 0.56, 0.61, 1.00, 1.00]
Event Rate: [0.96, 0.36, 0.26, 0.28, 0.51, 0.61, 0.43, 0.51, 0.38, 0.53, 0.05, 0.25, 1.00, 1.00, 0.52, 0.40, 0.56, 0.61, 1.00, 1.00]
Event Rate: [0.96, 0.35, 0.25, 0.28, 0.50, 0.60, 0.42, 0.51, 0.37, 0.52, 0.05, 0.25, 1.00, 1.00, 0.52, 0.40, 0.55, 0.60, 0.99, 1.00]
Event Rate: [0.96, 0.34, 0.25, 0.28, 0.50, 0.60, 0.42, 0.51, 0.37, 0.52, 0.05, 0.24, 1.00, 1.00, 0.52, 0.39, 0.55, 0.60, 1.00, 1.00]
Event Rate: [0.96, 0.36, 0.27, 0.28, 0.51, 0.61, 0.43, 0.51, 0.38, 0.53, 0.05, 0.25, 1.00, 1.00, 0.53, 0.40, 0.56, 0.61, 1.00, 1.00]
Event Rate: [0.96, 0.35, 0.26, 0.28, 0.50, 0.60, 0.42, 0.51, 0.38, 0.52, 0.05, 0.25, 1.00, 1.00, 0.52, 0.40, 0.55, 0.60, 1.00, 1.00]
Event Rate: [0.96, 0.36, 0.26, 0.29, 0.51, 0.61, 0.43, 0.51, 0.38, 0.53, 0.05, 0.25, 1.00, 1.00, 0.53, 0.40, 0.56, 0.61, 1.00, 1.00]
Event Rate: [0.96, 0.35, 0.26, 0.28, 0.51, 0.61, 0.43, 0.51, 0.38, 0.52, 0.05, 0.25, 1.00, 1.00, 0.52, 0.40, 0.55, 0.60, 0.99, 1.00]
Event Rate: [0.95, 0.35, 0.26, 0.28, 0.50, 0.60, 0.42, 0.51, 0.37, 0.52, 0.05, 0.25, 1.00, 1.00, 0.52, 0.39, 0.55, 0.59, 0.99, 1.00]
Event Rate: [0.96, 0.35, 0.26, 0.28, 0.50, 0.60, 0.42, 0.51, 0.37, 0.52, 0.05, 0.25, 1.00, 1.00, 0.52, 0.39, 0.55, 0.60, 0.99, 1.00]
Event Rate: [0.95, 0.35, 0.26, 0.28, 0.51, 0.61, 0.43, 0.51, 0.37, 0.52, 0.05, 0.25, 1.00, 1.00, 0.52, 0.40, 0.55, 0.60, 0.99, 1.00]
Event Rate: [0.96, 0.35, 0.26, 0.27, 0.50, 0.60, 0.42, 0.51, 0.37, 0.52, 0.05, 0.25, 1.00, 1.00, 0.52, 0.40, 0.55, 0.60, 1.00, 1.00]
Event Rate: [0.96, 0.35, 0.26, 0.28, 0.50, 0.60, 0.43, 0.51, 0.37, 0.52, 0.05, 0.25, 1.00, 1.00, 0.52, 0.40, 0.55, 0.60, 1.00, 1.00]
Event Rate: [0.96, 0.37, 0.27, 0.29, 0.52, 0.62, 0.43, 0.51, 0.37, 0.52, 0.05, 0.25, 1.00, 1.00, 0.53, 0.40, 0.56, 0.61, 1.00, 1.00]
Event Rate: [0.96, 0.36, 0.27, 0.28, 0.50, 0.60, 0.43, 0.51, 0.37, 0.52, 0.05, 0.25, 1.00, 1.00, 0.52, 0.40, 0.55, 0.60, 1.00, 1.00]
Event Rate: [0.96, 0.35, 0.26, 0.28, 0.50, 0.60, 0.42, 0.51, 0.37, 0.52, 0.05, 0.25, 1.00, 1.00, 0.52, 0.39, 0.54, 0.59, 1.00, 1.00]
Event Rate: [0.95, 0.34, 0.25, 0.27, 0.49, 0.60, 0.42, 0.50, 0.37, 0.52, 0.05, 0.25, 1.00, 1.00, 0.51, 0.39, 0.54, 0.59, 0.99, 1.00]
Event Rate: [0.96, 0.36, 0.26, 0.28, 0.51, 0.61, 0.43, 0.51, 0.38, 0.52, 0.05, 0.25, 1.00, 1.00, 0.52, 0.40, 0.56, 0.61, 1.00, 1.00]
Event Rate: [0.95, 0.35, 0.26, 0.28, 0.51, 0.61, 0.43, 0.51, 0.37, 0.52, 0.05, 0.25, 1.00, 1.00, 0.52, 0.39, 0.55, 0.60, 1.00, 1.00]
Event Rate: [0.96, 0.35, 0.26, 0.28, 0.50, 0.60, 0.42, 0.50, 0.37, 0.52, 0.05, 0.25, 1.00, 1.00, 0.52, 0.39, 0.55, 0.60, 0.99, 1.00]
Event Rate: [0.95, 0.35, 0.27, 0.29, 0.51, 0.61, 0.43, 0.51, 0.38, 0.52, 0.05, 0.25, 1.00, 1.00, 0.52, 0.40, 0.55, 0.60, 1.00, 1.00]
Event Rate: [0.95, 0.35, 0.26, 0.28, 0.50, 0.60, 0.42, 0.50, 0.37, 0.52, 0.05, 0.25, 1.00, 1.00, 0.52, 0.39, 0.55, 0.60, 0.99, 1.00]
Event Rate: [0.96, 0.35, 0.27, 0.28, 0.51, 0.61, 0.43, 0.51, 0.38, 0.52, 0.05, 0.25, 1.00, 1.00, 0.52, 0.40, 0.56, 0.60, 1.00, 1.00]
Event Rate: [0.95, 0.35, 0.26, 0.28, 0.51, 0.61, 0.43, 0.51, 0.37, 0.52, 0.05, 0.25, 1.00, 1.00, 0.51, 0.39, 0.55, 0.60, 0.99, 1.00]
Event Rate: [0.96, 0.36, 0.27, 0.29, 0.51, 0.61, 0.43, 0.51, 0.38, 0.52, 0.05, 0.25, 1.00, 1.00, 0.52, 0.39, 0.56, 0.60, 0.99, 1.00]
Event Rate: [0.96, 0.36, 0.27, 0.29, 0.52, 0.61, 0.43, 0.51, 0.38, 0.53, 0.05, 0.25, 1.00, 1.00, 0.52, 0.40, 0.56, 0.60, 0.99, 1.00]
Event Rate: [0.96, 0.34, 0.25, 0.27, 0.49, 0.59, 0.42, 0.50, 0.38, 0.52, 0.05, 0.25, 1.00, 1.00, 0.52, 0.39, 0.54, 0.59, 0.99, 1.00]
Event Rate: [0.96, 0.34, 0.25, 0.28, 0.50, 0.59, 0.42, 0.50, 0.37, 0.52, 0.05, 0.25, 1.00, 1.00, 0.52, 0.40, 0.55, 0.59, 0.99, 1.00]
Event Rate: [0.95, 0.34, 0.26, 0.28, 0.50, 0.60, 0.42, 0.50, 0.37, 0.52, 0.05, 0.25, 1.00, 1.00, 0.51, 0.39, 0.55, 0.59, 0.99, 1.00]
Event Rate: [0.95, 0.35, 0.27, 0.29, 0.51, 0.60, 0.43, 0.50, 0.37, 0.52, 0.05, 0.25, 1.00, 1.00, 0.52, 0.39, 0.55, 0.60, 1.00, 1.00]
Event Rate: [0.96, 0.35, 0.27, 0.29, 0.51, 0.61, 0.43, 0.51, 0.38, 0.53, 0.05, 0.25, 1.00, 1.00, 0.53, 0.40, 0.56, 0.61, 1.00, 1.00]
Event Rate: [0.96, 0.35, 0.26, 0.28, 0.51, 0.60, 0.43, 0.50, 0.37, 0.53, 0.05, 0.25, 1.00, 1.00, 0.52, 0.39, 0.55, 0.60, 1.00, 1.00]
Event Rate: [0.96, 0.35, 0.26, 0.29, 0.51, 0.60, 0.43, 0.50, 0.37, 0.53, 0.05, 0.25, 1.00, 1.00, 0.52, 0.39, 0.55, 0.60, 1.00, 1.00]
Event Rate: [0.96, 0.35, 0.27, 0.29, 0.51, 0.61, 0.43, 0.51, 0.37, 0.53, 0.05, 0.25, 1.00, 1.00, 0.52, 0.40, 0.56, 0.60, 1.00, 1.00]
Event Rate: [0.95, 0.35, 0.26, 0.28, 0.51, 0.60, 0.43, 0.50, 0.37, 0.52, 0.05, 0.25, 1.00, 1.00, 0.52, 0.39, 0.55, 0.60, 1.00, 1.00]
Event Rate: [0.96, 0.36, 0.27, 0.29, 0.52, 0.61, 0.43, 0.50, 0.37, 0.52, 0.05, 0.25, 1.00, 1.00, 0.52, 0.40, 0.56, 0.60, 1.00, 1.00]
Event Rate: [0.96, 0.35, 0.26, 0.29, 0.51, 0.61, 0.43, 0.50, 0.37, 0.53, 0.05, 0.25, 1.00, 1.00, 0.53, 0.40, 0.56, 0.60, 1.00, 1.00]
Event Rate: [0.96, 0.35, 0.26, 0.28, 0.50, 0.60, 0.42, 0.50, 0.37, 0.52, 0.05, 0.25, 1.00, 1.00, 0.52, 0.39, 0.55, 0.60, 0.99, 1.00]
Event Rate: [0.96, 0.35, 0.26, 0.28, 0.50, 0.60, 0.42, 0.50, 0.37, 0.52, 0.05, 0.25, 1.00, 1.00, 0.52, 0.39, 0.55, 0.60, 1.00, 1.00]
Event Rate: [0.96, 0.35, 0.26, 0.28, 0.50, 0.60, 0.42, 0.50, 0.36, 0.52, 0.05, 0.25, 1.00, 1.00, 0.51, 0.39, 0.55, 0.60, 0.99, 1.00]
Event Rate: [0.96, 0.35, 0.26, 0.29, 0.51, 0.60, 0.43, 0.50, 0.36, 0.52, 0.05, 0.25, 1.00, 1.00, 0.52, 0.39, 0.55, 0.60, 1.00, 1.00]
Event Rate: [0.96, 0.35, 0.26, 0.29, 0.51, 0.60, 0.43, 0.50, 0.37, 0.53, 0.05, 0.25, 1.00, 1.00, 0.52, 0.40, 0.55, 0.60, 0.99, 1.00]
Event Rate: [0.96, 0.36, 0.27, 0.29, 0.52, 0.61, 0.43, 0.50, 0.37, 0.53, 0.05, 0.25, 1.00, 1.00, 0.52, 0.39, 0.56, 0.60, 1.00, 1.00]
Event Rate: [0.96, 0.34, 0.25, 0.28, 0.50, 0.60, 0.42, 0.50, 0.36, 0.53, 0.05, 0.25, 1.00, 1.00, 0.52, 0.39, 0.55, 0.59, 1.00, 1.00]
Event Rate: [0.96, 0.36, 0.27, 0.29, 0.52, 0.62, 0.44, 0.50, 0.37, 0.53, 0.05, 0.25, 1.00, 1.00, 0.53, 0.40, 0.56, 0.61, 1.00, 1.00]
Event Rate: [0.96, 0.35, 0.26, 0.28, 0.51, 0.61, 0.43, 0.50, 0.36, 0.52, 0.05, 0.25, 1.00, 1.00, 0.52, 0.40, 0.56, 0.60, 1.00, 1.00]
Event Rate: [0.96, 0.35, 0.26, 0.29, 0.51, 0.61, 0.43, 0.50, 0.36, 0.52, 0.05, 0.25, 1.00, 1.00, 0.52, 0.40, 0.55, 0.60, 1.00, 1.00]
Event Rate: [0.96, 0.36, 0.27, 0.29, 0.52, 0.61, 0.43, 0.50, 0.36, 0.52, 0.05, 0.25, 1.00, 1.00, 0.52, 0.40, 0.56, 0.60, 0.99, 1.00]
Event Rate: [0.96, 0.35, 0.26, 0.28, 0.51, 0.61, 0.43, 0.50, 0.36, 0.52, 0.05, 0.25, 1.00, 1.00, 0.52, 0.39, 0.55, 0.60, 1.00, 1.00]
Event Rate: [0.96, 0.35, 0.26, 0.28, 0.51, 0.61, 0.42, 0.50, 0.36, 0.52, 0.05, 0.25, 1.00, 1.00, 0.52, 0.39, 0.55, 0.60, 0.99, 1.00]
Event Rate: [0.96, 0.35, 0.27, 0.29, 0.51, 0.61, 0.43, 0.50, 0.36, 0.52, 0.05, 0.25, 1.00, 1.00, 0.52, 0.40, 0.55, 0.60, 0.99, 1.00]
Event Rate: [0.95, 0.35, 0.26, 0.29, 0.51, 0.60, 0.42, 0.49, 0.36, 0.51, 0.05, 0.25, 1.00, 1.00, 0.52, 0.39, 0.55, 0.59, 0.99, 1.00]
Event Rate: [0.96, 0.35, 0.26, 0.29, 0.51, 0.61, 0.42, 0.49, 0.36, 0.52, 0.05, 0.25, 1.00, 1.00, 0.52, 0.40, 0.55, 0.60, 0.99, 1.00]
Event Rate: [0.96, 0.35, 0.26, 0.28, 0.51, 0.61, 0.42, 0.49, 0.36, 0.52, 0.05, 0.25, 1.00, 1.00, 0.52, 0.39, 0.55, 0.60, 1.00, 1.00]
Event Rate: [0.96, 0.36, 0.27, 0.29, 0.52, 0.62, 0.43, 0.50, 0.36, 0.52, 0.05, 0.25, 1.00, 1.00, 0.52, 0.40, 0.56, 0.60, 1.00, 1.00]
Event Rate: [0.96, 0.35, 0.26, 0.28, 0.51, 0.61, 0.43, 0.50, 0.36, 0.52, 0.05, 0.25, 1.00, 1.00, 0.52, 0.40, 0.56, 0.60, 1.00, 1.00]
Event Rate: [0.96, 0.34, 0.26, 0.28, 0.50, 0.60, 0.42, 0.49, 0.36, 0.52, 0.05, 0.25, 1.00, 1.00, 0.51, 0.39, 0.55, 0.59, 0.99, 1.00]
Event Rate: [0.96, 0.36, 0.27, 0.29, 0.52, 0.61, 0.43, 0.50, 0.36, 0.52, 0.05, 0.25, 1.00, 1.00, 0.52, 0.40, 0.56, 0.61, 0.99, 1.00]
Event Rate: [0.95, 0.34, 0.25, 0.28, 0.50, 0.60, 0.42, 0.49, 0.36, 0.52, 0.05, 0.25, 1.00, 1.00, 0.51, 0.39, 0.54, 0.59, 0.99, 1.00]
Event Rate: [0.96, 0.35, 0.27, 0.29, 0.52, 0.61, 0.43, 0.49, 0.36, 0.52, 0.05, 0.25, 1.00, 1.00, 0.52, 0.40, 0.56, 0.60, 1.00, 1.00]
Event Rate: [0.95, 0.35, 0.26, 0.29, 0.52, 0.61, 0.43, 0.50, 0.36, 0.53, 0.05, 0.25, 1.00, 1.00, 0.52, 0.40, 0.56, 0.60, 1.00, 1.00]
Event Rate: [0.96, 0.34, 0.25, 0.27, 0.50, 0.60, 0.42, 0.49, 0.36, 0.52, 0.05, 0.25, 1.00, 1.00, 0.52, 0.39, 0.54, 0.59, 0.99, 1.00]
Event Rate: [0.96, 0.36, 0.27, 0.29, 0.52, 0.62, 0.43, 0.50, 0.37, 0.53, 0.05, 0.25, 1.00, 1.00, 0.53, 0.41, 0.56, 0.61, 1.00, 1.00]
Event Rate: [0.96, 0.36, 0.27, 0.29, 0.52, 0.62, 0.43, 0.50, 0.36, 0.52, 0.05, 0.25, 1.00, 1.00, 0.52, 0.40, 0.56, 0.61, 1.00, 1.00]
Event Rate: [0.96, 0.35, 0.27, 0.29, 0.51, 0.61, 0.43, 0.50, 0.37, 0.53, 0.05, 0.25, 1.00, 1.00, 0.52, 0.40, 0.55, 0.61, 0.99, 1.00]
Event Rate: [0.96, 0.35, 0.26, 0.28, 0.52, 0.62, 0.43, 0.50, 0.37, 0.53, 0.05, 0.25, 1.00, 1.00, 0.52, 0.40, 0.56, 0.60, 1.00, 1.00]
Event Rate: [0.96, 0.35, 0.27, 0.29, 0.52, 0.61, 0.43, 0.50, 0.36, 0.52, 0.05, 0.25, 1.00, 1.00, 0.53, 0.40, 0.56, 0.60, 1.00, 1.00]
Event Rate: [0.96, 0.35, 0.26, 0.29, 0.51, 0.61, 0.43, 0.50, 0.36, 0.52, 0.05, 0.25, 1.00, 1.00, 0.52, 0.40, 0.55, 0.60, 0.99, 1.00]
Event Rate: [0.96, 0.36, 0.26, 0.29, 0.52, 0.61, 0.43, 0.50, 0.36, 0.52, 0.05, 0.25, 1.00, 1.00, 0.52, 0.40, 0.56, 0.60, 1.00, 1.00]
Event Rate: [0.95, 0.35, 0.26, 0.29, 0.51, 0.61, 0.42, 0.49, 0.36, 0.52, 0.05, 0.25, 1.00, 1.00, 0.51, 0.39, 0.55, 0.60, 1.00, 1.00]
Event Rate: [0.95, 0.35, 0.26, 0.29, 0.51, 0.61, 0.43, 0.49, 0.36, 0.52, 0.05, 0.25, 1.00, 1.00, 0.51, 0.39, 0.56, 0.60, 0.99, 1.00]
Event Rate: [0.96, 0.35, 0.26, 0.28, 0.51, 0.61, 0.42, 0.49, 0.36, 0.52, 0.05, 0.25, 1.00, 1.00, 0.51, 0.39, 0.55, 0.60, 1.00, 1.00]
Event Rate: [0.96, 0.36, 0.26, 0.29, 0.52, 0.62, 0.43, 0.50, 0.37, 0.53, 0.05, 0.25, 1.00, 1.00, 0.52, 0.40, 0.56, 0.61, 1.00, 1.00]
Event Rate: [0.96, 0.36, 0.26, 0.29, 0.51, 0.61, 0.43, 0.49, 0.36, 0.52, 0.05, 0.25, 1.00, 1.00, 0.51, 0.39, 0.55, 0.60, 1.00, 1.00]
Event Rate: [0.95, 0.36, 0.26, 0.29, 0.51, 0.61, 0.42, 0.49, 0.36, 0.52, 0.05, 0.25, 1.00, 1.00, 0.51, 0.39, 0.55, 0.60, 0.99, 1.00]
Event Rate: [0.95, 0.35, 0.26, 0.28, 0.51, 0.61, 0.42, 0.49, 0.37, 0.52, 0.05, 0.25, 1.00, 1.00, 0.51, 0.39, 0.55, 0.60, 1.00, 1.00]
Event Rate: [0.96, 0.35, 0.26, 0.29, 0.51, 0.62, 0.43, 0.49, 0.36, 0.52, 0.05, 0.25, 1.00, 1.00, 0.51, 0.40, 0.56, 0.60, 1.00, 1.00]
Event Rate: [0.96, 0.35, 0.26, 0.28, 0.51, 0.61, 0.42, 0.49, 0.37, 0.52, 0.05, 0.25, 1.00, 1.00, 0.52, 0.40, 0.55, 0.60, 0.99, 1.00]
Event Rate: [0.96, 0.35, 0.26, 0.29, 0.51, 0.61, 0.43, 0.49, 0.37, 0.52, 0.05, 0.25, 1.00, 1.00, 0.52, 0.40, 0.56, 0.60, 1.00, 1.00]
Event Rate: [0.96, 0.35, 0.27, 0.29, 0.51, 0.61, 0.43, 0.49, 0.37, 0.52, 0.05, 0.25, 1.00, 1.00, 0.51, 0.40, 0.56, 0.60, 1.00, 1.00]
Event Rate: [0.96, 0.35, 0.26, 0.28, 0.51, 0.61, 0.42, 0.49, 0.36, 0.52, 0.05, 0.25, 1.00, 1.00, 0.51, 0.39, 0.55, 0.60, 0.99, 1.00]
Event Rate: [0.96, 0.35, 0.26, 0.29, 0.52, 0.61, 0.43, 0.49, 0.37, 0.52, 0.05, 0.25, 1.00, 1.00, 0.52, 0.40, 0.56, 0.60, 0.99, 1.00]
Event Rate: [0.96, 0.34, 0.26, 0.28, 0.51, 0.61, 0.42, 0.49, 0.37, 0.52, 0.05, 0.25, 1.00, 1.00, 0.51, 0.39, 0.55, 0.60, 1.00, 1.00]
Event Rate: [0.95, 0.35, 0.26, 0.28, 0.51, 0.61, 0.42, 0.49, 0.37, 0.53, 0.05, 0.25, 1.00, 1.00, 0.51, 0.40, 0.55, 0.60, 0.99, 1.00]
Event Rate: [0.96, 0.35, 0.26, 0.29, 0.51, 0.61, 0.42, 0.49, 0.37, 0.52, 0.05, 0.25, 1.00, 1.00, 0.51, 0.40, 0.55, 0.60, 0.99, 1.00]
Event Rate: [0.96, 0.36, 0.27, 0.29, 0.52, 0.62, 0.43, 0.50, 0.37, 0.52, 0.05, 0.25, 1.00, 1.00, 0.51, 0.40, 0.56, 0.60, 1.00, 1.00]
Event Rate: [0.96, 0.36, 0.26, 0.29, 0.52, 0.62, 0.42, 0.49, 0.37, 0.53, 0.05, 0.25, 1.00, 1.00, 0.51, 0.40, 0.56, 0.60, 0.99, 1.00]
Event Rate: [0.96, 0.35, 0.26, 0.28, 0.51, 0.61, 0.42, 0.49, 0.37, 0.52, 0.05, 0.25, 1.00, 1.00, 0.51, 0.40, 0.55, 0.60, 1.00, 1.00]
Event Rate: [0.96, 0.35, 0.27, 0.29, 0.52, 0.62, 0.42, 0.49, 0.37, 0.52, 0.05, 0.25, 1.00, 1.00, 0.51, 0.39, 0.55, 0.60, 0.99, 1.00]
Event Rate: [0.96, 0.35, 0.26, 0.29, 0.51, 0.61, 0.42, 0.49, 0.37, 0.52, 0.05, 0.25, 1.00, 1.00, 0.51, 0.40, 0.55, 0.60, 1.00, 1.00]
Event Rate: [0.96, 0.35, 0.27, 0.29, 0.52, 0.61, 0.42, 0.49, 0.36, 0.52, 0.05, 0.25, 1.00, 1.00, 0.51, 0.40, 0.55, 0.60, 0.99, 1.00]
Event Rate: [0.96, 0.36, 0.27, 0.29, 0.53, 0.62, 0.43, 0.50, 0.37, 0.52, 0.05, 0.26, 1.00, 1.00, 0.53, 0.41, 0.56, 0.61, 1.00, 1.00]
Event Rate: [0.96, 0.35, 0.27, 0.28, 0.52, 0.62, 0.43, 0.49, 0.37, 0.52, 0.05, 0.25, 1.00, 1.00, 0.51, 0.39, 0.55, 0.60, 0.99, 1.00]
Event Rate: [0.96, 0.35, 0.27, 0.29, 0.52, 0.62, 0.43, 0.49, 0.37, 0.53, 0.05, 0.26, 1.00, 1.00, 0.51, 0.40, 0.55, 0.60, 0.99, 1.00]
Event Rate: [0.96, 0.34, 0.26, 0.28, 0.51, 0.61, 0.42, 0.49, 0.37, 0.52, 0.05, 0.25, 1.00, 1.00, 0.51, 0.40, 0.55, 0.60, 0.99, 1.00]
Event Rate: [0.96, 0.35, 0.27, 0.29, 0.51, 0.61, 0.42, 0.49, 0.37, 0.52, 0.05, 0.25, 1.00, 1.00, 0.51, 0.40, 0.55, 0.60, 0.99, 1.00]
Event Rate: [0.96, 0.36, 0.27, 0.29, 0.52, 0.61, 0.43, 0.49, 0.37, 0.52, 0.05, 0.25, 1.00, 1.00, 0.51, 0.41, 0.56, 0.60, 0.99, 1.00]
Event Rate: [0.96, 0.35, 0.26, 0.28, 0.51, 0.61, 0.42, 0.48, 0.36, 0.52, 0.05, 0.25, 1.00, 1.00, 0.50, 0.39, 0.55, 0.59, 0.99, 1.00]
Event Rate: [0.96, 0.36, 0.27, 0.29, 0.52, 0.62, 0.42, 0.49, 0.37, 0.53, 0.05, 0.25, 1.00, 1.00, 0.50, 0.40, 0.56, 0.60, 0.99, 1.00]
Event Rate: [0.96, 0.34, 0.26, 0.28, 0.51, 0.61, 0.42, 0.49, 0.37, 0.52, 0.05, 0.25, 1.00, 1.00, 0.50, 0.39, 0.55, 0.59, 1.00, 1.00]
Event Rate: [0.95, 0.34, 0.25, 0.27, 0.50, 0.60, 0.41, 0.48, 0.36, 0.52, 0.05, 0.25, 1.00, 1.00, 0.50, 0.39, 0.54, 0.59, 0.99, 1.00]
Event Rate: [0.96, 0.35, 0.26, 0.29, 0.51, 0.61, 0.42, 0.49, 0.37, 0.52, 0.05, 0.25, 1.00, 1.00, 0.51, 0.40, 0.55, 0.60, 0.99, 1.00]
Event Rate: [0.96, 0.35, 0.26, 0.29, 0.52, 0.62, 0.42, 0.49, 0.37, 0.53, 0.05, 0.25, 1.00, 1.00, 0.51, 0.41, 0.56, 0.60, 1.00, 1.00]
Event Rate: [0.96, 0.35, 0.26, 0.28, 0.51, 0.61, 0.42, 0.49, 0.37, 0.52, 0.05, 0.25, 1.00, 1.00, 0.51, 0.40, 0.55, 0.60, 0.99, 1.00]
Event Rate: [0.96, 0.35, 0.26, 0.28, 0.51, 0.61, 0.42, 0.48, 0.37, 0.52, 0.05, 0.25, 1.00, 1.00, 0.50, 0.40, 0.55, 0.60, 0.99, 1.00]
Event Rate: [0.96, 0.35, 0.26, 0.29, 0.52, 0.62, 0.42, 0.49, 0.37, 0.52, 0.05, 0.25, 1.00, 1.00, 0.50, 0.40, 0.56, 0.60, 0.99, 1.00]
Event Rate: [0.95, 0.35, 0.26, 0.28, 0.51, 0.61, 0.42, 0.48, 0.37, 0.52, 0.05, 0.25, 1.00, 1.00, 0.51, 0.40, 0.55, 0.60, 0.99, 1.00]
Event Rate: [0.96, 0.35, 0.26, 0.29, 0.51, 0.61, 0.42, 0.48, 0.37, 0.52, 0.05, 0.25, 1.00, 1.00, 0.50, 0.40, 0.55, 0.59, 1.00, 1.00]
Event Rate: [0.96, 0.35, 0.26, 0.29, 0.51, 0.61, 0.42, 0.48, 0.37, 0.52, 0.05, 0.25, 1.00, 1.00, 0.51, 0.40, 0.55, 0.60, 0.99, 1.00]
Event Rate: [0.96, 0.35, 0.26, 0.29, 0.51, 0.61, 0.42, 0.48, 0.37, 0.52, 0.05, 0.25, 1.00, 1.00, 0.51, 0.40, 0.56, 0.59, 1.00, 1.00]
Event Rate: [0.96, 0.34, 0.25, 0.28, 0.51, 0.61, 0.41, 0.48, 0.37, 0.53, 0.05, 0.26, 1.00, 1.00, 0.50, 0.40, 0.55, 0.59, 0.99, 1.00]
Event Rate: [0.96, 0.35, 0.27, 0.29, 0.52, 0.62, 0.43, 0.49, 0.37, 0.52, 0.05, 0.25, 1.00, 1.00, 0.51, 0.41, 0.56, 0.60, 0.99, 1.00]
Event Rate: [0.96, 0.35, 0.26, 0.29, 0.51, 0.61, 0.42, 0.49, 0.37, 0.53, 0.05, 0.26, 1.00, 1.00, 0.51, 0.41, 0.56, 0.59, 0.99, 1.00]
Event Rate: [0.96, 0.36, 0.27, 0.30, 0.53, 0.62, 0.43, 0.49, 0.37, 0.53, 0.05, 0.26, 1.00, 1.00, 0.51, 0.41, 0.57, 0.60, 1.00, 1.00]
Event Rate: [0.96, 0.34, 0.26, 0.29, 0.52, 0.61, 0.42, 0.49, 0.37, 0.53, 0.05, 0.25, 1.00, 1.00, 0.51, 0.40, 0.56, 0.59, 0.99, 1.00]
Event Rate: [0.96, 0.36, 0.27, 0.29, 0.53, 0.62, 0.42, 0.49, 0.37, 0.53, 0.05, 0.26, 1.00, 1.00, 0.51, 0.41, 0.56, 0.60, 0.99, 1.00]
Event Rate: [0.96, 0.35, 0.26, 0.28, 0.51, 0.61, 0.42, 0.48, 0.37, 0.53, 0.05, 0.25, 1.00, 1.00, 0.51, 0.40, 0.56, 0.59, 0.99, 1.00]
Event Rate: [0.96, 0.35, 0.26, 0.29, 0.52, 0.61, 0.42, 0.49, 0.38, 0.53, 0.05, 0.25, 1.00, 1.00, 0.51, 0.41, 0.56, 0.60, 1.00, 1.00]
Event Rate: [0.95, 0.34, 0.26, 0.28, 0.51, 0.61, 0.41, 0.48, 0.38, 0.52, 0.05, 0.25, 1.00, 1.00, 0.51, 0.40, 0.55, 0.59, 0.99, 1.00]
Event Rate: [0.96, 0.34, 0.25, 0.28, 0.51, 0.61, 0.41, 0.48, 0.38, 0.52, 0.05, 0.25, 1.00, 1.00, 0.50, 0.39, 0.55, 0.59, 0.99, 1.00]
Event Rate: [0.96, 0.35, 0.27, 0.29, 0.52, 0.62, 0.42, 0.49, 0.38, 0.53, 0.05, 0.25, 1.00, 1.00, 0.50, 0.40, 0.56, 0.60, 1.00, 1.00]
Event Rate: [0.96, 0.36, 0.27, 0.29, 0.52, 0.62, 0.42, 0.49, 0.38, 0.53, 0.05, 0.26, 1.00, 1.00, 0.51, 0.40, 0.57, 0.61, 1.00, 1.00]
Event Rate: [0.96, 0.34, 0.26, 0.29, 0.52, 0.61, 0.42, 0.48, 0.38, 0.53, 0.05, 0.25, 1.00, 1.00, 0.51, 0.41, 0.56, 0.60, 1.00, 1.00]
Event Rate: [0.96, 0.34, 0.26, 0.29, 0.51, 0.61, 0.42, 0.49, 0.38, 0.53, 0.05, 0.26, 1.00, 1.00, 0.51, 0.41, 0.56, 0.60, 0.99, 1.00]
Event Rate: [0.96, 0.34, 0.26, 0.29, 0.51, 0.61, 0.41, 0.48, 0.37, 0.53, 0.05, 0.26, 1.00, 1.00, 0.50, 0.40, 0.55, 0.59, 0.99, 1.00]
Event Rate: [0.95, 0.35, 0.27, 0.30, 0.52, 0.62, 0.42, 0.49, 0.38, 0.53, 0.05, 0.26, 1.00, 1.00, 0.51, 0.41, 0.56, 0.60, 0.99, 1.00]
Event Rate: [0.96, 0.34, 0.25, 0.28, 0.51, 0.61, 0.41, 0.49, 0.38, 0.53, 0.05, 0.26, 1.00, 1.00, 0.50, 0.39, 0.55, 0.59, 0.99, 1.00]
Event Rate: [0.96, 0.36, 0.27, 0.30, 0.53, 0.62, 0.42, 0.49, 0.38, 0.54, 0.05, 0.26, 1.00, 1.00, 0.51, 0.40, 0.56, 0.60, 0.99, 1.00]
Event Rate: [0.96, 0.35, 0.26, 0.29, 0.52, 0.61, 0.41, 0.49, 0.38, 0.53, 0.05, 0.26, 1.00, 1.00, 0.50, 0.40, 0.56, 0.60, 1.00, 1.00]
Event Rate: [0.96, 0.36, 0.27, 0.30, 0.52, 0.62, 0.42, 0.49, 0.38, 0.53, 0.05, 0.26, 1.00, 1.00, 0.51, 0.40, 0.56, 0.60, 1.00, 1.00]
Event Rate: [0.96, 0.35, 0.26, 0.29, 0.52, 0.61, 0.41, 0.48, 0.38, 0.53, 0.05, 0.26, 1.00, 1.00, 0.51, 0.41, 0.56, 0.59, 0.99, 1.00]
Event Rate: [0.96, 0.34, 0.26, 0.29, 0.51, 0.60, 0.41, 0.48, 0.38, 0.53, 0.05, 0.26, 1.00, 1.00, 0.52, 0.41, 0.55, 0.59, 0.99, 1.00]
Event Rate: [0.96, 0.35, 0.26, 0.29, 0.52, 0.61, 0.42, 0.49, 0.38, 0.53, 0.05, 0.26, 1.00, 1.00, 0.52, 0.41, 0.56, 0.60, 0.99, 1.00]
Event Rate: [0.96, 0.35, 0.26, 0.29, 0.51, 0.61, 0.41, 0.49, 0.38, 0.53, 0.05, 0.26, 1.00, 1.00, 0.51, 0.41, 0.56, 0.59, 0.99, 1.00]
Event Rate: [0.96, 0.35, 0.26, 0.29, 0.51, 0.61, 0.41, 0.49, 0.38, 0.53, 0.05, 0.26, 1.00, 1.00, 0.50, 0.40, 0.55, 0.59, 0.99, 1.00]
Event Rate: [0.96, 0.34, 0.26, 0.28, 0.51, 0.61, 0.41, 0.49, 0.38, 0.53, 0.05, 0.26, 1.00, 1.00, 0.50, 0.40, 0.56, 0.59, 0.99, 1.00]
Event Rate: [0.95, 0.35, 0.26, 0.29, 0.52, 0.62, 0.42, 0.49, 0.38, 0.53, 0.05, 0.26, 1.00, 1.00, 0.51, 0.41, 0.56, 0.60, 0.99, 1.00]
Event Rate: [0.96, 0.34, 0.26, 0.29, 0.51, 0.61, 0.41, 0.49, 0.38, 0.53, 0.05, 0.26, 1.00, 1.00, 0.51, 0.41, 0.56, 0.60, 0.99, 1.00]
Event Rate: [0.96, 0.34, 0.25, 0.29, 0.51, 0.61, 0.41, 0.49, 0.38, 0.54, 0.05, 0.26, 1.00, 1.00, 0.51, 0.42, 0.56, 0.59, 0.99, 1.00]
Event Rate: [0.96, 0.35, 0.26, 0.29, 0.51, 0.61, 0.41, 0.49, 0.38, 0.53, 0.05, 0.25, 1.00, 1.00, 0.51, 0.41, 0.56, 0.59, 0.99, 1.00]
Event Rate: [0.96, 0.35, 0.26, 0.29, 0.52, 0.62, 0.42, 0.49, 0.38, 0.53, 0.05, 0.26, 1.00, 1.00, 0.51, 0.41, 0.56, 0.60, 1.00, 1.00]
Event Rate: [0.96, 0.34, 0.26, 0.29, 0.52, 0.62, 0.41, 0.49, 0.38, 0.53, 0.05, 0.26, 1.00, 1.00, 0.51, 0.41, 0.56, 0.60, 1.00, 1.00]
Event Rate: [0.96, 0.35, 0.26, 0.29, 0.52, 0.62, 0.42, 0.49, 0.38, 0.53, 0.05, 0.26, 1.00, 1.00, 0.52, 0.42, 0.57, 0.60, 1.00, 1.00]
Event Rate: [0.96, 0.35, 0.26, 0.29, 0.52, 0.61, 0.41, 0.49, 0.38, 0.53, 0.05, 0.26, 1.00, 1.00, 0.51, 0.42, 0.56, 0.60, 1.00, 1.00]
Event Rate: [0.95, 0.35, 0.25, 0.28, 0.51, 0.61, 0.41, 0.48, 0.38, 0.53, 0.05, 0.26, 1.00, 1.00, 0.51, 0.41, 0.55, 0.59, 0.99, 1.00]
Event Rate: [0.96, 0.36, 0.27, 0.30, 0.53, 0.62, 0.42, 0.49, 0.38, 0.53, 0.05, 0.26, 1.00, 1.00, 0.51, 0.42, 0.57, 0.60, 1.00, 1.00]
Event Rate: [0.96, 0.36, 0.27, 0.30, 0.53, 0.63, 0.42, 0.49, 0.38, 0.54, 0.05, 0.26, 1.00, 1.00, 0.52, 0.43, 0.57, 0.61, 1.00, 1.00]
Event Rate: [0.96, 0.36, 0.26, 0.30, 0.53, 0.62, 0.42, 0.49, 0.38, 0.53, 0.05, 0.26, 1.00, 1.00, 0.51, 0.42, 0.56, 0.60, 1.00, 1.00]
Event Rate: [0.96, 0.37, 0.27, 0.31, 0.54, 0.63, 0.42, 0.49, 0.38, 0.54, 0.05, 0.26, 1.00, 1.00, 0.52, 0.43, 0.57, 0.61, 1.00, 1.00]
Event Rate: [0.96, 0.36, 0.27, 0.31, 0.54, 0.63, 0.42, 0.49, 0.38, 0.53, 0.05, 0.26, 1.00, 1.00, 0.52, 0.43, 0.57, 0.60, 1.00, 1.00]
Event Rate: [0.96, 0.35, 0.26, 0.30, 0.52, 0.62, 0.41, 0.49, 0.38, 0.53, 0.05, 0.26, 1.00, 1.00, 0.51, 0.42, 0.56, 0.60, 0.99, 1.00]
Event Rate: [0.96, 0.37, 0.27, 0.31, 0.53, 0.63, 0.42, 0.50, 0.38, 0.54, 0.05, 0.26, 1.00, 1.00, 0.52, 0.43, 0.57, 0.61, 1.00, 1.00]
Event Rate: [0.95, 0.36, 0.27, 0.30, 0.52, 0.62, 0.41, 0.49, 0.37, 0.53, 0.05, 0.26, 1.00, 1.00, 0.51, 0.42, 0.56, 0.60, 0.99, 1.00]
Event Rate: [0.96, 0.35, 0.26, 0.29, 0.51, 0.61, 0.41, 0.48, 0.37, 0.53, 0.05, 0.26, 1.00, 1.00, 0.50, 0.42, 0.55, 0.59, 1.00, 1.00]
Event Rate: [0.96, 0.36, 0.26, 0.30, 0.52, 0.62, 0.41, 0.48, 0.37, 0.52, 0.05, 0.25, 1.00, 1.00, 0.50, 0.42, 0.56, 0.59, 0.99, 1.00]
Event Rate: [0.96, 0.34, 0.25, 0.29, 0.51, 0.62, 0.41, 0.49, 0.37, 0.53, 0.05, 0.26, 1.00, 1.00, 0.51, 0.42, 0.56, 0.59, 1.00, 1.00]
Event Rate: [0.96, 0.36, 0.27, 0.30, 0.53, 0.63, 0.42, 0.49, 0.37, 0.53, 0.05, 0.26, 1.00, 1.00, 0.52, 0.42, 0.57, 0.61, 1.00, 1.00]
Event Rate: [0.96, 0.36, 0.27, 0.30, 0.53, 0.63, 0.42, 0.49, 0.38, 0.53, 0.05, 0.26, 1.00, 1.00, 0.51, 0.42, 0.57, 0.60, 1.00, 1.00]
Event Rate: [0.96, 0.36, 0.26, 0.30, 0.53, 0.63, 0.42, 0.49, 0.38, 0.53, 0.05, 0.26, 1.00, 1.00, 0.51, 0.42, 0.56, 0.60, 1.00, 1.00]
Event Rate: [0.96, 0.36, 0.27, 0.30, 0.53, 0.63, 0.42, 0.49, 0.38, 0.54, 0.05, 0.26, 1.00, 1.00, 0.52, 0.43, 0.57, 0.60, 1.00, 1.00]
Event Rate: [0.96, 0.36, 0.26, 0.30, 0.53, 0.63, 0.41, 0.49, 0.37, 0.53, 0.05, 0.26, 1.00, 1.00, 0.51, 0.42, 0.57, 0.60, 1.00, 1.00]
Event Rate: [0.96, 0.35, 0.25, 0.28, 0.51, 0.61, 0.40, 0.48, 0.37, 0.53, 0.05, 0.26, 1.00, 1.00, 0.50, 0.41, 0.55, 0.59, 1.00, 1.00]
Event Rate: [0.96, 0.34, 0.25, 0.29, 0.51, 0.61, 0.40, 0.48, 0.37, 0.52, 0.05, 0.26, 1.00, 1.00, 0.51, 0.42, 0.56, 0.59, 1.00, 1.00]
Event Rate: [0.96, 0.35, 0.26, 0.30, 0.52, 0.62, 0.41, 0.48, 0.37, 0.52, 0.05, 0.26, 1.00, 1.00, 0.51, 0.41, 0.56, 0.60, 0.99, 1.00]
Event Rate: [0.96, 0.36, 0.27, 0.31, 0.54, 0.63, 0.42, 0.49, 0.37, 0.53, 0.05, 0.26, 1.00, 1.00, 0.51, 0.42, 0.57, 0.61, 1.00, 1.00]
Event Rate: [0.96, 0.35, 0.26, 0.30, 0.53, 0.62, 0.41, 0.48, 0.37, 0.53, 0.05, 0.26, 1.00, 1.00, 0.51, 0.42, 0.56, 0.60, 1.00, 1.00]
Event Rate: [0.96, 0.36, 0.26, 0.30, 0.53, 0.63, 0.42, 0.49, 0.37, 0.53, 0.05, 0.26, 1.00, 1.00, 0.51, 0.42, 0.57, 0.61, 1.00, 1.00]
Event Rate: [0.96, 0.35, 0.26, 0.30, 0.52, 0.62, 0.41, 0.49, 0.37, 0.53, 0.05, 0.26, 1.00, 1.00, 0.51, 0.42, 0.56, 0.60, 1.00, 1.00]
Event Rate: [0.96, 0.35, 0.26, 0.30, 0.52, 0.63, 0.41, 0.49, 0.37, 0.54, 0.05, 0.26, 1.00, 1.00, 0.51, 0.42, 0.56, 0.60, 1.00, 1.00]
Event Rate: [0.96, 0.35, 0.26, 0.30, 0.53, 0.63, 0.41, 0.49, 0.37, 0.53, 0.05, 0.26, 1.00, 1.00, 0.51, 0.42, 0.56, 0.60, 1.00, 1.00]
Event Rate: [0.96, 0.35, 0.25, 0.29, 0.52, 0.62, 0.41, 0.48, 0.37, 0.53, 0.05, 0.26, 1.00, 1.00, 0.52, 0.42, 0.56, 0.60, 0.99, 1.00]
Event Rate: [0.96, 0.34, 0.25, 0.29, 0.52, 0.62, 0.41, 0.48, 0.36, 0.52, 0.05, 0.26, 1.00, 1.00, 0.51, 0.41, 0.56, 0.60, 0.99, 1.00]
Event Rate: [0.96, 0.36, 0.26, 0.30, 0.53, 0.63, 0.41, 0.49, 0.37, 0.53, 0.05, 0.26, 1.00, 1.00, 0.51, 0.41, 0.56, 0.60, 1.00, 1.00]
Event Rate: [0.96, 0.35, 0.25, 0.29, 0.52, 0.62, 0.40, 0.48, 0.36, 0.53, 0.05, 0.26, 1.00, 1.00, 0.51, 0.41, 0.55, 0.60, 1.00, 1.00]
Event Rate: [0.96, 0.34, 0.26, 0.30, 0.52, 0.62, 0.41, 0.48, 0.36, 0.53, 0.05, 0.26, 1.00, 1.00, 0.51, 0.41, 0.56, 0.60, 1.00, 1.00]
Event Rate: [0.96, 0.35, 0.25, 0.30, 0.52, 0.62, 0.40, 0.48, 0.36, 0.53, 0.05, 0.26, 1.00, 1.00, 0.50, 0.41, 0.55, 0.59, 1.00, 1.00]
Event Rate: [0.96, 0.36, 0.26, 0.30, 0.53, 0.63, 0.41, 0.48, 0.36, 0.53, 0.05, 0.26, 1.00, 1.00, 0.51, 0.42, 0.56, 0.60, 1.00, 1.00]
Event Rate: [0.96, 0.35, 0.25, 0.29, 0.52, 0.62, 0.40, 0.48, 0.36, 0.53, 0.05, 0.26, 1.00, 1.00, 0.51, 0.40, 0.56, 0.60, 1.00, 1.00]
Event Rate: [0.96, 0.35, 0.26, 0.30, 0.52, 0.63, 0.41, 0.48, 0.36, 0.53, 0.05, 0.26, 1.00, 1.00, 0.51, 0.41, 0.56, 0.60, 1.00, 1.00]
Event Rate: [0.96, 0.36, 0.26, 0.30, 0.53, 0.63, 0.41, 0.48, 0.36, 0.54, 0.05, 0.27, 1.00, 1.00, 0.52, 0.41, 0.56, 0.61, 1.00, 1.00]
Event Rate: [0.95, 0.35, 0.25, 0.29, 0.52, 0.62, 0.40, 0.48, 0.36, 0.53, 0.05, 0.27, 1.00, 1.00, 0.51, 0.41, 0.55, 0.60, 0.99, 1.00]
Event Rate: [0.96, 0.35, 0.26, 0.30, 0.53, 0.62, 0.41, 0.48, 0.36, 0.53, 0.05, 0.27, 1.00, 1.00, 0.51, 0.41, 0.55, 0.60, 1.00, 1.00]
Event Rate: [0.96, 0.35, 0.26, 0.30, 0.53, 0.63, 0.41, 0.49, 0.36, 0.53, 0.05, 0.27, 1.00, 1.00, 0.51, 0.41, 0.56, 0.60, 1.00, 1.00]
Event Rate: [0.96, 0.35, 0.26, 0.30, 0.53, 0.62, 0.41, 0.49, 0.36, 0.53, 0.05, 0.27, 1.00, 1.00, 0.51, 0.41, 0.56, 0.60, 1.00, 1.00]
Event Rate: [0.95, 0.35, 0.25, 0.30, 0.53, 0.62, 0.41, 0.49, 0.36, 0.53, 0.05, 0.26, 1.00, 1.00, 0.51, 0.41, 0.56, 0.60, 1.00, 1.00]
Event Rate: [0.96, 0.35, 0.26, 0.30, 0.53, 0.63, 0.41, 0.48, 0.36, 0.53, 0.05, 0.26, 1.00, 1.00, 0.50, 0.41, 0.56, 0.60, 1.00, 1.00]
Event Rate: [0.95, 0.34, 0.24, 0.28, 0.52, 0.62, 0.40, 0.48, 0.36, 0.53, 0.05, 0.26, 1.00, 1.00, 0.50, 0.40, 0.55, 0.59, 1.00, 1.00]
Event Rate: [0.96, 0.36, 0.26, 0.30, 0.53, 0.62, 0.40, 0.48, 0.36, 0.53, 0.05, 0.26, 1.00, 1.00, 0.51, 0.41, 0.56, 0.59, 0.99, 1.00]
Event Rate: [0.95, 0.36, 0.26, 0.30, 0.53, 0.62, 0.41, 0.49, 0.37, 0.54, 0.05, 0.26, 1.00, 1.00, 0.52, 0.42, 0.56, 0.60, 1.00, 1.00]
Event Rate: [0.96, 0.35, 0.26, 0.30, 0.53, 0.62, 0.40, 0.48, 0.36, 0.53, 0.05, 0.26, 1.00, 1.00, 0.51, 0.41, 0.55, 0.59, 1.00, 1.00]
Event Rate: [0.95, 0.35, 0.25, 0.29, 0.52, 0.61, 0.40, 0.48, 0.36, 0.53, 0.05, 0.26, 1.00, 1.00, 0.51, 0.41, 0.55, 0.59, 0.99, 1.00]
Event Rate: [0.96, 0.36, 0.26, 0.30, 0.52, 0.62, 0.40, 0.48, 0.36, 0.52, 0.05, 0.26, 1.00, 1.00, 0.51, 0.41, 0.55, 0.59, 1.00, 1.00]
Event Rate: [0.96, 0.35, 0.26, 0.30, 0.53, 0.62, 0.40, 0.48, 0.36, 0.53, 0.05, 0.26, 1.00, 1.00, 0.52, 0.42, 0.55, 0.60, 1.00, 1.00]
Event Rate: [0.96, 0.35, 0.26, 0.30, 0.53, 0.62, 0.41, 0.48, 0.36, 0.52, 0.05, 0.26, 1.00, 1.00, 0.52, 0.42, 0.56, 0.59, 0.99, 1.00]
Event Rate: [0.96, 0.35, 0.25, 0.29, 0.52, 0.61, 0.40, 0.48, 0.36, 0.52, 0.05, 0.26, 1.00, 1.00, 0.52, 0.42, 0.55, 0.59, 0.99, 1.00]
Event Rate: [0.96, 0.35, 0.25, 0.29, 0.53, 0.63, 0.40, 0.48, 0.36, 0.53, 0.05, 0.26, 1.00, 1.00, 0.51, 0.42, 0.56, 0.60, 1.00, 1.00]
Event Rate: [0.95, 0.35, 0.25, 0.29, 0.52, 0.62, 0.40, 0.48, 0.36, 0.53, 0.05, 0.26, 1.00, 1.00, 0.51, 0.42, 0.55, 0.60, 0.99, 1.00]
Event Rate: [0.95, 0.35, 0.25, 0.29, 0.52, 0.62, 0.40, 0.48, 0.36, 0.53, 0.05, 0.26, 1.00, 1.00, 0.51, 0.42, 0.55, 0.59, 0.99, 1.00]
Event Rate: [0.96, 0.36, 0.26, 0.30, 0.53, 0.63, 0.41, 0.48, 0.37, 0.54, 0.05, 0.27, 1.00, 1.00, 0.53, 0.43, 0.55, 0.60, 1.00, 1.00]
Event Rate: [0.96, 0.36, 0.26, 0.30, 0.53, 0.62, 0.41, 0.47, 0.36, 0.53, 0.05, 0.26, 1.00, 1.00, 0.51, 0.42, 0.55, 0.60, 1.00, 1.00]
Event Rate: [0.96, 0.35, 0.25, 0.30, 0.52, 0.62, 0.40, 0.47, 0.36, 0.53, 0.05, 0.26, 1.00, 1.00, 0.51, 0.42, 0.55, 0.59, 0.99, 1.00]
Event Rate: [0.96, 0.35, 0.25, 0.30, 0.52, 0.62, 0.40, 0.47, 0.37, 0.53, 0.05, 0.26, 1.00, 1.00, 0.52, 0.42, 0.55, 0.59, 0.99, 1.00]
Event Rate: [0.95, 0.34, 0.26, 0.30, 0.52, 0.62, 0.40, 0.47, 0.37, 0.53, 0.05, 0.26, 1.00, 1.00, 0.51, 0.42, 0.55, 0.59, 0.99, 1.00]
Event Rate: [0.96, 0.35, 0.26, 0.30, 0.53, 0.62, 0.41, 0.48, 0.37, 0.53, 0.05, 0.27, 1.00, 1.00, 0.52, 0.42, 0.56, 0.60, 1.00, 1.00]
Event Rate: [0.96, 0.35, 0.26, 0.30, 0.54, 0.63, 0.41, 0.48, 0.37, 0.53, 0.05, 0.27, 1.00, 1.00, 0.53, 0.43, 0.56, 0.60, 1.00, 1.00]
Event Rate: [0.96, 0.35, 0.26, 0.30, 0.54, 0.63, 0.41, 0.48, 0.37, 0.53, 0.05, 0.27, 1.00, 1.00, 0.53, 0.42, 0.56, 0.60, 1.00, 1.00]
Event Rate: [0.96, 0.35, 0.26, 0.30, 0.53, 0.63, 0.41, 0.48, 0.37, 0.53, 0.05, 0.27, 1.00, 1.00, 0.52, 0.42, 0.56, 0.60, 1.00, 1.00]
Event Rate: [0.96, 0.35, 0.25, 0.29, 0.53, 0.62, 0.40, 0.48, 0.37, 0.53, 0.05, 0.26, 1.00, 1.00, 0.52, 0.42, 0.56, 0.59, 0.99, 1.00]
Event Rate: [0.96, 0.34, 0.26, 0.30, 0.53, 0.62, 0.40, 0.48, 0.37, 0.53, 0.05, 0.27, 1.00, 1.00, 0.53, 0.42, 0.56, 0.59, 1.00, 1.00]
Event Rate: [0.96, 0.35, 0.26, 0.30, 0.53, 0.63, 0.40, 0.48, 0.37, 0.53, 0.05, 0.27, 1.00, 1.00, 0.53, 0.42, 0.56, 0.59, 1.00, 1.00]
Event Rate: [0.96, 0.34, 0.25, 0.30, 0.53, 0.62, 0.40, 0.47, 0.37, 0.52, 0.05, 0.26, 1.00, 1.00, 0.52, 0.42, 0.55, 0.59, 1.00, 1.00]
Event Rate: [0.96, 0.34, 0.26, 0.30, 0.53, 0.63, 0.41, 0.48, 0.37, 0.53, 0.05, 0.27, 1.00, 1.00, 0.52, 0.42, 0.56, 0.60, 1.00, 1.00]
Event Rate: [0.96, 0.35, 0.26, 0.30, 0.53, 0.63, 0.41, 0.48, 0.37, 0.53, 0.05, 0.27, 1.00, 1.00, 0.52, 0.42, 0.56, 0.60, 1.00, 1.00]
Event Rate: [0.96, 0.34, 0.25, 0.29, 0.52, 0.62, 0.40, 0.47, 0.37, 0.53, 0.05, 0.27, 1.00, 1.00, 0.52, 0.41, 0.55, 0.59, 1.00, 1.00]
Event Rate: [0.96, 0.35, 0.26, 0.30, 0.53, 0.62, 0.40, 0.47, 0.37, 0.53, 0.05, 0.27, 1.00, 1.00, 0.52, 0.42, 0.55, 0.59, 1.00, 1.00]
Event Rate: [0.96, 0.35, 0.26, 0.31, 0.54, 0.63, 0.41, 0.48, 0.37, 0.53, 0.05, 0.27, 1.00, 1.00, 0.53, 0.42, 0.56, 0.60, 1.00, 1.00]
Event Rate: [0.96, 0.35, 0.26, 0.30, 0.53, 0.63, 0.41, 0.48, 0.37, 0.53, 0.05, 0.27, 1.00, 1.00, 0.53, 0.42, 0.55, 0.59, 1.00, 1.00]
Event Rate: [0.96, 0.36, 0.27, 0.31, 0.54, 0.63, 0.41, 0.47, 0.37, 0.52, 0.05, 0.27, 1.00, 1.00, 0.53, 0.41, 0.56, 0.60, 0.99, 1.00]
Event Rate: [0.96, 0.34, 0.25, 0.30, 0.52, 0.61, 0.39, 0.47, 0.36, 0.52, 0.05, 0.27, 1.00, 1.00, 0.51, 0.39, 0.54, 0.59, 1.00, 1.00]
Event Rate: [0.96, 0.36, 0.27, 0.31, 0.53, 0.62, 0.40, 0.47, 0.37, 0.52, 0.05, 0.27, 1.00, 1.00, 0.52, 0.40, 0.56, 0.60, 0.99, 1.00]
Event Rate: [0.95, 0.35, 0.26, 0.31, 0.53, 0.62, 0.40, 0.47, 0.36, 0.52, 0.05, 0.27, 1.00, 1.00, 0.51, 0.40, 0.55, 0.59, 1.00, 1.00]
Event Rate: [0.95, 0.35, 0.26, 0.30, 0.53, 0.62, 0.40, 0.47, 0.37, 0.52, 0.05, 0.27, 1.00, 1.00, 0.52, 0.41, 0.55, 0.59, 1.00, 1.00]
Event Rate: [0.96, 0.35, 0.26, 0.30, 0.53, 0.62, 0.41, 0.47, 0.37, 0.52, 0.05, 0.27, 1.00, 1.00, 0.52, 0.41, 0.56, 0.60, 1.00, 1.00]
Event Rate: [0.96, 0.34, 0.25, 0.30, 0.53, 0.62, 0.40, 0.47, 0.36, 0.52, 0.05, 0.27, 1.00, 1.00, 0.52, 0.40, 0.55, 0.59, 0.99, 1.00]
Event Rate: [0.96, 0.34, 0.26, 0.30, 0.53, 0.62, 0.40, 0.47, 0.36, 0.52, 0.05, 0.27, 1.00, 1.00, 0.52, 0.41, 0.55, 0.59, 1.00, 1.00]
Event Rate: [0.96, 0.34, 0.26, 0.30, 0.53, 0.62, 0.41, 0.47, 0.37, 0.52, 0.05, 0.27, 1.00, 1.00, 0.53, 0.41, 0.56, 0.60, 1.00, 1.00]
Event Rate: [0.96, 0.35, 0.26, 0.31, 0.54, 0.63, 0.41, 0.47, 0.37, 0.52, 0.05, 0.27, 1.00, 1.00, 0.52, 0.41, 0.56, 0.60, 1.00, 1.00]
Event Rate: [0.96, 0.34, 0.26, 0.30, 0.53, 0.62, 0.40, 0.47, 0.37, 0.53, 0.05, 0.27, 1.00, 1.00, 0.53, 0.41, 0.56, 0.60, 1.00, 1.00]
Event Rate: [0.95, 0.35, 0.26, 0.31, 0.54, 0.63, 0.41, 0.47, 0.37, 0.52, 0.05, 0.27, 1.00, 1.00, 0.52, 0.41, 0.56, 0.60, 1.00, 1.00]
Event Rate: [0.96, 0.34, 0.25, 0.30, 0.52, 0.61, 0.39, 0.47, 0.37, 0.52, 0.05, 0.27, 1.00, 1.00, 0.52, 0.40, 0.55, 0.59, 1.00, 1.00]
Event Rate: [0.96, 0.35, 0.26, 0.30, 0.53, 0.62, 0.40, 0.47, 0.37, 0.52, 0.05, 0.27, 1.00, 1.00, 0.52, 0.40, 0.55, 0.60, 0.99, 1.00]
Event Rate: [0.96, 0.34, 0.25, 0.30, 0.53, 0.62, 0.40, 0.47, 0.37, 0.53, 0.05, 0.27, 1.00, 1.00, 0.52, 0.40, 0.56, 0.60, 1.00, 1.00]
Event Rate: [0.96, 0.35, 0.26, 0.31, 0.54, 0.63, 0.40, 0.48, 0.38, 0.53, 0.05, 0.27, 1.00, 1.00, 0.53, 0.40, 0.56, 0.60, 1.00, 1.00]
Event Rate: [0.96, 0.35, 0.26, 0.31, 0.54, 0.63, 0.40, 0.47, 0.37, 0.53, 0.05, 0.27, 1.00, 1.00, 0.52, 0.40, 0.56, 0.60, 1.00, 1.00]
Event Rate: [0.96, 0.35, 0.26, 0.31, 0.54, 0.63, 0.40, 0.47, 0.37, 0.53, 0.05, 0.27, 1.00, 1.00, 0.53, 0.40, 0.56, 0.60, 1.00, 1.00]
Event Rate: [0.96, 0.35, 0.26, 0.31, 0.54, 0.63, 0.40, 0.47, 0.37, 0.53, 0.05, 0.27, 1.00, 1.00, 0.53, 0.40, 0.56, 0.60, 1.00, 1.00]
Event Rate: [0.96, 0.34, 0.25, 0.30, 0.53, 0.62, 0.40, 0.47, 0.37, 0.53, 0.05, 0.27, 1.00, 1.00, 0.53, 0.41, 0.56, 0.59, 1.00, 1.00]
Event Rate: [0.96, 0.34, 0.25, 0.31, 0.53, 0.62, 0.40, 0.48, 0.37, 0.53, 0.05, 0.27, 1.00, 1.00, 0.53, 0.41, 0.56, 0.60, 1.00, 1.00]
Event Rate: [0.96, 0.35, 0.26, 0.31, 0.53, 0.62, 0.40, 0.47, 0.37, 0.53, 0.05, 0.27, 1.00, 1.00, 0.53, 0.41, 0.56, 0.60, 0.99, 1.00]
Event Rate: [0.96, 0.35, 0.26, 0.31, 0.54, 0.63, 0.40, 0.48, 0.37, 0.54, 0.05, 0.27, 1.00, 1.00, 0.54, 0.41, 0.57, 0.60, 1.00, 1.00]
Event Rate: [0.96, 0.36, 0.27, 0.32, 0.55, 0.64, 0.41, 0.48, 0.38, 0.54, 0.05, 0.27, 1.00, 1.00, 0.54, 0.41, 0.58, 0.61, 1.00, 1.00]
Event Rate: [0.96, 0.35, 0.26, 0.31, 0.54, 0.63, 0.40, 0.48, 0.38, 0.54, 0.05, 0.27, 1.00, 1.00, 0.54, 0.41, 0.57, 0.61, 1.00, 1.00]
Event Rate: [0.96, 0.35, 0.26, 0.31, 0.54, 0.62, 0.40, 0.47, 0.37, 0.53, 0.05, 0.27, 1.00, 1.00, 0.54, 0.40, 0.57, 0.60, 1.00, 1.00]
Event Rate: [0.96, 0.35, 0.26, 0.31, 0.54, 0.62, 0.40, 0.47, 0.37, 0.53, 0.05, 0.27, 1.00, 1.00, 0.54, 0.40, 0.57, 0.60, 1.00, 1.00]
Event Rate: [0.96, 0.35, 0.26, 0.31, 0.54, 0.63, 0.40, 0.47, 0.37, 0.53, 0.05, 0.27, 1.00, 1.00, 0.53, 0.39, 0.56, 0.59, 1.00, 1.00]
Event Rate: [0.96, 0.35, 0.25, 0.30, 0.54, 0.63, 0.40, 0.47, 0.37, 0.53, 0.05, 0.27, 1.00, 1.00, 0.53, 0.39, 0.56, 0.60, 0.99, 1.00]
Event Rate: [0.96, 0.35, 0.26, 0.30, 0.54, 0.62, 0.39, 0.47, 0.37, 0.53, 0.05, 0.27, 1.00, 1.00, 0.52, 0.39, 0.56, 0.59, 0.99, 1.00]
Event Rate: [0.96, 0.35, 0.26, 0.31, 0.54, 0.62, 0.40, 0.47, 0.37, 0.53, 0.05, 0.27, 1.00, 1.00, 0.53, 0.40, 0.56, 0.60, 0.99, 1.00]
Event Rate: [0.96, 0.34, 0.26, 0.30, 0.53, 0.62, 0.39, 0.46, 0.36, 0.52, 0.05, 0.27, 1.00, 1.00, 0.53, 0.39, 0.55, 0.59, 1.00, 1.00]
Event Rate: [0.96, 0.35, 0.26, 0.30, 0.53, 0.62, 0.39, 0.47, 0.37, 0.53, 0.05, 0.27, 1.00, 1.00, 0.53, 0.39, 0.56, 0.59, 1.00, 1.00]
Event Rate: [0.96, 0.35, 0.26, 0.31, 0.54, 0.63, 0.39, 0.47, 0.36, 0.52, 0.05, 0.27, 1.00, 1.00, 0.53, 0.39, 0.56, 0.60, 1.00, 1.00]
Event Rate: [0.96, 0.35, 0.26, 0.30, 0.54, 0.63, 0.40, 0.47, 0.37, 0.53, 0.05, 0.27, 1.00, 1.00, 0.54, 0.40, 0.56, 0.60, 1.00, 1.00]
Event Rate: [0.96, 0.34, 0.26, 0.30, 0.53, 0.62, 0.39, 0.47, 0.36, 0.52, 0.05, 0.27, 1.00, 1.00, 0.53, 0.39, 0.56, 0.59, 1.00, 1.00]
Event Rate: [0.96, 0.34, 0.25, 0.30, 0.53, 0.62, 0.40, 0.47, 0.37, 0.53, 0.05, 0.27, 1.00, 1.00, 0.54, 0.40, 0.56, 0.60, 1.00, 1.00]
Event Rate: [0.96, 0.34, 0.25, 0.30, 0.53, 0.62, 0.40, 0.47, 0.37, 0.53, 0.05, 0.27, 1.00, 1.00, 0.54, 0.39, 0.56, 0.60, 1.00, 1.00]
Event Rate: [0.95, 0.34, 0.26, 0.30, 0.53, 0.62, 0.40, 0.47, 0.37, 0.53, 0.05, 0.27, 1.00, 1.00, 0.54, 0.39, 0.56, 0.60, 1.00, 1.00]
Event Rate: [0.95, 0.34, 0.25, 0.30, 0.53, 0.62, 0.40, 0.47, 0.37, 0.53, 0.05, 0.27, 1.00, 1.00, 0.54, 0.39, 0.56, 0.59, 1.00, 1.00]
Event Rate: [0.96, 0.34, 0.26, 0.30, 0.53, 0.63, 0.40, 0.47, 0.37, 0.53, 0.05, 0.27, 1.00, 1.00, 0.54, 0.39, 0.56, 0.59, 1.00, 1.00]
Event Rate: [0.96, 0.34, 0.25, 0.30, 0.53, 0.63, 0.40, 0.47, 0.37, 0.53, 0.05, 0.27, 1.00, 1.00, 0.54, 0.40, 0.57, 0.60, 1.00, 1.00]
Event Rate: [0.96, 0.34, 0.25, 0.30, 0.53, 0.63, 0.40, 0.47, 0.37, 0.53, 0.05, 0.27, 1.00, 1.00, 0.53, 0.39, 0.56, 0.59, 1.00, 1.00]
Event Rate: [0.96, 0.35, 0.26, 0.31, 0.54, 0.63, 0.40, 0.47, 0.37, 0.53, 0.05, 0.27, 1.00, 1.00, 0.54, 0.40, 0.57, 0.59, 1.00, 1.00]
Event Rate: [0.96, 0.33, 0.24, 0.29, 0.53, 0.62, 0.39, 0.47, 0.37, 0.53, 0.05, 0.27, 1.00, 1.00, 0.53, 0.38, 0.56, 0.59, 1.00, 1.00]
Event Rate: [0.96, 0.34, 0.25, 0.30, 0.54, 0.63, 0.39, 0.47, 0.37, 0.53, 0.05, 0.27, 1.00, 1.00, 0.53, 0.39, 0.56, 0.59, 1.00, 1.00]
Event Rate: [0.96, 0.35, 0.26, 0.31, 0.54, 0.63, 0.40, 0.47, 0.37, 0.53, 0.05, 0.27, 1.00, 1.00, 0.53, 0.39, 0.56, 0.59, 1.00, 1.00]
Event Rate: [0.96, 0.35, 0.26, 0.31, 0.54, 0.62, 0.39, 0.46, 0.37, 0.53, 0.05, 0.27, 1.00, 1.00, 0.53, 0.39, 0.56, 0.58, 1.00, 1.00]
Event Rate: [0.96, 0.35, 0.26, 0.31, 0.54, 0.63, 0.39, 0.47, 0.37, 0.54, 0.05, 0.27, 1.00, 1.00, 0.53, 0.39, 0.56, 0.59, 1.00, 1.00]
Event Rate: [0.96, 0.34, 0.25, 0.30, 0.53, 0.63, 0.39, 0.47, 0.37, 0.54, 0.05, 0.27, 1.00, 1.00, 0.53, 0.39, 0.56, 0.59, 0.99, 1.00]
Event Rate: [0.96, 0.34, 0.25, 0.30, 0.53, 0.62, 0.39, 0.47, 0.37, 0.54, 0.05, 0.27, 1.00, 1.00, 0.53, 0.39, 0.56, 0.58, 1.00, 1.00]
Event Rate: [0.96, 0.34, 0.25, 0.30, 0.53, 0.62, 0.39, 0.47, 0.37, 0.54, 0.05, 0.27, 1.00, 1.00, 0.54, 0.39, 0.56, 0.59, 1.00, 1.00]
Event Rate: [0.96, 0.34, 0.25, 0.30, 0.54, 0.63, 0.39, 0.47, 0.37, 0.54, 0.05, 0.27, 1.00, 1.00, 0.54, 0.40, 0.56, 0.59, 1.00, 1.00]
Event Rate: [0.95, 0.34, 0.25, 0.31, 0.54, 0.63, 0.39, 0.47, 0.38, 0.54, 0.05, 0.27, 1.00, 1.00, 0.54, 0.40, 0.56, 0.59, 1.00, 1.00]
Event Rate: [0.96, 0.35, 0.25, 0.31, 0.54, 0.62, 0.39, 0.47, 0.37, 0.54, 0.05, 0.27, 1.00, 1.00, 0.54, 0.39, 0.55, 0.59, 1.00, 1.00]
Event Rate: [0.96, 0.35, 0.25, 0.31, 0.54, 0.63, 0.40, 0.47, 0.38, 0.55, 0.05, 0.28, 1.00, 1.00, 0.55, 0.40, 0.56, 0.60, 1.00, 1.00]
Event Rate: [0.96, 0.33, 0.24, 0.29, 0.52, 0.62, 0.38, 0.47, 0.37, 0.54, 0.05, 0.27, 1.00, 1.00, 0.53, 0.38, 0.55, 0.58, 1.00, 1.00]
Event Rate: [0.96, 0.34, 0.25, 0.30, 0.53, 0.62, 0.39, 0.47, 0.37, 0.54, 0.05, 0.28, 1.00, 1.00, 0.54, 0.39, 0.56, 0.59, 1.00, 1.00]
Event Rate: [0.96, 0.35, 0.26, 0.31, 0.54, 0.63, 0.40, 0.47, 0.38, 0.53, 0.05, 0.28, 1.00, 1.00, 0.54, 0.40, 0.57, 0.60, 1.00, 1.00]
Event Rate: [0.96, 0.34, 0.25, 0.30, 0.54, 0.62, 0.39, 0.47, 0.37, 0.53, 0.05, 0.27, 1.00, 1.00, 0.53, 0.39, 0.56, 0.59, 0.99, 1.00]
Event Rate: [0.96, 0.34, 0.25, 0.30, 0.54, 0.63, 0.39, 0.47, 0.38, 0.53, 0.05, 0.27, 1.00, 1.00, 0.53, 0.39, 0.55, 0.59, 1.00, 1.00]
Event Rate: [0.95, 0.34, 0.25, 0.30, 0.53, 0.63, 0.39, 0.47, 0.38, 0.53, 0.05, 0.27, 1.00, 1.00, 0.53, 0.38, 0.55, 0.58, 1.00, 1.00]
Event Rate: [0.95, 0.34, 0.25, 0.30, 0.53, 0.63, 0.39, 0.47, 0.38, 0.54, 0.05, 0.27, 1.00, 1.00, 0.54, 0.39, 0.55, 0.59, 1.00, 1.00]
Event Rate: [0.96, 0.34, 0.26, 0.31, 0.54, 0.63, 0.39, 0.47, 0.38, 0.53, 0.05, 0.27, 1.00, 1.00, 0.54, 0.40, 0.56, 0.59, 1.00, 1.00]
Event Rate: [0.96, 0.34, 0.25, 0.30, 0.53, 0.62, 0.39, 0.46, 0.37, 0.53, 0.05, 0.27, 1.00, 1.00, 0.53, 0.40, 0.55, 0.58, 1.00, 1.00]
Event Rate: [0.96, 0.35, 0.26, 0.31, 0.54, 0.63, 0.40, 0.47, 0.38, 0.54, 0.05, 0.28, 1.00, 1.00, 0.54, 0.40, 0.57, 0.60, 1.00, 1.00]
Event Rate: [0.96, 0.34, 0.25, 0.30, 0.54, 0.63, 0.39, 0.47, 0.38, 0.53, 0.05, 0.27, 1.00, 1.00, 0.54, 0.39, 0.56, 0.59, 1.00, 1.00]
Event Rate: [0.96, 0.34, 0.25, 0.30, 0.54, 0.63, 0.39, 0.47, 0.37, 0.53, 0.05, 0.27, 1.00, 1.00, 0.53, 0.38, 0.56, 0.59, 1.00, 1.00]
Event Rate: [0.96, 0.34, 0.25, 0.30, 0.54, 0.63, 0.39, 0.47, 0.38, 0.53, 0.05, 0.28, 1.00, 1.00, 0.53, 0.38, 0.56, 0.59, 1.00, 1.00]
Event Rate: [0.96, 0.34, 0.25, 0.30, 0.53, 0.63, 0.39, 0.47, 0.37, 0.52, 0.05, 0.27, 1.00, 1.00, 0.53, 0.38, 0.55, 0.58, 0.99, 1.00]
Event Rate: [0.96, 0.35, 0.26, 0.31, 0.54, 0.63, 0.40, 0.47, 0.38, 0.53, 0.05, 0.28, 1.00, 1.00, 0.54, 0.40, 0.56, 0.59, 1.00, 1.00]
Event Rate: [0.95, 0.34, 0.25, 0.30, 0.53, 0.62, 0.39, 0.47, 0.38, 0.52, 0.05, 0.28, 1.00, 1.00, 0.53, 0.40, 0.56, 0.59, 1.00, 1.00]
Event Rate: [0.96, 0.35, 0.26, 0.31, 0.54, 0.63, 0.40, 0.47, 0.38, 0.52, 0.05, 0.27, 1.00, 1.00, 0.53, 0.40, 0.56, 0.59, 1.00, 1.00]
Event Rate: [0.96, 0.34, 0.26, 0.31, 0.54, 0.63, 0.39, 0.47, 0.38, 0.53, 0.05, 0.27, 1.00, 1.00, 0.53, 0.39, 0.55, 0.59, 1.00, 1.00]
Event Rate: [0.96, 0.33, 0.25, 0.30, 0.54, 0.63, 0.39, 0.47, 0.38, 0.52, 0.05, 0.27, 1.00, 1.00, 0.52, 0.38, 0.54, 0.59, 1.00, 1.00]
Event Rate: [0.96, 0.33, 0.25, 0.30, 0.53, 0.63, 0.39, 0.47, 0.38, 0.52, 0.05, 0.27, 1.00, 1.00, 0.52, 0.38, 0.54, 0.59, 0.99, 1.00]
Event Rate: [0.96, 0.34, 0.25, 0.30, 0.54, 0.63, 0.38, 0.47, 0.38, 0.52, 0.05, 0.27, 1.00, 1.00, 0.52, 0.38, 0.55, 0.59, 0.99, 1.00]
Event Rate: [0.96, 0.34, 0.25, 0.30, 0.54, 0.63, 0.39, 0.47, 0.38, 0.53, 0.05, 0.27, 1.00, 1.00, 0.53, 0.38, 0.55, 0.59, 0.99, 1.00]
Event Rate: [0.96, 0.33, 0.25, 0.30, 0.53, 0.62, 0.39, 0.47, 0.38, 0.52, 0.05, 0.27, 1.00, 1.00, 0.52, 0.39, 0.54, 0.58, 0.99, 1.00]
Event Rate: [0.96, 0.34, 0.26, 0.30, 0.53, 0.63, 0.39, 0.47, 0.38, 0.52, 0.05, 0.27, 1.00, 1.00, 0.53, 0.39, 0.55, 0.58, 1.00, 1.00]
Event Rate: [0.96, 0.35, 0.27, 0.32, 0.55, 0.63, 0.40, 0.47, 0.38, 0.52, 0.05, 0.27, 1.00, 1.00, 0.54, 0.40, 0.57, 0.60, 1.00, 1.00]
Event Rate: [0.96, 0.35, 0.27, 0.31, 0.55, 0.63, 0.40, 0.48, 0.39, 0.53, 0.05, 0.28, 1.00, 1.00, 0.54, 0.41, 0.56, 0.60, 1.00, 1.00]
Event Rate: [0.96, 0.35, 0.26, 0.31, 0.54, 0.62, 0.39, 0.48, 0.38, 0.53, 0.05, 0.28, 1.00, 1.00, 0.54, 0.40, 0.55, 0.59, 1.00, 1.00]
Event Rate: [0.96, 0.35, 0.27, 0.32, 0.55, 0.63, 0.40, 0.48, 0.39, 0.53, 0.05, 0.28, 1.00, 1.00, 0.54, 0.40, 0.56, 0.60, 1.00, 1.00]
Event Rate: [0.96, 0.34, 0.26, 0.30, 0.54, 0.62, 0.39, 0.47, 0.38, 0.53, 0.05, 0.28, 1.00, 1.00, 0.53, 0.38, 0.55, 0.59, 1.00, 1.00]
Event Rate: [0.95, 0.34, 0.26, 0.30, 0.53, 0.62, 0.38, 0.47, 0.38, 0.53, 0.05, 0.28, 1.00, 1.00, 0.53, 0.39, 0.54, 0.59, 0.99, 1.00]
Event Rate: [0.96, 0.34, 0.26, 0.30, 0.53, 0.62, 0.39, 0.47, 0.39, 0.53, 0.05, 0.28, 1.00, 1.00, 0.53, 0.40, 0.55, 0.59, 1.00, 1.00]
Event Rate: [0.96, 0.34, 0.26, 0.30, 0.53, 0.62, 0.39, 0.47, 0.39, 0.53, 0.05, 0.28, 1.00, 1.00, 0.54, 0.40, 0.55, 0.59, 1.00, 1.00]
Event Rate: [0.95, 0.35, 0.26, 0.31, 0.54, 0.62, 0.39, 0.48, 0.39, 0.53, 0.05, 0.28, 1.00, 1.00, 0.54, 0.40, 0.56, 0.59, 1.00, 1.00]
Event Rate: [0.96, 0.36, 0.28, 0.32, 0.55, 0.64, 0.40, 0.48, 0.40, 0.54, 0.05, 0.28, 1.00, 1.00, 0.55, 0.41, 0.57, 0.61, 1.00, 1.00]
Event Rate: [0.95, 0.35, 0.27, 0.31, 0.54, 0.63, 0.39, 0.48, 0.39, 0.53, 0.05, 0.28, 1.00, 1.00, 0.53, 0.40, 0.56, 0.59, 1.00, 1.00]
Event Rate: [0.96, 0.34, 0.26, 0.30, 0.53, 0.62, 0.39, 0.47, 0.40, 0.53, 0.05, 0.28, 1.00, 1.00, 0.53, 0.40, 0.55, 0.59, 1.00, 1.00]
Event Rate: [0.96, 0.35, 0.27, 0.32, 0.55, 0.63, 0.40, 0.48, 0.40, 0.53, 0.05, 0.28, 1.00, 1.00, 0.53, 0.41, 0.56, 0.60, 1.00, 1.00]
Event Rate: [0.96, 0.35, 0.26, 0.31, 0.54, 0.63, 0.39, 0.48, 0.40, 0.53, 0.05, 0.28, 1.00, 1.00, 0.53, 0.41, 0.56, 0.59, 1.00, 1.00]
Event Rate: [0.96, 0.34, 0.26, 0.31, 0.53, 0.62, 0.39, 0.47, 0.40, 0.53, 0.05, 0.28, 1.00, 1.00, 0.53, 0.41, 0.55, 0.59, 1.00, 1.00]
Event Rate: [0.96, 0.34, 0.26, 0.32, 0.54, 0.62, 0.39, 0.48, 0.40, 0.53, 0.05, 0.28, 1.00, 1.00, 0.53, 0.41, 0.56, 0.60, 1.00, 1.00]
Event Rate: [0.96, 0.34, 0.26, 0.31, 0.54, 0.63, 0.40, 0.48, 0.40, 0.54, 0.05, 0.28, 1.00, 1.00, 0.54, 0.41, 0.56, 0.60, 1.00, 1.00]
Event Rate: [0.95, 0.34, 0.26, 0.31, 0.54, 0.62, 0.39, 0.48, 0.40, 0.54, 0.05, 0.28, 1.00, 1.00, 0.53, 0.40, 0.55, 0.59, 1.00, 1.00]
Event Rate: [0.96, 0.34, 0.26, 0.31, 0.53, 0.62, 0.39, 0.48, 0.40, 0.53, 0.05, 0.28, 1.00, 1.00, 0.53, 0.40, 0.55, 0.59, 1.00, 1.00]
Event Rate: [0.96, 0.35, 0.26, 0.32, 0.55, 0.63, 0.40, 0.48, 0.40, 0.54, 0.05, 0.28, 1.00, 1.00, 0.54, 0.41, 0.56, 0.60, 1.00, 1.00]
Event Rate: [0.96, 0.34, 0.26, 0.31, 0.54, 0.63, 0.40, 0.48, 0.40, 0.53, 0.05, 0.28, 1.00, 1.00, 0.53, 0.40, 0.56, 0.59, 1.00, 1.00]
Event Rate: [0.96, 0.34, 0.26, 0.32, 0.54, 0.63, 0.40, 0.48, 0.40, 0.53, 0.05, 0.28, 1.00, 1.00, 0.53, 0.41, 0.56, 0.59, 0.99, 1.00]
Event Rate: [0.96, 0.34, 0.25, 0.31, 0.53, 0.62, 0.39, 0.48, 0.40, 0.53, 0.05, 0.28, 1.00, 1.00, 0.53, 0.40, 0.55, 0.58, 1.00, 1.00]
Event Rate: [0.96, 0.35, 0.26, 0.32, 0.54, 0.63, 0.40, 0.48, 0.40, 0.53, 0.05, 0.28, 1.00, 1.00, 0.53, 0.41, 0.56, 0.60, 1.00, 1.00]
Event Rate: [0.96, 0.34, 0.26, 0.32, 0.54, 0.63, 0.39, 0.48, 0.40, 0.53, 0.05, 0.28, 1.00, 1.00, 0.52, 0.40, 0.56, 0.59, 1.00, 1.00]
Event Rate: [0.96, 0.34, 0.26, 0.31, 0.54, 0.63, 0.39, 0.48, 0.40, 0.54, 0.05, 0.28, 1.00, 1.00, 0.53, 0.41, 0.56, 0.59, 1.00, 1.00]
Event Rate: [0.96, 0.34, 0.26, 0.31, 0.54, 0.63, 0.39, 0.48, 0.40, 0.54, 0.05, 0.28, 1.00, 1.00, 0.53, 0.41, 0.55, 0.59, 1.00, 1.00]
Event Rate: [0.96, 0.35, 0.26, 0.31, 0.54, 0.63, 0.40, 0.48, 0.40, 0.55, 0.05, 0.28, 1.00, 1.00, 0.54, 0.42, 0.56, 0.60, 1.00, 1.00]
Event Rate: [0.96, 0.34, 0.26, 0.31, 0.54, 0.63, 0.39, 0.48, 0.40, 0.55, 0.05, 0.28, 1.00, 1.00, 0.54, 0.42, 0.55, 0.59, 1.00, 1.00]
Event Rate: [0.96, 0.36, 0.27, 0.33, 0.55, 0.63, 0.40, 0.49, 0.41, 0.55, 0.05, 0.28, 1.00, 1.00, 0.55, 0.42, 0.56, 0.60, 1.00, 1.00]
Event Rate: [0.96, 0.36, 0.27, 0.32, 0.55, 0.64, 0.40, 0.49, 0.41, 0.55, 0.05, 0.28, 1.00, 1.00, 0.54, 0.42, 0.56, 0.60, 1.00, 1.00]
Event Rate: [0.96, 0.35, 0.26, 0.31, 0.54, 0.63, 0.39, 0.48, 0.40, 0.54, 0.05, 0.28, 1.00, 1.00, 0.54, 0.41, 0.56, 0.60, 1.00, 1.00]
Event Rate: [0.96, 0.35, 0.26, 0.31, 0.54, 0.63, 0.39, 0.48, 0.40, 0.54, 0.05, 0.28, 1.00, 1.00, 0.53, 0.41, 0.55, 0.59, 1.00, 1.00]
Event Rate: [0.95, 0.35, 0.26, 0.32, 0.54, 0.63, 0.39, 0.48, 0.40, 0.54, 0.05, 0.28, 1.00, 1.00, 0.53, 0.41, 0.56, 0.59, 0.99, 1.00]
Event Rate: [0.96, 0.35, 0.26, 0.32, 0.54, 0.63, 0.39, 0.48, 0.40, 0.54, 0.05, 0.28, 1.00, 1.00, 0.54, 0.42, 0.55, 0.59, 1.00, 1.00]
Event Rate: [0.96, 0.35, 0.27, 0.32, 0.54, 0.62, 0.39, 0.48, 0.40, 0.54, 0.05, 0.28, 1.00, 1.00, 0.53, 0.41, 0.55, 0.59, 1.00, 1.00]
Event Rate: [0.96, 0.36, 0.27, 0.32, 0.55, 0.63, 0.40, 0.49, 0.40, 0.54, 0.05, 0.28, 1.00, 1.00, 0.54, 0.42, 0.56, 0.60, 0.99, 1.00]
Event Rate: [0.96, 0.34, 0.26, 0.31, 0.54, 0.62, 0.39, 0.48, 0.40, 0.54, 0.05, 0.28, 1.00, 1.00, 0.53, 0.41, 0.55, 0.59, 1.00, 1.00]
Event Rate: [0.96, 0.34, 0.26, 0.32, 0.54, 0.62, 0.39, 0.48, 0.40, 0.54, 0.05, 0.28, 1.00, 1.00, 0.53, 0.41, 0.55, 0.60, 0.99, 1.00]
Event Rate: [0.96, 0.35, 0.27, 0.32, 0.55, 0.63, 0.39, 0.48, 0.41, 0.54, 0.05, 0.28, 1.00, 1.00, 0.53, 0.41, 0.55, 0.60, 1.00, 1.00]
Event Rate: [0.96, 0.35, 0.27, 0.32, 0.55, 0.63, 0.40, 0.49, 0.41, 0.54, 0.05, 0.28, 1.00, 1.00, 0.53, 0.41, 0.56, 0.60, 1.00, 1.00]
Event Rate: [0.96, 0.35, 0.26, 0.32, 0.54, 0.63, 0.39, 0.48, 0.40, 0.54, 0.05, 0.28, 1.00, 1.00, 0.53, 0.41, 0.56, 0.60, 1.00, 1.00]
Event Rate: [0.96, 0.34, 0.26, 0.31, 0.54, 0.63, 0.39, 0.48, 0.40, 0.54, 0.05, 0.28, 1.00, 1.00, 0.54, 0.41, 0.55, 0.60, 1.00, 1.00]
Event Rate: [0.96, 0.34, 0.27, 0.32, 0.54, 0.63, 0.40, 0.48, 0.41, 0.54, 0.05, 0.28, 1.00, 1.00, 0.53, 0.42, 0.56, 0.60, 1.00, 1.00]
Event Rate: [0.95, 0.35, 0.27, 0.32, 0.54, 0.63, 0.39, 0.48, 0.40, 0.54, 0.05, 0.28, 1.00, 1.00, 0.53, 0.42, 0.56, 0.60, 1.00, 1.00]
Event Rate: [0.96, 0.35, 0.27, 0.32, 0.54, 0.63, 0.40, 0.48, 0.41, 0.54, 0.05, 0.28, 1.00, 1.00, 0.54, 0.42, 0.56, 0.60, 1.00, 1.00]
Event Rate: [0.96, 0.34, 0.26, 0.31, 0.54, 0.63, 0.39, 0.48, 0.40, 0.54, 0.05, 0.28, 1.00, 1.00, 0.53, 0.41, 0.55, 0.60, 1.00, 1.00]
Event Rate: [0.96, 0.35, 0.27, 0.32, 0.55, 0.63, 0.40, 0.48, 0.41, 0.55, 0.05, 0.28, 1.00, 1.00, 0.53, 0.41, 0.56, 0.60, 1.00, 1.00]
Event Rate: [0.96, 0.35, 0.26, 0.31, 0.54, 0.62, 0.39, 0.48, 0.40, 0.54, 0.05, 0.28, 1.00, 1.00, 0.53, 0.41, 0.55, 0.60, 1.00, 1.00]
Event Rate: [0.96, 0.36, 0.27, 0.32, 0.55, 0.63, 0.39, 0.48, 0.40, 0.54, 0.05, 0.28, 1.00, 1.00, 0.53, 0.41, 0.56, 0.60, 1.00, 1.00]
Event Rate: [0.96, 0.34, 0.26, 0.31, 0.53, 0.62, 0.39, 0.48, 0.40, 0.54, 0.05, 0.28, 1.00, 1.00, 0.53, 0.41, 0.55, 0.59, 1.00, 1.00]
Event Rate: [0.96, 0.36, 0.27, 0.32, 0.55, 0.64, 0.40, 0.48, 0.40, 0.54, 0.05, 0.28, 1.00, 1.00, 0.53, 0.42, 0.57, 0.60, 1.00, 1.00]
Event Rate: [0.95, 0.36, 0.27, 0.32, 0.55, 0.64, 0.40, 0.48, 0.40, 0.54, 0.05, 0.28, 1.00, 1.00, 0.53, 0.42, 0.57, 0.60, 1.00, 1.00]
Event Rate: [0.96, 0.35, 0.27, 0.32, 0.55, 0.63, 0.39, 0.48, 0.40, 0.54, 0.05, 0.28, 1.00, 1.00, 0.53, 0.41, 0.56, 0.60, 1.00, 1.00]
Event Rate: [0.96, 0.35, 0.27, 0.32, 0.55, 0.63, 0.40, 0.48, 0.40, 0.54, 0.05, 0.28, 1.00, 1.00, 0.53, 0.41, 0.56, 0.60, 1.00, 1.00]
Event Rate: [0.96, 0.35, 0.26, 0.31, 0.54, 0.62, 0.39, 0.48, 0.40, 0.54, 0.05, 0.28, 1.00, 1.00, 0.53, 0.41, 0.56, 0.59, 1.00, 1.00]
Event Rate: [0.96, 0.35, 0.26, 0.31, 0.54, 0.63, 0.39, 0.48, 0.40, 0.54, 0.05, 0.28, 1.00, 1.00, 0.53, 0.41, 0.56, 0.60, 1.00, 1.00]
Event Rate: [0.96, 0.35, 0.27, 0.32, 0.55, 0.63, 0.39, 0.48, 0.40, 0.54, 0.05, 0.28, 1.00, 1.00, 0.53, 0.41, 0.56, 0.60, 0.99, 1.00]
Event Rate: [0.96, 0.35, 0.26, 0.32, 0.55, 0.63, 0.40, 0.49, 0.41, 0.55, 0.05, 0.28, 1.00, 1.00, 0.54, 0.42, 0.57, 0.60, 1.00, 1.00]
Event Rate: [0.96, 0.34, 0.26, 0.31, 0.54, 0.63, 0.39, 0.48, 0.40, 0.54, 0.05, 0.28, 1.00, 1.00, 0.53, 0.42, 0.56, 0.60, 1.00, 1.00]
Event Rate: [0.96, 0.35, 0.26, 0.32, 0.54, 0.63, 0.39, 0.48, 0.40, 0.54, 0.05, 0.28, 1.00, 1.00, 0.53, 0.42, 0.56, 0.60, 1.00, 1.00]
Event Rate: [0.96, 0.36, 0.27, 0.33, 0.56, 0.64, 0.40, 0.49, 0.41, 0.54, 0.05, 0.28, 1.00, 1.00, 0.54, 0.43, 0.57, 0.61, 1.00, 1.00]
Event Rate: [0.96, 0.35, 0.27, 0.32, 0.55, 0.64, 0.40, 0.48, 0.41, 0.54, 0.05, 0.28, 1.00, 1.00, 0.54, 0.42, 0.57, 0.60, 1.00, 1.00]
Event Rate: [0.96, 0.35, 0.27, 0.32, 0.55, 0.63, 0.39, 0.48, 0.40, 0.54, 0.05, 0.28, 1.00, 1.00, 0.53, 0.42, 0.56, 0.60, 1.00, 1.00]
Event Rate: [0.96, 0.35, 0.27, 0.31, 0.55, 0.63, 0.39, 0.49, 0.41, 0.54, 0.05, 0.28, 1.00, 1.00, 0.53, 0.42, 0.56, 0.60, 1.00, 1.00]
Event Rate: [0.96, 0.35, 0.27, 0.31, 0.54, 0.63, 0.39, 0.48, 0.41, 0.54, 0.05, 0.28, 1.00, 1.00, 0.53, 0.42, 0.56, 0.60, 1.00, 1.00]
Event Rate: [0.96, 0.35, 0.27, 0.31, 0.54, 0.63, 0.39, 0.48, 0.41, 0.54, 0.05, 0.28, 1.00, 1.00, 0.53, 0.42, 0.56, 0.60, 1.00, 1.00]
Event Rate: [0.96, 0.35, 0.27, 0.32, 0.55, 0.63, 0.39, 0.48, 0.40, 0.54, 0.05, 0.27, 1.00, 1.00, 0.53, 0.42, 0.56, 0.60, 1.00, 1.00]
Event Rate: [0.95, 0.35, 0.26, 0.31, 0.54, 0.63, 0.39, 0.48, 0.40, 0.54, 0.05, 0.28, 1.00, 1.00, 0.53, 0.42, 0.56, 0.60, 1.00, 1.00]
Event Rate: [0.96, 0.35, 0.27, 0.32, 0.55, 0.63, 0.40, 0.48, 0.41, 0.54, 0.05, 0.28, 1.00, 1.00, 0.54, 0.42, 0.57, 0.60, 1.00, 1.00]
Event Rate: [0.95, 0.34, 0.26, 0.31, 0.54, 0.63, 0.39, 0.48, 0.41, 0.54, 0.05, 0.28, 1.00, 1.00, 0.53, 0.42, 0.56, 0.59, 1.00, 1.00]
Event Rate: [0.96, 0.34, 0.26, 0.31, 0.54, 0.63, 0.39, 0.48, 0.41, 0.54, 0.05, 0.28, 1.00, 1.00, 0.53, 0.42, 0.56, 0.60, 1.00, 1.00]
Event Rate: [0.95, 0.35, 0.26, 0.32, 0.54, 0.63, 0.39, 0.48, 0.41, 0.54, 0.05, 0.27, 1.00, 1.00, 0.53, 0.42, 0.56, 0.60, 1.00, 1.00]
Event Rate: [0.95, 0.34, 0.26, 0.31, 0.54, 0.63, 0.39, 0.48, 0.41, 0.54, 0.05, 0.28, 1.00, 1.00, 0.53, 0.42, 0.56, 0.60, 1.00, 1.00]
Event Rate: [0.96, 0.35, 0.27, 0.32, 0.55, 0.63, 0.39, 0.48, 0.41, 0.54, 0.05, 0.28, 1.00, 1.00, 0.53, 0.42, 0.56, 0.60, 1.00, 1.00]
Event Rate: [0.96, 0.35, 0.27, 0.32, 0.55, 0.63, 0.40, 0.48, 0.41, 0.54, 0.05, 0.28, 1.00, 1.00, 0.53, 0.43, 0.57, 0.60, 1.00, 1.00]
Event Rate: [0.96, 0.34, 0.26, 0.31, 0.54, 0.63, 0.39, 0.48, 0.41, 0.54, 0.05, 0.28, 1.00, 1.00, 0.53, 0.42, 0.56, 0.60, 1.00, 1.00]
Event Rate: [0.95, 0.34, 0.26, 0.31, 0.54, 0.63, 0.39, 0.48, 0.41, 0.54, 0.05, 0.28, 1.00, 1.00, 0.53, 0.42, 0.56, 0.60, 1.00, 1.00]
Event Rate: [0.96, 0.34, 0.26, 0.32, 0.54, 0.63, 0.39, 0.49, 0.41, 0.54, 0.05, 0.28, 1.00, 1.00, 0.53, 0.42, 0.56, 0.60, 1.00, 1.00]
Event Rate: [0.96, 0.35, 0.27, 0.32, 0.55, 0.63, 0.40, 0.48, 0.41, 0.54, 0.05, 0.28, 1.00, 1.00, 0.53, 0.42, 0.56, 0.60, 1.00, 1.00]
Event Rate: [0.96, 0.34, 0.26, 0.31, 0.54, 0.63, 0.39, 0.48, 0.41, 0.54, 0.05, 0.28, 1.00, 1.00, 0.53, 0.42, 0.56, 0.60, 1.00, 1.00]
Event Rate: [0.96, 0.34, 0.26, 0.31, 0.54, 0.63, 0.39, 0.49, 0.41, 0.54, 0.05, 0.28, 1.00, 1.00, 0.54, 0.42, 0.56, 0.60, 1.00, 1.00]
Event Rate: [0.96, 0.36, 0.27, 0.33, 0.55, 0.63, 0.40, 0.48, 0.41, 0.54, 0.05, 0.28, 1.00, 1.00, 0.53, 0.43, 0.57, 0.61, 1.00, 1.00]
Event Rate: [0.96, 0.35, 0.27, 0.32, 0.54, 0.63, 0.39, 0.48, 0.40, 0.54, 0.05, 0.28, 1.00, 1.00, 0.53, 0.42, 0.56, 0.60, 1.00, 1.00]
Event Rate: [0.96, 0.35, 0.27, 0.32, 0.55, 0.64, 0.40, 0.49, 0.41, 0.54, 0.05, 0.28, 1.00, 1.00, 0.53, 0.42, 0.57, 0.60, 1.00, 1.00]
Event Rate: [0.96, 0.35, 0.26, 0.31, 0.54, 0.63, 0.39, 0.48, 0.40, 0.54, 0.05, 0.28, 1.00, 1.00, 0.53, 0.42, 0.56, 0.59, 1.00, 1.00]
Event Rate: [0.96, 0.35, 0.27, 0.32, 0.55, 0.63, 0.40, 0.48, 0.41, 0.54, 0.05, 0.28, 1.00, 1.00, 0.53, 0.42, 0.57, 0.60, 1.00, 1.00]
Event Rate: [0.96, 0.35, 0.27, 0.32, 0.54, 0.63, 0.39, 0.48, 0.40, 0.54, 0.05, 0.28, 1.00, 1.00, 0.53, 0.42, 0.56, 0.60, 1.00, 1.00]
Event Rate: [0.96, 0.35, 0.27, 0.32, 0.54, 0.63, 0.39, 0.48, 0.41, 0.54, 0.05, 0.28, 1.00, 1.00, 0.53, 0.42, 0.56, 0.60, 1.00, 1.00]
Event Rate: [0.96, 0.35, 0.27, 0.32, 0.54, 0.63, 0.39, 0.48, 0.40, 0.54, 0.05, 0.28, 1.00, 1.00, 0.53, 0.42, 0.56, 0.60, 1.00, 1.00]
Event Rate: [0.96, 0.35, 0.27, 0.32, 0.56, 0.64, 0.40, 0.49, 0.41, 0.54, 0.05, 0.28, 1.00, 1.00, 0.53, 0.42, 0.57, 0.61, 1.00, 1.00]
Event Rate: [0.96, 0.34, 0.26, 0.31, 0.54, 0.63, 0.39, 0.48, 0.41, 0.54, 0.05, 0.28, 1.00, 1.00, 0.53, 0.42, 0.56, 0.60, 1.00, 1.00]
Event Rate: [0.96, 0.34, 0.27, 0.31, 0.54, 0.63, 0.39, 0.48, 0.41, 0.54, 0.05, 0.28, 1.00, 1.00, 0.53, 0.42, 0.56, 0.59, 1.00, 1.00]
Event Rate: [0.96, 0.35, 0.27, 0.32, 0.54, 0.63, 0.39, 0.48, 0.41, 0.54, 0.05, 0.28, 1.00, 1.00, 0.53, 0.42, 0.56, 0.60, 1.00, 1.00]
Event Rate: [0.96, 0.34, 0.26, 0.32, 0.54, 0.63, 0.39, 0.48, 0.41, 0.54, 0.05, 0.28, 1.00, 1.00, 0.53, 0.42, 0.56, 0.60, 1.00, 1.00]
Event Rate: [0.96, 0.35, 0.27, 0.32, 0.55, 0.63, 0.40, 0.48, 0.41, 0.54, 0.05, 0.28, 1.00, 1.00, 0.53, 0.42, 0.56, 0.60, 1.00, 1.00]
Event Rate: [0.96, 0.35, 0.27, 0.33, 0.55, 0.63, 0.40, 0.48, 0.41, 0.54, 0.05, 0.28, 1.00, 1.00, 0.53, 0.42, 0.56, 0.60, 0.99, 1.00]
Event Rate: [0.96, 0.35, 0.26, 0.32, 0.55, 0.64, 0.39, 0.49, 0.41, 0.54, 0.05, 0.28, 1.00, 1.00, 0.53, 0.42, 0.56, 0.60, 1.00, 1.00]
Event Rate: [0.96, 0.35, 0.27, 0.33, 0.55, 0.63, 0.40, 0.49, 0.41, 0.54, 0.05, 0.28, 1.00, 1.00, 0.53, 0.42, 0.56, 0.60, 1.00, 1.00]
Event Rate: [0.96, 0.35, 0.27, 0.32, 0.55, 0.63, 0.40, 0.49, 0.41, 0.55, 0.05, 0.28, 1.00, 1.00, 0.54, 0.42, 0.57, 0.61, 1.00, 1.00]
Event Rate: [0.96, 0.35, 0.27, 0.32, 0.55, 0.64, 0.40, 0.49, 0.41, 0.54, 0.05, 0.28, 1.00, 1.00, 0.53, 0.41, 0.56, 0.60, 1.00, 1.00]
Event Rate: [0.96, 0.35, 0.26, 0.32, 0.54, 0.63, 0.39, 0.49, 0.40, 0.54, 0.05, 0.28, 1.00, 1.00, 0.53, 0.41, 0.56, 0.60, 1.00, 1.00]
Event Rate: [0.95, 0.35, 0.26, 0.32, 0.54, 0.63, 0.39, 0.48, 0.40, 0.54, 0.05, 0.28, 1.00, 1.00, 0.53, 0.41, 0.56, 0.60, 1.00, 1.00]
Event Rate: [0.96, 0.35, 0.27, 0.32, 0.55, 0.63, 0.40, 0.49, 0.40, 0.54, 0.05, 0.28, 1.00, 1.00, 0.53, 0.41, 0.56, 0.60, 1.00, 1.00]
Event Rate: [0.96, 0.34, 0.27, 0.32, 0.54, 0.63, 0.39, 0.48, 0.40, 0.54, 0.05, 0.28, 1.00, 1.00, 0.53, 0.41, 0.56, 0.60, 1.00, 1.00]
Event Rate: [0.96, 0.34, 0.26, 0.32, 0.54, 0.63, 0.39, 0.48, 0.40, 0.54, 0.05, 0.28, 1.00, 1.00, 0.53, 0.41, 0.56, 0.59, 1.00, 1.00]
Event Rate: [0.96, 0.35, 0.27, 0.33, 0.55, 0.64, 0.40, 0.49, 0.41, 0.54, 0.05, 0.28, 1.00, 1.00, 0.53, 0.42, 0.57, 0.61, 1.00, 1.00]
Event Rate: [0.96, 0.35, 0.27, 0.32, 0.55, 0.64, 0.39, 0.49, 0.40, 0.54, 0.05, 0.28, 1.00, 1.00, 0.53, 0.41, 0.56, 0.60, 1.00, 1.00]
Event Rate: [0.96, 0.35, 0.27, 0.33, 0.55, 0.64, 0.40, 0.49, 0.41, 0.54, 0.05, 0.28, 1.00, 1.00, 0.53, 0.41, 0.57, 0.60, 1.00, 1.00]
Event Rate: [0.96, 0.35, 0.27, 0.33, 0.55, 0.63, 0.40, 0.49, 0.40, 0.54, 0.05, 0.28, 1.00, 1.00, 0.53, 0.42, 0.56, 0.60, 1.00, 1.00]
Event Rate: [0.96, 0.35, 0.27, 0.32, 0.54, 0.63, 0.39, 0.48, 0.40, 0.54, 0.05, 0.28, 1.00, 1.00, 0.53, 0.41, 0.56, 0.59, 1.00, 1.00]
Event Rate: [0.96, 0.34, 0.26, 0.32, 0.54, 0.63, 0.39, 0.48, 0.40, 0.54, 0.05, 0.28, 1.00, 1.00, 0.53, 0.41, 0.56, 0.59, 1.00, 1.00]
Event Rate: [0.96, 0.35, 0.27, 0.33, 0.55, 0.63, 0.40, 0.49, 0.40, 0.54, 0.05, 0.28, 1.00, 1.00, 0.53, 0.41, 0.56, 0.60, 1.00, 1.00]
Event Rate: [0.96, 0.35, 0.28, 0.33, 0.56, 0.64, 0.40, 0.49, 0.41, 0.54, 0.05, 0.28, 1.00, 1.00, 0.53, 0.41, 0.57, 0.60, 1.00, 1.00]
Event Rate: [0.96, 0.35, 0.27, 0.33, 0.55, 0.64, 0.40, 0.49, 0.40, 0.54, 0.05, 0.28, 1.00, 1.00, 0.53, 0.41, 0.57, 0.60, 1.00, 1.00]
Event Rate: [0.96, 0.34, 0.27, 0.32, 0.54, 0.63, 0.39, 0.49, 0.41, 0.54, 0.05, 0.28, 1.00, 1.00, 0.53, 0.41, 0.56, 0.59, 1.00, 1.00]
Event Rate: [0.96, 0.35, 0.26, 0.32, 0.54, 0.63, 0.39, 0.48, 0.40, 0.54, 0.05, 0.28, 1.00, 1.00, 0.52, 0.41, 0.55, 0.59, 1.00, 1.00]
Event Rate: [0.95, 0.35, 0.27, 0.32, 0.55, 0.63, 0.39, 0.49, 0.40, 0.54, 0.05, 0.28, 1.00, 1.00, 0.52, 0.41, 0.56, 0.60, 1.00, 1.00]
Event Rate: [0.96, 0.35, 0.27, 0.33, 0.55, 0.64, 0.40, 0.49, 0.41, 0.54, 0.05, 0.28, 1.00, 1.00, 0.53, 0.41, 0.57, 0.60, 1.00, 1.00]
Event Rate: [0.96, 0.34, 0.26, 0.32, 0.55, 0.63, 0.39, 0.49, 0.40, 0.54, 0.05, 0.28, 1.00, 1.00, 0.53, 0.41, 0.56, 0.60, 1.00, 1.00]
Event Rate: [0.96, 0.35, 0.28, 0.34, 0.56, 0.64, 0.40, 0.49, 0.41, 0.54, 0.05, 0.28, 1.00, 1.00, 0.53, 0.41, 0.57, 0.61, 1.00, 1.00]
Event Rate: [0.96, 0.35, 0.27, 0.33, 0.56, 0.64, 0.40, 0.49, 0.41, 0.54, 0.05, 0.28, 1.00, 1.00, 0.53, 0.41, 0.57, 0.61, 1.00, 1.00]
Event Rate: [0.96, 0.35, 0.27, 0.33, 0.56, 0.64, 0.40, 0.49, 0.40, 0.54, 0.05, 0.28, 1.00, 1.00, 0.53, 0.41, 0.57, 0.60, 1.00, 1.00]
Event Rate: [0.96, 0.35, 0.27, 0.33, 0.55, 0.63, 0.39, 0.49, 0.41, 0.54, 0.05, 0.28, 1.00, 1.00, 0.53, 0.41, 0.56, 0.60, 1.00, 1.00]
Event Rate: [0.96, 0.35, 0.27, 0.33, 0.55, 0.63, 0.39, 0.49, 0.40, 0.54, 0.05, 0.28, 1.00, 1.00, 0.53, 0.41, 0.56, 0.60, 1.00, 1.00]
Event Rate: [0.96, 0.35, 0.27, 0.33, 0.55, 0.64, 0.40, 0.49, 0.40, 0.54, 0.05, 0.28, 1.00, 1.00, 0.53, 0.42, 0.57, 0.60, 1.00, 1.00]
Event Rate: [0.96, 0.35, 0.27, 0.33, 0.55, 0.64, 0.40, 0.49, 0.40, 0.54, 0.05, 0.28, 1.00, 1.00, 0.53, 0.41, 0.57, 0.60, 1.00, 1.00]
Event Rate: [0.96, 0.35, 0.27, 0.33, 0.56, 0.64, 0.40, 0.49, 0.40, 0.54, 0.05, 0.28, 1.00, 1.00, 0.53, 0.41, 0.57, 0.60, 1.00, 1.00]
Event Rate: [0.96, 0.35, 0.27, 0.33, 0.55, 0.64, 0.40, 0.49, 0.40, 0.54, 0.05, 0.28, 1.00, 1.00, 0.53, 0.41, 0.57, 0.60, 1.00, 1.00]
Event Rate: [0.96, 0.35, 0.27, 0.33, 0.55, 0.64, 0.40, 0.49, 0.40, 0.54, 0.05, 0.28, 1.00, 1.00, 0.53, 0.41, 0.57, 0.60, 1.00, 1.00]
Event Rate: [0.96, 0.34, 0.26, 0.32, 0.54, 0.63, 0.39, 0.48, 0.40, 0.54, 0.05, 0.28, 1.00, 1.00, 0.53, 0.41, 0.56, 0.59, 1.00, 1.00]
Event Rate: [0.96, 0.34, 0.27, 0.32, 0.55, 0.63, 0.39, 0.49, 0.40, 0.54, 0.05, 0.28, 1.00, 1.00, 0.53, 0.41, 0.56, 0.60, 1.00, 1.00]
Event Rate: [0.96, 0.35, 0.27, 0.33, 0.55, 0.64, 0.40, 0.49, 0.41, 0.54, 0.05, 0.28, 1.00, 1.00, 0.53, 0.41, 0.57, 0.60, 1.00, 1.00]
Event Rate: [0.96, 0.35, 0.27, 0.32, 0.55, 0.64, 0.39, 0.49, 0.40, 0.54, 0.05, 0.28, 1.00, 1.00, 0.53, 0.41, 0.56, 0.60, 1.00, 1.00]
Event Rate: [0.96, 0.35, 0.27, 0.32, 0.55, 0.63, 0.39, 0.48, 0.40, 0.54, 0.05, 0.28, 1.00, 1.00, 0.52, 0.41, 0.56, 0.60, 1.00, 1.00]
Event Rate: [0.95, 0.34, 0.26, 0.32, 0.55, 0.63, 0.39, 0.49, 0.40, 0.54, 0.05, 0.28, 1.00, 1.00, 0.52, 0.41, 0.56, 0.60, 1.00, 1.00]
Event Rate: [0.96, 0.35, 0.27, 0.33, 0.55, 0.63, 0.40, 0.49, 0.40, 0.54, 0.05, 0.28, 1.00, 1.00, 0.53, 0.41, 0.56, 0.60, 1.00, 1.00]
Event Rate: [0.96, 0.35, 0.27, 0.33, 0.55, 0.63, 0.39, 0.48, 0.40, 0.54, 0.05, 0.28, 1.00, 1.00, 0.53, 0.41, 0.56, 0.60, 1.00, 1.00]
Event Rate: [0.96, 0.35, 0.27, 0.33, 0.55, 0.64, 0.40, 0.49, 0.40, 0.54, 0.05, 0.28, 1.00, 1.00, 0.53, 0.41, 0.56, 0.60, 1.00, 1.00]
Event Rate: [0.96, 0.35, 0.27, 0.33, 0.55, 0.63, 0.39, 0.48, 0.40, 0.54, 0.05, 0.28, 1.00, 1.00, 0.53, 0.41, 0.56, 0.60, 1.00, 1.00]
Event Rate: [0.96, 0.36, 0.28, 0.33, 0.56, 0.64, 0.40, 0.49, 0.40, 0.54, 0.05, 0.28, 1.00, 1.00, 0.53, 0.41, 0.57, 0.61, 1.00, 1.00]
Event Rate: [0.96, 0.35, 0.27, 0.33, 0.55, 0.64, 0.40, 0.49, 0.41, 0.54, 0.05, 0.28, 1.00, 1.00, 0.53, 0.41, 0.57, 0.60, 1.00, 1.00]
Event Rate: [0.96, 0.34, 0.26, 0.32, 0.54, 0.63, 0.39, 0.48, 0.40, 0.54, 0.05, 0.28, 1.00, 1.00, 0.52, 0.40, 0.56, 0.59, 1.00, 1.00]
Event Rate: [0.96, 0.35, 0.28, 0.34, 0.56, 0.64, 0.40, 0.49, 0.41, 0.54, 0.05, 0.28, 1.00, 1.00, 0.53, 0.41, 0.57, 0.61, 1.00, 1.00]
Event Rate: [0.96, 0.35, 0.27, 0.33, 0.56, 0.64, 0.40, 0.49, 0.41, 0.54, 0.05, 0.28, 1.00, 1.00, 0.53, 0.41, 0.57, 0.61, 1.00, 1.00]
Event Rate: [0.96, 0.36, 0.27, 0.34, 0.56, 0.64, 0.40, 0.49, 0.40, 0.54, 0.05, 0.28, 1.00, 1.00, 0.53, 0.41, 0.57, 0.61, 1.00, 1.00]
Event Rate: [0.95, 0.35, 0.27, 0.33, 0.55, 0.63, 0.39, 0.48, 0.40, 0.54, 0.05, 0.28, 1.00, 1.00, 0.53, 0.41, 0.56, 0.60, 1.00, 1.00]
Event Rate: [0.96, 0.34, 0.26, 0.32, 0.54, 0.63, 0.39, 0.48, 0.40, 0.54, 0.05, 0.28, 1.00, 1.00, 0.52, 0.40, 0.56, 0.59, 1.00, 1.00]
Event Rate: [0.96, 0.35, 0.27, 0.32, 0.55, 0.63, 0.39, 0.49, 0.41, 0.54, 0.05, 0.28, 1.00, 1.00, 0.53, 0.40, 0.56, 0.60, 1.00, 1.00]
Event Rate: [0.96, 0.34, 0.26, 0.32, 0.54, 0.63, 0.39, 0.48, 0.40, 0.54, 0.05, 0.28, 1.00, 1.00, 0.52, 0.40, 0.56, 0.60, 1.00, 1.00]
Event Rate: [0.96, 0.35, 0.27, 0.32, 0.55, 0.63, 0.39, 0.48, 0.40, 0.54, 0.05, 0.28, 1.00, 1.00, 0.53, 0.41, 0.56, 0.60, 1.00, 1.00]
Event Rate: [0.96, 0.35, 0.27, 0.33, 0.55, 0.64, 0.40, 0.49, 0.41, 0.54, 0.05, 0.28, 1.00, 1.00, 0.53, 0.41, 0.56, 0.60, 1.00, 1.00]
Event Rate: [0.96, 0.35, 0.27, 0.33, 0.56, 0.64, 0.40, 0.49, 0.41, 0.54, 0.05, 0.28, 1.00, 1.00, 0.53, 0.41, 0.57, 0.61, 1.00, 1.00]
Event Rate: [0.96, 0.35, 0.27, 0.33, 0.55, 0.64, 0.40, 0.49, 0.41, 0.54, 0.05, 0.28, 1.00, 1.00, 0.53, 0.41, 0.57, 0.60, 1.00, 1.00]
Event Rate: [0.96, 0.34, 0.26, 0.32, 0.54, 0.63, 0.39, 0.48, 0.41, 0.54, 0.05, 0.28, 1.00, 1.00, 0.53, 0.41, 0.56, 0.59, 1.00, 1.00]
Event Rate: [0.96, 0.36, 0.28, 0.33, 0.56, 0.64, 0.40, 0.49, 0.41, 0.54, 0.05, 0.28, 1.00, 1.00, 0.53, 0.41, 0.57, 0.61, 1.00, 1.00]
Event Rate: [0.96, 0.34, 0.27, 0.32, 0.54, 0.63, 0.39, 0.48, 0.41, 0.54, 0.05, 0.28, 1.00, 1.00, 0.53, 0.41, 0.56, 0.60, 1.00, 1.00]
Event Rate: [0.96, 0.35, 0.27, 0.33, 0.55, 0.63, 0.40, 0.48, 0.41, 0.54, 0.05, 0.28, 1.00, 1.00, 0.53, 0.41, 0.56, 0.60, 1.00, 1.00]
Event Rate: [0.95, 0.35, 0.28, 0.33, 0.55, 0.64, 0.40, 0.49, 0.41, 0.54, 0.05, 0.28, 1.00, 1.00, 0.53, 0.41, 0.57, 0.60, 1.00, 1.00]
Event Rate: [0.96, 0.35, 0.27, 0.33, 0.55, 0.64, 0.39, 0.48, 0.41, 0.54, 0.05, 0.28, 1.00, 1.00, 0.53, 0.40, 0.56, 0.60, 1.00, 1.00]
Event Rate: [0.96, 0.35, 0.27, 0.32, 0.55, 0.64, 0.39, 0.49, 0.41, 0.54, 0.05, 0.28, 1.00, 1.00, 0.53, 0.41, 0.56, 0.60, 1.00, 1.00]
Event Rate: [0.96, 0.35, 0.27, 0.32, 0.55, 0.63, 0.39, 0.48, 0.41, 0.54, 0.05, 0.28, 1.00, 1.00, 0.53, 0.40, 0.56, 0.60, 1.00, 1.00]
Event Rate: [0.96, 0.36, 0.27, 0.33, 0.56, 0.64, 0.40, 0.49, 0.41, 0.54, 0.05, 0.28, 1.00, 1.00, 0.53, 0.41, 0.57, 0.60, 1.00, 1.00]
Event Rate: [0.96, 0.36, 0.27, 0.33, 0.56, 0.64, 0.40, 0.49, 0.41, 0.54, 0.05, 0.28, 1.00, 1.00, 0.53, 0.41, 0.57, 0.61, 1.00, 1.00]
Event Rate: [0.95, 0.35, 0.27, 0.33, 0.55, 0.64, 0.40, 0.49, 0.41, 0.54, 0.05, 0.28, 1.00, 1.00, 0.53, 0.41, 0.57, 0.60, 1.00, 1.00]
Event Rate: [0.96, 0.35, 0.27, 0.33, 0.56, 0.64, 0.40, 0.49, 0.41, 0.54, 0.05, 0.28, 1.00, 1.00, 0.53, 0.41, 0.56, 0.60, 1.00, 1.00]
Event Rate: [0.96, 0.36, 0.28, 0.34, 0.56, 0.64, 0.40, 0.49, 0.41, 0.54, 0.05, 0.28, 1.00, 1.00, 0.53, 0.41, 0.57, 0.61, 1.00, 1.00]
Event Rate: [0.96, 0.35, 0.27, 0.33, 0.55, 0.64, 0.40, 0.49, 0.41, 0.54, 0.05, 0.28, 1.00, 1.00, 0.53, 0.41, 0.56, 0.60, 1.00, 1.00]
Event Rate: [0.96, 0.35, 0.27, 0.33, 0.55, 0.63, 0.39, 0.48, 0.41, 0.54, 0.05, 0.28, 1.00, 1.00, 0.53, 0.40, 0.56, 0.60, 1.00, 1.00]
Event Rate: [0.96, 0.36, 0.28, 0.34, 0.56, 0.64, 0.41, 0.49, 0.41, 0.54, 0.05, 0.28, 1.00, 1.00, 0.54, 0.41, 0.57, 0.61, 1.00, 1.00]
Event Rate: [0.96, 0.36, 0.28, 0.34, 0.56, 0.64, 0.40, 0.49, 0.41, 0.54, 0.05, 0.28, 1.00, 1.00, 0.53, 0.41, 0.57, 0.61, 1.00, 1.00]
Event Rate: [0.96, 0.36, 0.27, 0.33, 0.55, 0.64, 0.40, 0.49, 0.41, 0.54, 0.05, 0.28, 1.00, 1.00, 0.53, 0.41, 0.57, 0.61, 1.00, 1.00]
Event Rate: [0.96, 0.36, 0.28, 0.34, 0.57, 0.65, 0.41, 0.49, 0.41, 0.54, 0.05, 0.28, 1.00, 1.00, 0.53, 0.41, 0.58, 0.61, 1.00, 1.00]
Event Rate: [0.96, 0.34, 0.26, 0.33, 0.55, 0.63, 0.39, 0.48, 0.41, 0.54, 0.05, 0.28, 1.00, 1.00, 0.53, 0.40, 0.56, 0.60, 1.00, 1.00]
Event Rate: [0.96, 0.36, 0.28, 0.33, 0.55, 0.64, 0.40, 0.49, 0.41, 0.54, 0.05, 0.28, 1.00, 1.00, 0.53, 0.41, 0.56, 0.60, 1.00, 1.00]
Event Rate: [0.96, 0.35, 0.27, 0.33, 0.55, 0.64, 0.40, 0.49, 0.41, 0.54, 0.05, 0.28, 1.00, 1.00, 0.53, 0.41, 0.57, 0.60, 1.00, 1.00]
Event Rate: [0.95, 0.35, 0.27, 0.32, 0.54, 0.63, 0.39, 0.48, 0.40, 0.54, 0.05, 0.28, 1.00, 1.00, 0.52, 0.40, 0.55, 0.59, 0.99, 1.00]
Event Rate: [0.96, 0.34, 0.26, 0.32, 0.54, 0.62, 0.39, 0.48, 0.40, 0.54, 0.05, 0.28, 1.00, 1.00, 0.52, 0.40, 0.55, 0.59, 1.00, 1.00]
Event Rate: [0.96, 0.35, 0.27, 0.33, 0.55, 0.63, 0.40, 0.49, 0.41, 0.54, 0.05, 0.28, 1.00, 1.00, 0.53, 0.41, 0.56, 0.60, 1.00, 1.00]
Event Rate: [0.96, 0.36, 0.28, 0.34, 0.56, 0.65, 0.41, 0.49, 0.41, 0.54, 0.05, 0.28, 1.00, 1.00, 0.53, 0.41, 0.57, 0.61, 1.00, 1.00]
Event Rate: [0.96, 0.35, 0.27, 0.33, 0.55, 0.63, 0.40, 0.49, 0.41, 0.54, 0.05, 0.28, 1.00, 1.00, 0.53, 0.41, 0.56, 0.60, 1.00, 1.00]
Event Rate: [0.96, 0.35, 0.27, 0.33, 0.55, 0.64, 0.40, 0.48, 0.40, 0.54, 0.05, 0.28, 1.00, 1.00, 0.53, 0.41, 0.57, 0.60, 1.00, 1.00]
Event Rate: [0.96, 0.34, 0.27, 0.32, 0.54, 0.63, 0.39, 0.48, 0.41, 0.54, 0.05, 0.28, 1.00, 1.00, 0.53, 0.41, 0.56, 0.60, 1.00, 1.00]
Event Rate: [0.96, 0.35, 0.28, 0.33, 0.56, 0.64, 0.40, 0.49, 0.41, 0.54, 0.05, 0.28, 1.00, 1.00, 0.53, 0.41, 0.57, 0.61, 1.00, 1.00]
Event Rate: [0.96, 0.35, 0.27, 0.32, 0.54, 0.63, 0.39, 0.48, 0.41, 0.54, 0.05, 0.28, 1.00, 1.00, 0.53, 0.40, 0.56, 0.60, 1.00, 1.00]
Event Rate: [0.95, 0.35, 0.27, 0.33, 0.55, 0.63, 0.40, 0.48, 0.41, 0.54, 0.05, 0.28, 1.00, 1.00, 0.53, 0.41, 0.56, 0.60, 1.00, 1.00]
Event Rate: [0.95, 0.35, 0.27, 0.33, 0.55, 0.63, 0.40, 0.48, 0.41, 0.54, 0.05, 0.28, 1.00, 1.00, 0.53, 0.41, 0.56, 0.60, 1.00, 1.00]
Event Rate: [0.96, 0.35, 0.28, 0.34, 0.56, 0.64, 0.40, 0.49, 0.41, 0.54, 0.05, 0.28, 1.00, 1.00, 0.53, 0.41, 0.57, 0.61, 1.00, 1.00]
Event Rate: [0.96, 0.35, 0.27, 0.33, 0.55, 0.63, 0.40, 0.49, 0.41, 0.54, 0.05, 0.28, 1.00, 1.00, 0.53, 0.41, 0.56, 0.60, 1.00, 1.00]
Event Rate: [0.96, 0.34, 0.27, 0.33, 0.55, 0.63, 0.39, 0.48, 0.41, 0.54, 0.05, 0.28, 1.00, 1.00, 0.53, 0.41, 0.56, 0.60, 1.00, 1.00]
Event Rate: [0.96, 0.35, 0.27, 0.33, 0.55, 0.64, 0.40, 0.49, 0.41, 0.54, 0.05, 0.28, 1.00, 1.00, 0.53, 0.41, 0.56, 0.60, 1.00, 1.00]
Event Rate: [0.96, 0.35, 0.27, 0.33, 0.56, 0.64, 0.40, 0.49, 0.41, 0.54, 0.05, 0.28, 1.00, 1.00, 0.53, 0.41, 0.57, 0.60, 1.00, 1.00]
Event Rate: [0.96, 0.34, 0.27, 0.32, 0.54, 0.63, 0.39, 0.48, 0.41, 0.54, 0.05, 0.28, 1.00, 1.00, 0.53, 0.41, 0.56, 0.60, 1.00, 1.00]
Event Rate: [0.96, 0.35, 0.27, 0.33, 0.56, 0.64, 0.40, 0.49, 0.41, 0.54, 0.05, 0.28, 1.00, 1.00, 0.53, 0.41, 0.57, 0.60, 1.00, 1.00]
Event Rate: [0.95, 0.35, 0.27, 0.33, 0.55, 0.64, 0.40, 0.48, 0.41, 0.54, 0.05, 0.28, 1.00, 1.00, 0.53, 0.41, 0.56, 0.60, 1.00, 1.00]
Event Rate: [0.96, 0.35, 0.27, 0.33, 0.55, 0.64, 0.40, 0.49, 0.41, 0.54, 0.05, 0.28, 1.00, 1.00, 0.53, 0.41, 0.57, 0.60, 1.00, 1.00]
Event Rate: [0.96, 0.34, 0.27, 0.33, 0.55, 0.63, 0.40, 0.49, 0.41, 0.54, 0.05, 0.28, 1.00, 1.00, 0.53, 0.41, 0.56, 0.60, 1.00, 1.00]
Event Rate: [0.95, 0.35, 0.27, 0.33, 0.55, 0.64, 0.40, 0.48, 0.41, 0.54, 0.05, 0.28, 1.00, 1.00, 0.53, 0.41, 0.56, 0.60, 1.00, 1.00]
Event Rate: [0.96, 0.35, 0.27, 0.33, 0.55, 0.63, 0.40, 0.49, 0.41, 0.54, 0.05, 0.28, 1.00, 1.00, 0.53, 0.41, 0.56, 0.60, 1.00, 1.00]
Event Rate: [0.96, 0.35, 0.27, 0.32, 0.55, 0.63, 0.39, 0.48, 0.41, 0.54, 0.05, 0.28, 1.00, 1.00, 0.53, 0.41, 0.56, 0.60, 1.00, 1.00]
Event Rate: [0.96, 0.35, 0.27, 0.33, 0.55, 0.64, 0.40, 0.49, 0.41, 0.54, 0.05, 0.28, 1.00, 1.00, 0.53, 0.41, 0.57, 0.60, 1.00, 1.00]
Event Rate: [0.95, 0.35, 0.27, 0.33, 0.56, 0.64, 0.40, 0.49, 0.41, 0.54, 0.05, 0.28, 1.00, 1.00, 0.53, 0.41, 0.56, 0.60, 1.00, 1.00]
Event Rate: [0.96, 0.36, 0.28, 0.34, 0.56, 0.64, 0.40, 0.49, 0.41, 0.54, 0.05, 0.28, 1.00, 1.00, 0.53, 0.41, 0.57, 0.61, 1.00, 1.00]
Event Rate: [0.96, 0.36, 0.28, 0.34, 0.56, 0.64, 0.40, 0.49, 0.41, 0.54, 0.05, 0.28, 1.00, 1.00, 0.53, 0.41, 0.57, 0.61, 1.00, 1.00]
Event Rate: [0.96, 0.35, 0.27, 0.33, 0.55, 0.64, 0.40, 0.49, 0.41, 0.54, 0.05, 0.28, 1.00, 1.00, 0.53, 0.41, 0.57, 0.60, 1.00, 1.00]
Event Rate: [0.96, 0.36, 0.28, 0.34, 0.56, 0.64, 0.40, 0.49, 0.41, 0.54, 0.05, 0.28, 1.00, 1.00, 0.53, 0.41, 0.57, 0.61, 1.00, 1.00]
Event Rate: [0.96, 0.34, 0.26, 0.32, 0.55, 0.63, 0.39, 0.48, 0.41, 0.54, 0.05, 0.28, 1.00, 1.00, 0.53, 0.41, 0.56, 0.60, 1.00, 1.00]
Event Rate: [0.95, 0.35, 0.27, 0.33, 0.55, 0.63, 0.40, 0.49, 0.41, 0.54, 0.05, 0.28, 1.00, 1.00, 0.53, 0.41, 0.56, 0.60, 1.00, 1.00]
Event Rate: [0.96, 0.35, 0.27, 0.33, 0.55, 0.63, 0.40, 0.49, 0.41, 0.54, 0.05, 0.28, 1.00, 1.00, 0.53, 0.41, 0.56, 0.60, 1.00, 1.00]
Event Rate: [0.96, 0.36, 0.28, 0.34, 0.56, 0.64, 0.41, 0.49, 0.41, 0.54, 0.05, 0.28, 1.00, 1.00, 0.53, 0.41, 0.57, 0.61, 1.00, 1.00]
Event Rate: [0.95, 0.34, 0.27, 0.33, 0.55, 0.63, 0.40, 0.48, 0.41, 0.54, 0.05, 0.28, 1.00, 1.00, 0.53, 0.41, 0.56, 0.60, 1.00, 1.00]
Event Rate: [0.96, 0.35, 0.27, 0.33, 0.56, 0.64, 0.40, 0.49, 0.41, 0.54, 0.05, 0.28, 1.00, 1.00, 0.53, 0.41, 0.57, 0.61, 1.00, 1.00]
Event Rate: [0.96, 0.36, 0.28, 0.34, 0.56, 0.64, 0.40, 0.49, 0.41, 0.54, 0.05, 0.28, 1.00, 1.00, 0.53, 0.41, 0.57, 0.61, 1.00, 1.00]
Event Rate: [0.95, 0.35, 0.27, 0.33, 0.55, 0.63, 0.40, 0.48, 0.41, 0.54, 0.05, 0.28, 1.00, 1.00, 0.53, 0.41, 0.56, 0.60, 0.99, 1.00]
Event Rate: [0.96, 0.35, 0.27, 0.32, 0.55, 0.63, 0.39, 0.49, 0.41, 0.54, 0.05, 0.28, 1.00, 1.00, 0.53, 0.41, 0.56, 0.60, 1.00, 1.00]
Event Rate: [0.96, 0.34, 0.26, 0.32, 0.54, 0.63, 0.39, 0.48, 0.40, 0.54, 0.05, 0.28, 1.00, 1.00, 0.52, 0.40, 0.56, 0.59, 1.00, 1.00]
Event Rate: [0.96, 0.35, 0.27, 0.33, 0.56, 0.64, 0.40, 0.49, 0.41, 0.54, 0.05, 0.28, 1.00, 1.00, 0.53, 0.41, 0.57, 0.60, 1.00, 1.00]
Event Rate: [0.96, 0.35, 0.27, 0.33, 0.55, 0.64, 0.40, 0.48, 0.41, 0.54, 0.05, 0.28, 1.00, 1.00, 0.53, 0.41, 0.57, 0.60, 1.00, 1.00]
Event Rate: [0.96, 0.35, 0.27, 0.33, 0.55, 0.64, 0.40, 0.49, 0.41, 0.54, 0.05, 0.28, 1.00, 1.00, 0.53, 0.41, 0.57, 0.60, 1.00, 1.00]
Event Rate: [0.96, 0.34, 0.27, 0.33, 0.55, 0.63, 0.40, 0.49, 0.41, 0.54, 0.05, 0.28, 1.00, 1.00, 0.53, 0.41, 0.56, 0.60, 1.00, 1.00]
Event Rate: [0.96, 0.35, 0.27, 0.33, 0.56, 0.64, 0.40, 0.49, 0.41, 0.54, 0.05, 0.28, 1.00, 1.00, 0.53, 0.41, 0.57, 0.60, 1.00, 1.00]
Event Rate: [0.96, 0.36, 0.28, 0.34, 0.56, 0.64, 0.41, 0.49, 0.41, 0.54, 0.05, 0.28, 1.00, 1.00, 0.53, 0.41, 0.57, 0.61, 1.00, 1.00]
Event Rate: [0.96, 0.36, 0.28, 0.34, 0.56, 0.65, 0.41, 0.49, 0.41, 0.55, 0.05, 0.28, 1.00, 1.00, 0.54, 0.41, 0.57, 0.61, 1.00, 1.00]
Event Rate: [0.96, 0.35, 0.27, 0.33, 0.55, 0.63, 0.40, 0.49, 0.41, 0.54, 0.05, 0.28, 1.00, 1.00, 0.53, 0.41, 0.56, 0.60, 1.00, 1.00]
Event Rate: [0.96, 0.37, 0.28, 0.34, 0.57, 0.65, 0.41, 0.49, 0.41, 0.55, 0.05, 0.28, 1.00, 1.00, 0.54, 0.42, 0.58, 0.62, 1.00, 1.00]
Event Rate: [0.96, 0.34, 0.26, 0.32, 0.54, 0.63, 0.39, 0.48, 0.40, 0.54, 0.05, 0.28, 1.00, 1.00, 0.52, 0.40, 0.56, 0.59, 1.00, 1.00]
Event Rate: [0.96, 0.35, 0.27, 0.33, 0.55, 0.64, 0.40, 0.49, 0.41, 0.54, 0.05, 0.28, 1.00, 1.00, 0.53, 0.41, 0.56, 0.60, 1.00, 1.00]
Event Rate: [0.96, 0.35, 0.27, 0.33, 0.55, 0.64, 0.40, 0.49, 0.41, 0.54, 0.05, 0.28, 1.00, 1.00, 0.53, 0.41, 0.56, 0.60, 1.00, 1.00]
Event Rate: [0.96, 0.35, 0.27, 0.33, 0.56, 0.64, 0.40, 0.49, 0.41, 0.54, 0.05, 0.28, 1.00, 1.00, 0.53, 0.41, 0.57, 0.61, 1.00, 1.00]
Event Rate: [0.96, 0.34, 0.27, 0.32, 0.55, 0.63, 0.39, 0.49, 0.41, 0.54, 0.05, 0.28, 1.00, 1.00, 0.53, 0.41, 0.56, 0.60, 1.00, 1.00]
Event Rate: [0.96, 0.34, 0.26, 0.32, 0.54, 0.63, 0.39, 0.48, 0.41, 0.54, 0.05, 0.28, 1.00, 1.00, 0.52, 0.41, 0.56, 0.59, 1.00, 1.00]
Event Rate: [0.96, 0.35, 0.28, 0.34, 0.56, 0.64, 0.40, 0.49, 0.41, 0.54, 0.05, 0.28, 1.00, 1.00, 0.53, 0.42, 0.57, 0.61, 1.00, 1.00]
Event Rate: [0.96, 0.34, 0.27, 0.32, 0.54, 0.63, 0.39, 0.48, 0.41, 0.54, 0.05, 0.28, 1.00, 1.00, 0.53, 0.41, 0.56, 0.60, 1.00, 1.00]
Event Rate: [0.96, 0.35, 0.27, 0.33, 0.55, 0.64, 0.40, 0.49, 0.41, 0.54, 0.05, 0.28, 1.00, 1.00, 0.53, 0.41, 0.57, 0.60, 1.00, 1.00]
Event Rate: [0.96, 0.35, 0.27, 0.33, 0.55, 0.63, 0.40, 0.48, 0.41, 0.54, 0.05, 0.28, 1.00, 1.00, 0.52, 0.41, 0.56, 0.60, 1.00, 1.00]
Event Rate: [0.96, 0.35, 0.28, 0.33, 0.55, 0.64, 0.40, 0.49, 0.41, 0.54, 0.05, 0.28, 1.00, 1.00, 0.53, 0.41, 0.57, 0.60, 1.00, 1.00]
Event Rate: [0.96, 0.35, 0.27, 0.33, 0.56, 0.64, 0.40, 0.49, 0.41, 0.54, 0.05, 0.28, 1.00, 1.00, 0.53, 0.41, 0.57, 0.61, 1.00, 1.00]
Event Rate: [0.96, 0.35, 0.27, 0.33, 0.55, 0.64, 0.40, 0.49, 0.41, 0.54, 0.05, 0.28, 1.00, 1.00, 0.53, 0.41, 0.56, 0.60, 1.00, 1.00]
Event Rate: [0.95, 0.36, 0.28, 0.34, 0.56, 0.64, 0.41, 0.49, 0.41, 0.54, 0.05, 0.28, 1.00, 1.00, 0.53, 0.41, 0.57, 0.61, 1.00, 1.00]
Event Rate: [0.96, 0.35, 0.27, 0.33, 0.56, 0.64, 0.40, 0.49, 0.41, 0.54, 0.05, 0.28, 1.00, 1.00, 0.53, 0.41, 0.57, 0.61, 1.00, 1.00]
Event Rate: [0.96, 0.35, 0.27, 0.33, 0.55, 0.64, 0.40, 0.48, 0.41, 0.54, 0.05, 0.28, 1.00, 1.00, 0.53, 0.41, 0.56, 0.60, 1.00, 1.00]
Event Rate: [0.96, 0.35, 0.27, 0.33, 0.55, 0.63, 0.40, 0.49, 0.41, 0.54, 0.05, 0.28, 1.00, 1.00, 0.53, 0.41, 0.56, 0.60, 1.00, 1.00]
Event Rate: [0.95, 0.34, 0.27, 0.32, 0.54, 0.63, 0.39, 0.48, 0.41, 0.54, 0.05, 0.28, 1.00, 1.00, 0.53, 0.41, 0.56, 0.60, 1.00, 1.00]
Event Rate: [0.96, 0.35, 0.27, 0.33, 0.55, 0.64, 0.40, 0.49, 0.41, 0.54, 0.05, 0.28, 1.00, 1.00, 0.53, 0.41, 0.57, 0.60, 1.00, 1.00]
Event Rate: [0.96, 0.35, 0.27, 0.33, 0.56, 0.64, 0.40, 0.49, 0.41, 0.54, 0.05, 0.28, 1.00, 1.00, 0.53, 0.41, 0.57, 0.60, 1.00, 1.00]
Event Rate: [0.96, 0.35, 0.27, 0.33, 0.55, 0.63, 0.40, 0.48, 0.41, 0.54, 0.05, 0.28, 1.00, 1.00, 0.53, 0.41, 0.56, 0.60, 1.00, 1.00]
Event Rate: [0.96, 0.35, 0.27, 0.33, 0.56, 0.64, 0.40, 0.49, 0.41, 0.54, 0.05, 0.28, 1.00, 1.00, 0.53, 0.41, 0.57, 0.60, 1.00, 1.00]
Event Rate: [0.96, 0.35, 0.27, 0.33, 0.55, 0.64, 0.40, 0.48, 0.41, 0.54, 0.05, 0.28, 1.00, 1.00, 0.53, 0.41, 0.56, 0.60, 1.00, 1.00]
Event Rate: [0.96, 0.35, 0.27, 0.33, 0.55, 0.63, 0.40, 0.49, 0.41, 0.54, 0.05, 0.28, 1.00, 1.00, 0.53, 0.41, 0.56, 0.60, 1.00, 1.00]
Event Rate: [0.96, 0.35, 0.27, 0.33, 0.56, 0.64, 0.40, 0.49, 0.41, 0.54, 0.05, 0.28, 1.00, 1.00, 0.53, 0.41, 0.57, 0.61, 1.00, 1.00]
Event Rate: [0.96, 0.35, 0.27, 0.33, 0.55, 0.64, 0.40, 0.49, 0.41, 0.54, 0.05, 0.28, 1.00, 1.00, 0.53, 0.41, 0.56, 0.60, 1.00, 1.00]
Event Rate: [0.96, 0.35, 0.27, 0.34, 0.56, 0.64, 0.40, 0.49, 0.41, 0.54, 0.05, 0.28, 1.00, 1.00, 0.53, 0.41, 0.57, 0.60, 1.00, 1.00]
Event Rate: [0.96, 0.35, 0.27, 0.33, 0.56, 0.64, 0.40, 0.49, 0.41, 0.54, 0.05, 0.28, 1.00, 1.00, 0.53, 0.41, 0.56, 0.60, 1.00, 1.00]
Event Rate: [0.95, 0.35, 0.27, 0.32, 0.55, 0.63, 0.39, 0.48, 0.41, 0.54, 0.05, 0.28, 1.00, 1.00, 0.52, 0.41, 0.56, 0.60, 1.00, 1.00]
Event Rate: [0.95, 0.35, 0.27, 0.33, 0.55, 0.64, 0.40, 0.49, 0.41, 0.54, 0.05, 0.28, 1.00, 1.00, 0.53, 0.41, 0.57, 0.61, 1.00, 1.00]
Event Rate: [0.96, 0.34, 0.26, 0.33, 0.54, 0.63, 0.39, 0.48, 0.41, 0.54, 0.05, 0.28, 1.00, 1.00, 0.53, 0.41, 0.56, 0.60, 1.00, 1.00]
Event Rate: [0.95, 0.35, 0.27, 0.33, 0.55, 0.64, 0.40, 0.49, 0.41, 0.54, 0.05, 0.28, 1.00, 1.00, 0.53, 0.41, 0.57, 0.60, 1.00, 1.00]
Event Rate: [0.95, 0.35, 0.27, 0.34, 0.56, 0.64, 0.40, 0.49, 0.41, 0.54, 0.05, 0.28, 1.00, 1.00, 0.53, 0.41, 0.57, 0.60, 1.00, 1.00]
Event Rate: [0.96, 0.34, 0.27, 0.33, 0.55, 0.63, 0.39, 0.48, 0.41, 0.54, 0.05, 0.28, 1.00, 1.00, 0.53, 0.41, 0.56, 0.59, 1.00, 1.00]
Event Rate: [0.96, 0.35, 0.28, 0.34, 0.56, 0.64, 0.40, 0.49, 0.41, 0.54, 0.05, 0.28, 1.00, 1.00, 0.53, 0.41, 0.57, 0.61, 1.00, 1.00]
Event Rate: [0.96, 0.35, 0.27, 0.33, 0.55, 0.63, 0.40, 0.48, 0.41, 0.54, 0.05, 0.28, 1.00, 1.00, 0.53, 0.41, 0.56, 0.60, 1.00, 1.00]
Event Rate: [0.96, 0.35, 0.27, 0.33, 0.55, 0.63, 0.40, 0.48, 0.41, 0.54, 0.05, 0.28, 1.00, 1.00, 0.53, 0.41, 0.56, 0.60, 1.00, 1.00]
Event Rate: [0.95, 0.35, 0.27, 0.33, 0.55, 0.63, 0.39, 0.48, 0.40, 0.54, 0.05, 0.28, 1.00, 1.00, 0.52, 0.41, 0.56, 0.59, 1.00, 1.00]
Event Rate: [0.95, 0.35, 0.27, 0.33, 0.55, 0.64, 0.40, 0.49, 0.41, 0.54, 0.05, 0.28, 1.00, 1.00, 0.53, 0.41, 0.57, 0.60, 1.00, 1.00]
Event Rate: [0.96, 0.36, 0.28, 0.34, 0.56, 0.65, 0.41, 0.49, 0.41, 0.54, 0.05, 0.28, 1.00, 1.00, 0.53, 0.42, 0.57, 0.61, 1.00, 1.00]
Event Rate: [0.96, 0.35, 0.27, 0.33, 0.55, 0.64, 0.40, 0.49, 0.41, 0.54, 0.05, 0.28, 1.00, 1.00, 0.53, 0.41, 0.57, 0.60, 1.00, 1.00]
Event Rate: [0.96, 0.35, 0.27, 0.33, 0.55, 0.64, 0.40, 0.49, 0.41, 0.54, 0.05, 0.28, 1.00, 1.00, 0.53, 0.42, 0.57, 0.60, 1.00, 1.00]
Event Rate: [0.96, 0.35, 0.27, 0.33, 0.56, 0.64, 0.40, 0.49, 0.41, 0.54, 0.05, 0.28, 1.00, 1.00, 0.53, 0.41, 0.57, 0.60, 1.00, 1.00]
Event Rate: [0.96, 0.34, 0.27, 0.32, 0.55, 0.63, 0.40, 0.48, 0.41, 0.54, 0.05, 0.28, 1.00, 1.00, 0.53, 0.41, 0.56, 0.60, 1.00, 1.00]
Event Rate: [0.95, 0.35, 0.27, 0.33, 0.55, 0.64, 0.40, 0.48, 0.41, 0.54, 0.05, 0.28, 1.00, 1.00, 0.53, 0.41, 0.56, 0.60, 1.00, 1.00]
Event Rate: [0.96, 0.35, 0.28, 0.33, 0.56, 0.64, 0.40, 0.49, 0.41, 0.54, 0.05, 0.28, 1.00, 1.00, 0.53, 0.41, 0.57, 0.61, 1.00, 1.00]
Event Rate: [0.96, 0.35, 0.28, 0.33, 0.56, 0.64, 0.40, 0.49, 0.41, 0.54, 0.05, 0.28, 1.00, 1.00, 0.53, 0.42, 0.57, 0.60, 1.00, 1.00]
Event Rate: [0.96, 0.35, 0.27, 0.33, 0.55, 0.63, 0.40, 0.49, 0.41, 0.54, 0.05, 0.28, 1.00, 1.00, 0.53, 0.41, 0.56, 0.60, 1.00, 1.00]
Event Rate: [0.96, 0.35, 0.27, 0.33, 0.56, 0.64, 0.40, 0.48, 0.41, 0.54, 0.05, 0.28, 1.00, 1.00, 0.53, 0.41, 0.57, 0.60, 1.00, 1.00]
Event Rate: [0.96, 0.36, 0.28, 0.34, 0.56, 0.64, 0.40, 0.49, 0.41, 0.54, 0.05, 0.28, 1.00, 1.00, 0.53, 0.41, 0.57, 0.61, 1.00, 1.00]
Event Rate: [0.96, 0.35, 0.28, 0.34, 0.56, 0.63, 0.40, 0.49, 0.41, 0.54, 0.05, 0.28, 1.00, 1.00, 0.53, 0.41, 0.56, 0.60, 1.00, 1.00]
Event Rate: [0.96, 0.36, 0.28, 0.34, 0.56, 0.64, 0.40, 0.49, 0.41, 0.54, 0.05, 0.28, 1.00, 1.00, 0.53, 0.41, 0.57, 0.61, 1.00, 1.00]
Event Rate: [0.96, 0.35, 0.28, 0.33, 0.56, 0.64, 0.40, 0.49, 0.41, 0.54, 0.05, 0.28, 1.00, 1.00, 0.53, 0.41, 0.57, 0.60, 1.00, 1.00]
Event Rate: [0.95, 0.34, 0.27, 0.33, 0.55, 0.63, 0.39, 0.48, 0.41, 0.54, 0.05, 0.28, 1.00, 1.00, 0.53, 0.41, 0.56, 0.60, 1.00, 1.00]
Event Rate: [0.96, 0.35, 0.27, 0.34, 0.56, 0.64, 0.40, 0.49, 0.41, 0.54, 0.05, 0.28, 1.00, 1.00, 0.53, 0.41, 0.57, 0.60, 1.00, 1.00]
Event Rate: [0.96, 0.35, 0.27, 0.33, 0.55, 0.63, 0.40, 0.48, 0.41, 0.54, 0.05, 0.28, 1.00, 1.00, 0.53, 0.41, 0.56, 0.60, 1.00, 1.00]
Event Rate: [0.96, 0.35, 0.27, 0.33, 0.55, 0.64, 0.40, 0.48, 0.41, 0.54, 0.05, 0.28, 1.00, 1.00, 0.53, 0.41, 0.57, 0.60, 1.00, 1.00]
Event Rate: [0.96, 0.36, 0.27, 0.33, 0.55, 0.63, 0.39, 0.48, 0.41, 0.54, 0.05, 0.28, 1.00, 1.00, 0.53, 0.41, 0.56, 0.60, 1.00, 1.00]
Event Rate: [0.96, 0.36, 0.28, 0.34, 0.56, 0.64, 0.40, 0.49, 0.41, 0.54, 0.05, 0.28, 1.00, 1.00, 0.54, 0.42, 0.57, 0.61, 1.00, 1.00]
Event Rate: [0.96, 0.35, 0.26, 0.32, 0.55, 0.63, 0.39, 0.48, 0.40, 0.53, 0.05, 0.28, 1.00, 1.00, 0.52, 0.41, 0.56, 0.60, 1.00, 1.00]
Event Rate: [0.96, 0.35, 0.27, 0.33, 0.55, 0.64, 0.40, 0.49, 0.41, 0.54, 0.05, 0.28, 1.00, 1.00, 0.53, 0.41, 0.56, 0.60, 1.00, 1.00]
Event Rate: [0.96, 0.35, 0.27, 0.33, 0.56, 0.64, 0.40, 0.49, 0.41, 0.54, 0.05, 0.28, 1.00, 1.00, 0.53, 0.41, 0.57, 0.60, 1.00, 1.00]
Event Rate: [0.96, 0.36, 0.27, 0.33, 0.56, 0.64, 0.40, 0.49, 0.41, 0.54, 0.05, 0.28, 1.00, 1.00, 0.53, 0.41, 0.57, 0.60, 1.00, 1.00]
Event Rate: [0.96, 0.35, 0.27, 0.33, 0.55, 0.64, 0.40, 0.49, 0.41, 0.54, 0.05, 0.28, 1.00, 1.00, 0.53, 0.41, 0.56, 0.60, 1.00, 1.00]
Event Rate: [0.96, 0.36, 0.27, 0.33, 0.55, 0.64, 0.40, 0.49, 0.41, 0.54, 0.05, 0.28, 1.00, 1.00, 0.53, 0.41, 0.56, 0.60, 1.00, 1.00]
Event Rate: [0.96, 0.36, 0.28, 0.34, 0.56, 0.64, 0.40, 0.49, 0.41, 0.54, 0.05, 0.28, 1.00, 1.00, 0.53, 0.42, 0.57, 0.61, 1.00, 1.00]
Event Rate: [0.96, 0.36, 0.27, 0.33, 0.55, 0.64, 0.40, 0.48, 0.41, 0.54, 0.05, 0.28, 1.00, 1.00, 0.53, 0.41, 0.56, 0.60, 1.00, 1.00]
Event Rate: [0.95, 0.35, 0.27, 0.33, 0.55, 0.64, 0.40, 0.49, 0.41, 0.54, 0.05, 0.28, 1.00, 1.00, 0.54, 0.42, 0.57, 0.60, 1.00, 1.00]
Event Rate: [0.96, 0.36, 0.27, 0.33, 0.56, 0.64, 0.40, 0.49, 0.41, 0.54, 0.05, 0.28, 1.00, 1.00, 0.53, 0.41, 0.57, 0.60, 1.00, 1.00]
Event Rate: [0.96, 0.36, 0.28, 0.34, 0.57, 0.65, 0.41, 0.49, 0.41, 0.55, 0.05, 0.28, 1.00, 1.00, 0.54, 0.42, 0.58, 0.61, 1.00, 1.00]
Event Rate: [0.96, 0.35, 0.27, 0.32, 0.55, 0.63, 0.39, 0.48, 0.41, 0.54, 0.05, 0.28, 1.00, 1.00, 0.53, 0.41, 0.56, 0.60, 1.00, 1.00]
Event Rate: [0.96, 0.35, 0.27, 0.33, 0.55, 0.63, 0.39, 0.48, 0.41, 0.54, 0.05, 0.28, 1.00, 1.00, 0.53, 0.41, 0.56, 0.60, 1.00, 1.00]
Event Rate: [0.96, 0.35, 0.27, 0.33, 0.55, 0.64, 0.40, 0.48, 0.41, 0.54, 0.05, 0.28, 1.00, 1.00, 0.53, 0.41, 0.56, 0.60, 1.00, 1.00]
Event Rate: [0.96, 0.35, 0.27, 0.33, 0.55, 0.64, 0.40, 0.48, 0.41, 0.54, 0.05, 0.28, 1.00, 1.00, 0.53, 0.41, 0.56, 0.60, 1.00, 1.00]
Event Rate: [0.96, 0.35, 0.27, 0.33, 0.55, 0.64, 0.40, 0.49, 0.41, 0.54, 0.05, 0.28, 1.00, 1.00, 0.53, 0.42, 0.57, 0.60, 1.00, 1.00]
Event Rate: [0.96, 0.35, 0.27, 0.33, 0.56, 0.64, 0.40, 0.48, 0.41, 0.54, 0.05, 0.28, 1.00, 1.00, 0.53, 0.42, 0.57, 0.60, 1.00, 1.00]
Event Rate: [0.96, 0.36, 0.27, 0.34, 0.56, 0.64, 0.40, 0.49, 0.41, 0.54, 0.05, 0.28, 1.00, 1.00, 0.54, 0.42, 0.57, 0.61, 1.00, 1.00]
Event Rate: [0.96, 0.34, 0.26, 0.32, 0.55, 0.64, 0.40, 0.48, 0.41, 0.54, 0.05, 0.28, 1.00, 1.00, 0.53, 0.42, 0.56, 0.60, 1.00, 1.00]
Event Rate: [0.95, 0.36, 0.28, 0.34, 0.56, 0.65, 0.41, 0.49, 0.41, 0.54, 0.05, 0.28, 1.00, 1.00, 0.53, 0.42, 0.57, 0.61, 1.00, 1.00]
Event Rate: [0.96, 0.35, 0.27, 0.34, 0.56, 0.64, 0.40, 0.49, 0.41, 0.54, 0.05, 0.28, 1.00, 1.00, 0.53, 0.42, 0.57, 0.61, 1.00, 1.00]
Event Rate: [0.96, 0.36, 0.28, 0.34, 0.56, 0.65, 0.40, 0.49, 0.41, 0.54, 0.05, 0.28, 1.00, 1.00, 0.54, 0.42, 0.57, 0.61, 1.00, 1.00]
Event Rate: [0.96, 0.35, 0.27, 0.34, 0.56, 0.64, 0.40, 0.48, 0.41, 0.54, 0.05, 0.28, 1.00, 1.00, 0.53, 0.42, 0.57, 0.61, 1.00, 1.00]
Event Rate: [0.96, 0.35, 0.27, 0.33, 0.55, 0.64, 0.40, 0.48, 0.41, 0.54, 0.05, 0.28, 1.00, 1.00, 0.53, 0.42, 0.56, 0.60, 1.00, 1.00]
Event Rate: [0.96, 0.36, 0.28, 0.34, 0.56, 0.65, 0.41, 0.49, 0.41, 0.54, 0.05, 0.28, 1.00, 1.00, 0.53, 0.42, 0.57, 0.61, 1.00, 1.00]
Event Rate: [0.96, 0.35, 0.27, 0.33, 0.55, 0.63, 0.39, 0.48, 0.41, 0.54, 0.05, 0.28, 1.00, 1.00, 0.53, 0.42, 0.56, 0.60, 1.00, 1.00]
Event Rate: [0.95, 0.35, 0.27, 0.33, 0.55, 0.63, 0.39, 0.48, 0.41, 0.53, 0.05, 0.28, 1.00, 1.00, 0.52, 0.42, 0.56, 0.60, 1.00, 1.00]
Event Rate: [0.96, 0.36, 0.27, 0.34, 0.55, 0.63, 0.40, 0.48, 0.41, 0.54, 0.05, 0.28, 1.00, 1.00, 0.54, 0.42, 0.56, 0.60, 1.00, 1.00]
Event Rate: [0.96, 0.35, 0.27, 0.33, 0.55, 0.64, 0.40, 0.48, 0.41, 0.54, 0.05, 0.28, 1.00, 1.00, 0.53, 0.42, 0.56, 0.60, 1.00, 1.00]
Event Rate: [0.96, 0.35, 0.27, 0.33, 0.55, 0.64, 0.40, 0.48, 0.41, 0.54, 0.05, 0.28, 1.00, 1.00, 0.53, 0.42, 0.56, 0.60, 1.00, 1.00]
Event Rate: [0.96, 0.36, 0.28, 0.34, 0.57, 0.65, 0.41, 0.49, 0.41, 0.54, 0.05, 0.28, 1.00, 1.00, 0.54, 0.42, 0.57, 0.61, 1.00, 1.00]
Event Rate: [0.96, 0.35, 0.27, 0.33, 0.56, 0.64, 0.40, 0.49, 0.41, 0.54, 0.05, 0.28, 1.00, 1.00, 0.53, 0.42, 0.57, 0.60, 1.00, 1.00]
Event Rate: [0.96, 0.35, 0.27, 0.33, 0.56, 0.64, 0.40, 0.48, 0.41, 0.54, 0.05, 0.28, 1.00, 1.00, 0.53, 0.42, 0.57, 0.60, 1.00, 1.00]
Event Rate: [0.96, 0.35, 0.26, 0.32, 0.54, 0.63, 0.39, 0.48, 0.41, 0.54, 0.05, 0.28, 1.00, 1.00, 0.53, 0.42, 0.56, 0.59, 1.00, 1.00]
Event Rate: [0.96, 0.36, 0.28, 0.34, 0.57, 0.65, 0.41, 0.49, 0.41, 0.54, 0.05, 0.28, 1.00, 1.00, 0.54, 0.43, 0.57, 0.61, 1.00, 1.00]
Event Rate: [0.96, 0.35, 0.27, 0.34, 0.56, 0.64, 0.41, 0.49, 0.41, 0.54, 0.05, 0.28, 1.00, 1.00, 0.53, 0.42, 0.57, 0.60, 1.00, 1.00]
Event Rate: [0.96, 0.35, 0.27, 0.33, 0.56, 0.64, 0.40, 0.49, 0.41, 0.54, 0.05, 0.28, 1.00, 1.00, 0.54, 0.43, 0.57, 0.60, 1.00, 1.00]
Event Rate: [0.96, 0.35, 0.27, 0.34, 0.56, 0.64, 0.40, 0.49, 0.41, 0.54, 0.05, 0.28, 1.00, 1.00, 0.53, 0.43, 0.57, 0.60, 1.00, 1.00]
Event Rate: [0.96, 0.36, 0.28, 0.34, 0.56, 0.64, 0.41, 0.49, 0.41, 0.54, 0.05, 0.28, 1.00, 1.00, 0.53, 0.42, 0.57, 0.60, 1.00, 1.00]
Event Rate: [0.95, 0.35, 0.27, 0.33, 0.56, 0.64, 0.40, 0.48, 0.41, 0.54, 0.05, 0.28, 1.00, 1.00, 0.53, 0.42, 0.57, 0.60, 1.00, 1.00]
Event Rate: [0.96, 0.35, 0.27, 0.34, 0.56, 0.64, 0.40, 0.49, 0.41, 0.54, 0.05, 0.28, 1.00, 1.00, 0.54, 0.43, 0.57, 0.61, 1.00, 1.00]
Event Rate: [0.96, 0.35, 0.28, 0.34, 0.56, 0.64, 0.41, 0.48, 0.41, 0.54, 0.05, 0.28, 1.00, 1.00, 0.53, 0.43, 0.57, 0.60, 1.00, 1.00]
Event Rate: [0.96, 0.36, 0.28, 0.34, 0.56, 0.64, 0.40, 0.48, 0.41, 0.55, 0.05, 0.28, 1.00, 1.00, 0.54, 0.43, 0.56, 0.60, 1.00, 1.00]
Event Rate: [0.96, 0.36, 0.28, 0.34, 0.57, 0.65, 0.41, 0.49, 0.41, 0.55, 0.05, 0.28, 1.00, 1.00, 0.54, 0.43, 0.58, 0.61, 1.00, 1.00]
Event Rate: [0.96, 0.35, 0.27, 0.34, 0.56, 0.65, 0.41, 0.49, 0.41, 0.55, 0.05, 0.28, 1.00, 1.00, 0.54, 0.43, 0.57, 0.61, 1.00, 1.00]
Event Rate: [0.96, 0.35, 0.28, 0.34, 0.56, 0.64, 0.41, 0.48, 0.41, 0.54, 0.05, 0.28, 1.00, 1.00, 0.54, 0.43, 0.57, 0.61, 1.00, 1.00]
Event Rate: [0.96, 0.35, 0.28, 0.34, 0.56, 0.65, 0.41, 0.48, 0.41, 0.54, 0.05, 0.28, 1.00, 1.00, 0.54, 0.42, 0.57, 0.60, 1.00, 1.00]
Event Rate: [0.96, 0.35, 0.28, 0.34, 0.56, 0.64, 0.41, 0.48, 0.41, 0.54, 0.05, 0.28, 1.00, 1.00, 0.54, 0.43, 0.57, 0.60, 1.00, 1.00]
Event Rate: [0.96, 0.35, 0.28, 0.34, 0.56, 0.64, 0.40, 0.48, 0.41, 0.54, 0.05, 0.28, 1.00, 1.00, 0.53, 0.42, 0.57, 0.60, 1.00, 1.00]
Event Rate: [0.96, 0.35, 0.28, 0.34, 0.56, 0.64, 0.41, 0.49, 0.41, 0.55, 0.05, 0.28, 1.00, 1.00, 0.54, 0.43, 0.57, 0.61, 1.00, 1.00]
Event Rate: [0.96, 0.36, 0.28, 0.34, 0.57, 0.65, 0.41, 0.49, 0.41, 0.55, 0.05, 0.28, 1.00, 1.00, 0.54, 0.43, 0.57, 0.61, 1.00, 1.00]
Event Rate: [0.96, 0.35, 0.28, 0.34, 0.56, 0.64, 0.41, 0.49, 0.42, 0.55, 0.05, 0.28, 1.00, 1.00, 0.54, 0.43, 0.57, 0.61, 1.00, 1.00]
Event Rate: [0.95, 0.36, 0.28, 0.35, 0.57, 0.64, 0.41, 0.48, 0.41, 0.54, 0.05, 0.28, 1.00, 1.00, 0.54, 0.43, 0.57, 0.61, 1.00, 1.00]
Event Rate: [0.96, 0.35, 0.27, 0.34, 0.56, 0.64, 0.41, 0.48, 0.41, 0.54, 0.05, 0.28, 1.00, 1.00, 0.54, 0.43, 0.57, 0.61, 1.00, 1.00]
Event Rate: [0.96, 0.36, 0.28, 0.34, 0.56, 0.64, 0.40, 0.48, 0.41, 0.54, 0.05, 0.28, 1.00, 1.00, 0.54, 0.43, 0.57, 0.60, 1.00, 1.00]
Event Rate: [0.96, 0.35, 0.27, 0.34, 0.56, 0.64, 0.40, 0.48, 0.41, 0.54, 0.05, 0.28, 1.00, 1.00, 0.53, 0.42, 0.57, 0.60, 1.00, 1.00]
Event Rate: [0.96, 0.34, 0.27, 0.33, 0.55, 0.64, 0.40, 0.48, 0.41, 0.54, 0.05, 0.28, 1.00, 1.00, 0.53, 0.42, 0.57, 0.60, 1.00, 1.00]
Event Rate: [0.96, 0.35, 0.27, 0.34, 0.56, 0.64, 0.40, 0.48, 0.41, 0.54, 0.05, 0.28, 1.00, 1.00, 0.53, 0.42, 0.57, 0.60, 1.00, 1.00]
Event Rate: [0.96, 0.36, 0.28, 0.34, 0.56, 0.64, 0.40, 0.48, 0.41, 0.54, 0.05, 0.28, 1.00, 1.00, 0.54, 0.43, 0.57, 0.60, 1.00, 1.00]
Event Rate: [0.96, 0.35, 0.28, 0.34, 0.56, 0.64, 0.40, 0.48, 0.41, 0.54, 0.05, 0.28, 1.00, 1.00, 0.53, 0.42, 0.57, 0.60, 1.00, 1.00]
Event Rate: [0.96, 0.36, 0.28, 0.34, 0.56, 0.64, 0.40, 0.48, 0.41, 0.54, 0.05, 0.29, 1.00, 1.00, 0.54, 0.42, 0.57, 0.60, 1.00, 1.00]
Event Rate: [0.96, 0.35, 0.27, 0.33, 0.55, 0.64, 0.40, 0.48, 0.41, 0.54, 0.05, 0.28, 1.00, 1.00, 0.54, 0.42, 0.56, 0.60, 1.00, 1.00]
Event Rate: [0.96, 0.35, 0.27, 0.33, 0.56, 0.64, 0.40, 0.48, 0.41, 0.54, 0.05, 0.28, 1.00, 1.00, 0.54, 0.42, 0.57, 0.60, 1.00, 1.00]
Event Rate: [0.96, 0.35, 0.27, 0.33, 0.56, 0.64, 0.40, 0.48, 0.41, 0.54, 0.05, 0.28, 1.00, 1.00, 0.54, 0.42, 0.56, 0.60, 1.00, 1.00]
Event Rate: [0.96, 0.35, 0.27, 0.33, 0.56, 0.64, 0.40, 0.48, 0.41, 0.54, 0.05, 0.28, 1.00, 1.00, 0.53, 0.42, 0.57, 0.60, 1.00, 1.00]
Event Rate: [0.95, 0.35, 0.27, 0.32, 0.55, 0.63, 0.39, 0.48, 0.41, 0.54, 0.05, 0.28, 1.00, 1.00, 0.53, 0.42, 0.56, 0.60, 1.00, 1.00]
Event Rate: [0.96, 0.35, 0.27, 0.33, 0.56, 0.64, 0.40, 0.48, 0.41, 0.54, 0.05, 0.28, 1.00, 1.00, 0.53, 0.42, 0.57, 0.61, 1.00, 1.00]
Event Rate: [0.95, 0.35, 0.27, 0.33, 0.55, 0.64, 0.40, 0.48, 0.41, 0.54, 0.05, 0.28, 1.00, 1.00, 0.54, 0.42, 0.57, 0.60, 1.00, 1.00]
Event Rate: [0.96, 0.35, 0.27, 0.33, 0.56, 0.64, 0.40, 0.48, 0.41, 0.54, 0.05, 0.29, 1.00, 1.00, 0.54, 0.42, 0.57, 0.60, 1.00, 1.00]
Event Rate: [0.95, 0.35, 0.27, 0.33, 0.55, 0.63, 0.39, 0.48, 0.40, 0.54, 0.05, 0.28, 1.00, 1.00, 0.53, 0.41, 0.56, 0.60, 1.00, 1.00]
Event Rate: [0.96, 0.35, 0.27, 0.33, 0.55, 0.64, 0.40, 0.48, 0.41, 0.54, 0.05, 0.28, 1.00, 1.00, 0.53, 0.41, 0.56, 0.60, 1.00, 1.00]
Event Rate: [0.96, 0.35, 0.27, 0.33, 0.56, 0.64, 0.40, 0.48, 0.41, 0.54, 0.05, 0.29, 1.00, 1.00, 0.54, 0.42, 0.57, 0.60, 1.00, 1.00]
Event Rate: [0.96, 0.37, 0.28, 0.35, 0.57, 0.65, 0.41, 0.49, 0.41, 0.55, 0.05, 0.29, 1.00, 1.00, 0.54, 0.43, 0.58, 0.61, 1.00, 1.00]
Event Rate: [0.96, 0.35, 0.27, 0.33, 0.55, 0.64, 0.40, 0.48, 0.41, 0.55, 0.05, 0.29, 1.00, 1.00, 0.54, 0.42, 0.56, 0.60, 1.00, 1.00]
Event Rate: [0.96, 0.36, 0.28, 0.34, 0.56, 0.64, 0.40, 0.48, 0.40, 0.54, 0.05, 0.28, 1.00, 1.00, 0.53, 0.42, 0.57, 0.60, 1.00, 1.00]
Event Rate: [0.96, 0.35, 0.28, 0.34, 0.56, 0.64, 0.40, 0.48, 0.41, 0.54, 0.05, 0.28, 1.00, 1.00, 0.53, 0.42, 0.56, 0.60, 1.00, 1.00]
Event Rate: [0.96, 0.36, 0.28, 0.34, 0.56, 0.64, 0.40, 0.48, 0.40, 0.54, 0.05, 0.28, 1.00, 1.00, 0.54, 0.42, 0.57, 0.60, 1.00, 1.00]
Event Rate: [0.96, 0.35, 0.27, 0.33, 0.55, 0.63, 0.39, 0.48, 0.40, 0.54, 0.05, 0.28, 1.00, 1.00, 0.53, 0.41, 0.56, 0.60, 1.00, 1.00]
Event Rate: [0.96, 0.36, 0.28, 0.34, 0.56, 0.64, 0.40, 0.48, 0.41, 0.54, 0.05, 0.28, 1.00, 1.00, 0.54, 0.42, 0.57, 0.60, 1.00, 1.00]
Event Rate: [0.95, 0.36, 0.28, 0.34, 0.56, 0.64, 0.40, 0.48, 0.40, 0.54, 0.05, 0.28, 1.00, 1.00, 0.53, 0.42, 0.57, 0.60, 1.00, 1.00]
Event Rate: [0.96, 0.36, 0.28, 0.34, 0.56, 0.65, 0.40, 0.48, 0.41, 0.54, 0.05, 0.28, 1.00, 1.00, 0.53, 0.42, 0.57, 0.60, 1.00, 1.00]
Event Rate: [0.96, 0.36, 0.28, 0.34, 0.57, 0.65, 0.41, 0.49, 0.41, 0.54, 0.05, 0.28, 1.00, 1.00, 0.53, 0.42, 0.57, 0.61, 1.00, 1.00]
Event Rate: [0.96, 0.36, 0.29, 0.35, 0.57, 0.65, 0.41, 0.49, 0.41, 0.55, 0.05, 0.28, 1.00, 1.00, 0.54, 0.42, 0.57, 0.61, 1.00, 1.00]
Event Rate: [0.96, 0.36, 0.28, 0.34, 0.57, 0.65, 0.41, 0.49, 0.41, 0.55, 0.05, 0.29, 1.00, 1.00, 0.54, 0.42, 0.57, 0.61, 1.00, 1.00]
Event Rate: [0.96, 0.34, 0.27, 0.33, 0.55, 0.64, 0.40, 0.48, 0.41, 0.55, 0.05, 0.28, 1.00, 1.00, 0.53, 0.41, 0.56, 0.60, 1.00, 1.00]
Event Rate: [0.96, 0.34, 0.27, 0.33, 0.55, 0.64, 0.40, 0.48, 0.41, 0.55, 0.05, 0.28, 1.00, 1.00, 0.53, 0.42, 0.56, 0.60, 1.00, 1.00]
Event Rate: [0.96, 0.35, 0.27, 0.33, 0.55, 0.64, 0.40, 0.48, 0.41, 0.55, 0.05, 0.28, 1.00, 1.00, 0.53, 0.42, 0.56, 0.60, 1.00, 1.00]
Event Rate: [0.96, 0.36, 0.28, 0.34, 0.57, 0.65, 0.41, 0.49, 0.41, 0.55, 0.05, 0.29, 1.00, 1.00, 0.54, 0.42, 0.57, 0.61, 1.00, 1.00]
Event Rate: [0.96, 0.34, 0.27, 0.33, 0.55, 0.64, 0.40, 0.49, 0.41, 0.56, 0.05, 0.29, 1.00, 1.00, 0.54, 0.42, 0.56, 0.60, 1.00, 1.00]
Event Rate: [0.96, 0.36, 0.28, 0.34, 0.56, 0.65, 0.41, 0.49, 0.41, 0.55, 0.05, 0.29, 1.00, 1.00, 0.53, 0.42, 0.57, 0.60, 1.00, 1.00]
Event Rate: [0.96, 0.35, 0.27, 0.33, 0.55, 0.64, 0.40, 0.48, 0.41, 0.55, 0.05, 0.29, 1.00, 1.00, 0.53, 0.42, 0.56, 0.60, 1.00, 1.00]
Event Rate: [0.96, 0.37, 0.29, 0.35, 0.57, 0.66, 0.41, 0.49, 0.41, 0.55, 0.05, 0.29, 1.00, 1.00, 0.54, 0.43, 0.58, 0.61, 1.00, 1.00]
Event Rate: [0.96, 0.35, 0.26, 0.32, 0.55, 0.64, 0.39, 0.48, 0.41, 0.55, 0.05, 0.29, 1.00, 1.00, 0.53, 0.42, 0.56, 0.59, 1.00, 1.00]
Event Rate: [0.96, 0.36, 0.27, 0.33, 0.56, 0.65, 0.40, 0.49, 0.41, 0.55, 0.05, 0.29, 1.00, 1.00, 0.54, 0.43, 0.57, 0.60, 1.00, 1.00]
Event Rate: [0.96, 0.36, 0.27, 0.33, 0.56, 0.65, 0.40, 0.49, 0.41, 0.55, 0.05, 0.29, 1.00, 1.00, 0.53, 0.43, 0.57, 0.60, 1.00, 1.00]
Event Rate: [0.96, 0.36, 0.28, 0.34, 0.56, 0.64, 0.40, 0.48, 0.41, 0.55, 0.05, 0.28, 1.00, 1.00, 0.53, 0.42, 0.57, 0.60, 1.00, 1.00]
Event Rate: [0.96, 0.36, 0.28, 0.34, 0.57, 0.65, 0.41, 0.49, 0.42, 0.56, 0.05, 0.29, 1.00, 1.00, 0.54, 0.42, 0.57, 0.61, 1.00, 1.00]
Event Rate: [0.96, 0.36, 0.28, 0.34, 0.57, 0.65, 0.41, 0.49, 0.42, 0.56, 0.05, 0.29, 1.00, 1.00, 0.54, 0.42, 0.57, 0.60, 1.00, 1.00]
Event Rate: [0.95, 0.36, 0.27, 0.33, 0.56, 0.64, 0.40, 0.49, 0.42, 0.56, 0.05, 0.28, 1.00, 1.00, 0.53, 0.42, 0.57, 0.60, 1.00, 1.00]
Event Rate: [0.96, 0.35, 0.27, 0.33, 0.55, 0.63, 0.39, 0.48, 0.41, 0.56, 0.05, 0.29, 1.00, 1.00, 0.52, 0.42, 0.56, 0.59, 1.00, 1.00]
Event Rate: [0.96, 0.36, 0.28, 0.34, 0.56, 0.64, 0.40, 0.48, 0.41, 0.56, 0.05, 0.29, 1.00, 1.00, 0.53, 0.42, 0.56, 0.60, 1.00, 1.00]
Event Rate: [0.96, 0.36, 0.28, 0.35, 0.57, 0.65, 0.41, 0.49, 0.42, 0.56, 0.05, 0.29, 1.00, 1.00, 0.53, 0.43, 0.57, 0.60, 1.00, 1.00]
Event Rate: [0.96, 0.35, 0.27, 0.34, 0.56, 0.64, 0.40, 0.48, 0.41, 0.56, 0.05, 0.29, 1.00, 1.00, 0.53, 0.42, 0.56, 0.59, 1.00, 1.00]
Event Rate: [0.96, 0.36, 0.27, 0.33, 0.56, 0.64, 0.40, 0.49, 0.42, 0.57, 0.05, 0.29, 1.00, 1.00, 0.53, 0.42, 0.57, 0.60, 1.00, 1.00]
Event Rate: [0.95, 0.35, 0.27, 0.33, 0.56, 0.64, 0.40, 0.49, 0.42, 0.56, 0.05, 0.29, 1.00, 1.00, 0.53, 0.42, 0.57, 0.59, 1.00, 1.00]
Event Rate: [0.96, 0.35, 0.27, 0.33, 0.56, 0.64, 0.40, 0.48, 0.42, 0.56, 0.05, 0.29, 1.00, 1.00, 0.53, 0.42, 0.57, 0.59, 1.00, 1.00]
Event Rate: [0.96, 0.36, 0.27, 0.34, 0.57, 0.65, 0.40, 0.49, 0.42, 0.56, 0.05, 0.29, 1.00, 1.00, 0.54, 0.42, 0.57, 0.60, 1.00, 1.00]
Event Rate: [0.96, 0.35, 0.27, 0.33, 0.55, 0.64, 0.40, 0.48, 0.41, 0.56, 0.05, 0.29, 1.00, 1.00, 0.53, 0.42, 0.56, 0.59, 1.00, 1.00]
Event Rate: [0.96, 0.36, 0.28, 0.34, 0.56, 0.64, 0.40, 0.49, 0.42, 0.57, 0.05, 0.29, 1.00, 1.00, 0.54, 0.42, 0.57, 0.60, 1.00, 1.00]
Event Rate: [0.96, 0.36, 0.28, 0.35, 0.57, 0.65, 0.41, 0.49, 0.42, 0.57, 0.05, 0.29, 1.00, 1.00, 0.54, 0.43, 0.57, 0.61, 1.00, 1.00]
Event Rate: [0.96, 0.36, 0.28, 0.34, 0.57, 0.65, 0.41, 0.49, 0.42, 0.56, 0.05, 0.29, 1.00, 1.00, 0.54, 0.42, 0.57, 0.60, 1.00, 1.00]
Event Rate: [0.96, 0.35, 0.28, 0.34, 0.56, 0.64, 0.40, 0.49, 0.42, 0.56, 0.05, 0.29, 1.00, 1.00, 0.54, 0.42, 0.57, 0.60, 1.00, 1.00]
Event Rate: [0.96, 0.36, 0.28, 0.34, 0.57, 0.65, 0.41, 0.49, 0.42, 0.56, 0.05, 0.29, 1.00, 1.00, 0.54, 0.42, 0.58, 0.60, 1.00, 1.00]
Event Rate: [0.96, 0.35, 0.28, 0.34, 0.57, 0.65, 0.41, 0.49, 0.42, 0.56, 0.05, 0.29, 1.00, 1.00, 0.54, 0.43, 0.57, 0.60, 1.00, 1.00]
Event Rate: [0.96, 0.34, 0.27, 0.33, 0.56, 0.64, 0.40, 0.48, 0.41, 0.55, 0.05, 0.29, 1.00, 1.00, 0.53, 0.42, 0.57, 0.59, 1.00, 1.00]
Event Rate: [0.96, 0.36, 0.28, 0.35, 0.57, 0.64, 0.41, 0.49, 0.42, 0.56, 0.05, 0.29, 1.00, 1.00, 0.54, 0.42, 0.57, 0.60, 1.00, 1.00]
Event Rate: [0.96, 0.35, 0.28, 0.34, 0.56, 0.64, 0.40, 0.48, 0.41, 0.56, 0.05, 0.29, 1.00, 1.00, 0.53, 0.42, 0.57, 0.60, 1.00, 1.00]
Event Rate: [0.96, 0.35, 0.27, 0.33, 0.56, 0.64, 0.40, 0.48, 0.41, 0.55, 0.05, 0.29, 1.00, 1.00, 0.52, 0.41, 0.56, 0.59, 1.00, 1.00]
Event Rate: [0.96, 0.35, 0.28, 0.34, 0.57, 0.65, 0.41, 0.48, 0.41, 0.55, 0.05, 0.29, 1.00, 1.00, 0.53, 0.42, 0.57, 0.60, 1.00, 1.00]
Event Rate: [0.96, 0.35, 0.28, 0.34, 0.57, 0.65, 0.41, 0.49, 0.41, 0.55, 0.05, 0.29, 1.00, 1.00, 0.54, 0.42, 0.57, 0.60, 1.00, 1.00]
Event Rate: [0.95, 0.36, 0.28, 0.34, 0.57, 0.65, 0.41, 0.49, 0.41, 0.55, 0.05, 0.29, 1.00, 1.00, 0.53, 0.42, 0.57, 0.60, 1.00, 1.00]
Event Rate: [0.96, 0.36, 0.27, 0.33, 0.56, 0.65, 0.40, 0.48, 0.41, 0.54, 0.05, 0.29, 1.00, 1.00, 0.53, 0.41, 0.57, 0.60, 1.00, 1.00]
Event Rate: [0.95, 0.36, 0.27, 0.33, 0.56, 0.65, 0.40, 0.48, 0.41, 0.54, 0.05, 0.29, 1.00, 1.00, 0.53, 0.41, 0.57, 0.60, 1.00, 1.00]
Event Rate: [0.96, 0.36, 0.27, 0.34, 0.56, 0.64, 0.40, 0.48, 0.41, 0.54, 0.05, 0.29, 1.00, 1.00, 0.53, 0.41, 0.57, 0.59, 1.00, 1.00]
Event Rate: [0.96, 0.35, 0.27, 0.34, 0.56, 0.65, 0.40, 0.48, 0.41, 0.54, 0.05, 0.29, 1.00, 1.00, 0.53, 0.41, 0.57, 0.60, 1.00, 1.00]
Event Rate: [0.96, 0.35, 0.27, 0.34, 0.56, 0.64, 0.40, 0.48, 0.40, 0.54, 0.05, 0.29, 1.00, 1.00, 0.53, 0.41, 0.56, 0.59, 1.00, 1.00]
Event Rate: [0.96, 0.35, 0.28, 0.34, 0.56, 0.64, 0.40, 0.48, 0.41, 0.54, 0.05, 0.29, 1.00, 1.00, 0.53, 0.41, 0.56, 0.60, 1.00, 1.00]
Event Rate: [0.96, 0.35, 0.27, 0.34, 0.56, 0.64, 0.40, 0.48, 0.41, 0.54, 0.05, 0.29, 1.00, 1.00, 0.53, 0.40, 0.57, 0.60, 1.00, 1.00]
Event Rate: [0.96, 0.34, 0.27, 0.33, 0.55, 0.64, 0.40, 0.48, 0.40, 0.54, 0.05, 0.29, 1.00, 1.00, 0.52, 0.40, 0.56, 0.59, 1.00, 1.00]
Event Rate: [0.96, 0.35, 0.28, 0.35, 0.56, 0.64, 0.41, 0.48, 0.41, 0.54, 0.05, 0.29, 1.00, 1.00, 0.53, 0.41, 0.57, 0.60, 1.00, 1.00]
Event Rate: [0.96, 0.36, 0.28, 0.34, 0.57, 0.65, 0.41, 0.48, 0.41, 0.55, 0.05, 0.29, 1.00, 1.00, 0.53, 0.41, 0.57, 0.60, 1.00, 1.00]
Event Rate: [0.96, 0.36, 0.28, 0.34, 0.56, 0.65, 0.41, 0.48, 0.41, 0.55, 0.05, 0.29, 1.00, 1.00, 0.53, 0.41, 0.57, 0.60, 1.00, 1.00]
Event Rate: [0.95, 0.35, 0.28, 0.34, 0.56, 0.65, 0.41, 0.48, 0.41, 0.55, 0.05, 0.29, 1.00, 1.00, 0.54, 0.41, 0.57, 0.60, 1.00, 1.00]
Event Rate: [0.96, 0.34, 0.26, 0.33, 0.54, 0.63, 0.39, 0.47, 0.40, 0.54, 0.05, 0.29, 1.00, 1.00, 0.52, 0.40, 0.55, 0.59, 1.00, 1.00]
Event Rate: [0.96, 0.35, 0.27, 0.33, 0.55, 0.64, 0.40, 0.48, 0.41, 0.54, 0.05, 0.29, 1.00, 1.00, 0.52, 0.40, 0.56, 0.60, 1.00, 1.00]
Event Rate: [0.96, 0.36, 0.28, 0.35, 0.56, 0.64, 0.41, 0.48, 0.41, 0.54, 0.05, 0.29, 1.00, 1.00, 0.53, 0.41, 0.57, 0.60, 1.00, 1.00]
Event Rate: [0.96, 0.36, 0.28, 0.35, 0.57, 0.65, 0.41, 0.48, 0.41, 0.54, 0.05, 0.29, 1.00, 1.00, 0.54, 0.41, 0.58, 0.60, 1.00, 1.00]
Event Rate: [0.96, 0.35, 0.28, 0.34, 0.56, 0.64, 0.40, 0.47, 0.40, 0.54, 0.05, 0.29, 1.00, 1.00, 0.53, 0.41, 0.57, 0.60, 1.00, 1.00]
Event Rate: [0.95, 0.35, 0.27, 0.34, 0.56, 0.64, 0.40, 0.48, 0.41, 0.54, 0.05, 0.29, 1.00, 1.00, 0.53, 0.41, 0.56, 0.59, 1.00, 1.00]
Event Rate: [0.96, 0.35, 0.27, 0.34, 0.56, 0.64, 0.40, 0.48, 0.41, 0.54, 0.05, 0.29, 1.00, 1.00, 0.53, 0.40, 0.56, 0.60, 1.00, 1.00]
Event Rate: [0.96, 0.35, 0.27, 0.34, 0.56, 0.64, 0.40, 0.48, 0.41, 0.54, 0.05, 0.29, 1.00, 1.00, 0.53, 0.41, 0.56, 0.60, 1.00, 1.00]
Event Rate: [0.96, 0.36, 0.28, 0.35, 0.57, 0.65, 0.41, 0.49, 0.41, 0.55, 0.05, 0.29, 1.00, 1.00, 0.54, 0.42, 0.57, 0.61, 1.00, 1.00]
Event Rate: [0.95, 0.35, 0.27, 0.34, 0.56, 0.64, 0.40, 0.48, 0.41, 0.54, 0.05, 0.29, 1.00, 1.00, 0.53, 0.41, 0.56, 0.60, 1.00, 1.00]
Event Rate: [0.96, 0.35, 0.28, 0.34, 0.57, 0.65, 0.41, 0.48, 0.41, 0.54, 0.05, 0.29, 1.00, 1.00, 0.53, 0.41, 0.57, 0.60, 1.00, 1.00]
Event Rate: [0.96, 0.35, 0.28, 0.34, 0.56, 0.64, 0.41, 0.48, 0.41, 0.54, 0.05, 0.29, 1.00, 1.00, 0.53, 0.41, 0.57, 0.60, 1.00, 1.00]
Event Rate: [0.96, 0.34, 0.26, 0.33, 0.55, 0.64, 0.40, 0.48, 0.41, 0.54, 0.05, 0.29, 1.00, 1.00, 0.52, 0.41, 0.56, 0.59, 1.00, 1.00]
Event Rate: [0.96, 0.35, 0.27, 0.34, 0.57, 0.64, 0.40, 0.48, 0.41, 0.54, 0.05, 0.29, 1.00, 1.00, 0.52, 0.40, 0.56, 0.60, 1.00, 1.00]
Event Rate: [0.96, 0.35, 0.28, 0.34, 0.57, 0.65, 0.40, 0.48, 0.41, 0.54, 0.05, 0.29, 1.00, 1.00, 0.52, 0.40, 0.57, 0.60, 1.00, 1.00]
Event Rate: [0.96, 0.35, 0.27, 0.34, 0.56, 0.64, 0.40, 0.48, 0.41, 0.54, 0.05, 0.29, 1.00, 1.00, 0.52, 0.40, 0.56, 0.60, 1.00, 1.00]
Event Rate: [0.96, 0.35, 0.28, 0.35, 0.57, 0.65, 0.41, 0.48, 0.41, 0.54, 0.05, 0.29, 1.00, 1.00, 0.53, 0.41, 0.57, 0.61, 1.00, 1.00]
Event Rate: [0.95, 0.35, 0.27, 0.34, 0.56, 0.65, 0.40, 0.48, 0.41, 0.54, 0.05, 0.29, 1.00, 1.00, 0.53, 0.41, 0.57, 0.60, 1.00, 1.00]
Event Rate: [0.96, 0.36, 0.28, 0.35, 0.57, 0.65, 0.41, 0.48, 0.41, 0.54, 0.05, 0.29, 1.00, 1.00, 0.53, 0.41, 0.57, 0.60, 1.00, 1.00]
Event Rate: [0.96, 0.35, 0.28, 0.34, 0.57, 0.65, 0.40, 0.48, 0.41, 0.54, 0.05, 0.29, 1.00, 1.00, 0.52, 0.40, 0.57, 0.60, 1.00, 1.00]
Event Rate: [0.96, 0.36, 0.28, 0.35, 0.57, 0.65, 0.40, 0.48, 0.41, 0.54, 0.05, 0.29, 1.00, 1.00, 0.52, 0.40, 0.57, 0.60, 1.00, 1.00]
Event Rate: [0.95, 0.35, 0.28, 0.34, 0.56, 0.64, 0.40, 0.48, 0.41, 0.54, 0.05, 0.29, 1.00, 1.00, 0.53, 0.40, 0.56, 0.60, 1.00, 1.00]
Event Rate: [0.96, 0.36, 0.29, 0.35, 0.58, 0.65, 0.41, 0.48, 0.41, 0.54, 0.05, 0.29, 1.00, 1.00, 0.53, 0.41, 0.57, 0.61, 1.00, 1.00]
Event Rate: [0.96, 0.35, 0.28, 0.34, 0.56, 0.64, 0.40, 0.48, 0.41, 0.54, 0.05, 0.29, 1.00, 1.00, 0.52, 0.40, 0.57, 0.60, 1.00, 1.00]
Event Rate: [0.96, 0.36, 0.28, 0.34, 0.57, 0.65, 0.40, 0.48, 0.41, 0.54, 0.05, 0.29, 1.00, 1.00, 0.53, 0.39, 0.57, 0.60, 1.00, 1.00]
Event Rate: [0.96, 0.36, 0.28, 0.35, 0.57, 0.65, 0.41, 0.48, 0.42, 0.54, 0.05, 0.29, 1.00, 1.00, 0.53, 0.40, 0.57, 0.61, 1.00, 1.00]
Event Rate: [0.96, 0.36, 0.28, 0.34, 0.56, 0.64, 0.40, 0.48, 0.41, 0.54, 0.05, 0.29, 1.00, 1.00, 0.52, 0.39, 0.57, 0.60, 1.00, 1.00]
Event Rate: [0.96, 0.35, 0.27, 0.33, 0.56, 0.64, 0.40, 0.48, 0.41, 0.54, 0.05, 0.30, 1.00, 1.00, 0.53, 0.40, 0.57, 0.59, 1.00, 1.00]
Event Rate: [0.96, 0.35, 0.27, 0.34, 0.56, 0.64, 0.40, 0.48, 0.42, 0.54, 0.05, 0.29, 1.00, 1.00, 0.53, 0.39, 0.57, 0.60, 1.00, 1.00]
Event Rate: [0.96, 0.36, 0.27, 0.34, 0.57, 0.65, 0.41, 0.48, 0.42, 0.54, 0.05, 0.30, 1.00, 1.00, 0.53, 0.40, 0.57, 0.60, 1.00, 1.00]
Event Rate: [0.96, 0.35, 0.27, 0.33, 0.56, 0.64, 0.40, 0.48, 0.42, 0.54, 0.05, 0.29, 1.00, 1.00, 0.53, 0.39, 0.57, 0.60, 1.00, 1.00]
Event Rate: [0.96, 0.35, 0.27, 0.34, 0.57, 0.65, 0.40, 0.49, 0.42, 0.54, 0.05, 0.30, 1.00, 1.00, 0.53, 0.39, 0.57, 0.60, 1.00, 1.00]
Event Rate: [0.96, 0.35, 0.27, 0.34, 0.57, 0.64, 0.40, 0.49, 0.42, 0.54, 0.05, 0.29, 1.00, 1.00, 0.53, 0.40, 0.57, 0.60, 1.00, 1.00]
Event Rate: [0.96, 0.35, 0.27, 0.34, 0.56, 0.65, 0.40, 0.49, 0.42, 0.54, 0.05, 0.29, 1.00, 1.00, 0.53, 0.40, 0.57, 0.60, 1.00, 1.00]
Event Rate: [0.95, 0.33, 0.26, 0.32, 0.55, 0.63, 0.39, 0.48, 0.42, 0.54, 0.05, 0.29, 1.00, 1.00, 0.52, 0.39, 0.56, 0.59, 1.00, 1.00]
Event Rate: [0.96, 0.36, 0.28, 0.34, 0.57, 0.65, 0.41, 0.49, 0.42, 0.54, 0.05, 0.29, 1.00, 1.00, 0.53, 0.40, 0.57, 0.60, 1.00, 1.00]
Event Rate: [0.96, 0.35, 0.27, 0.33, 0.56, 0.65, 0.40, 0.49, 0.42, 0.54, 0.05, 0.29, 1.00, 1.00, 0.52, 0.39, 0.57, 0.60, 1.00, 1.00]
Event Rate: [0.96, 0.34, 0.27, 0.33, 0.55, 0.64, 0.40, 0.49, 0.42, 0.54, 0.05, 0.29, 1.00, 1.00, 0.52, 0.39, 0.56, 0.59, 1.00, 1.00]
Event Rate: [0.96, 0.35, 0.27, 0.33, 0.56, 0.64, 0.40, 0.49, 0.43, 0.54, 0.05, 0.30, 1.00, 1.00, 0.52, 0.40, 0.57, 0.60, 1.00, 1.00]
Event Rate: [0.96, 0.35, 0.27, 0.33, 0.56, 0.65, 0.40, 0.49, 0.42, 0.54, 0.05, 0.29, 1.00, 1.00, 0.52, 0.40, 0.57, 0.60, 1.00, 1.00]
Event Rate: [0.96, 0.35, 0.28, 0.34, 0.56, 0.65, 0.40, 0.49, 0.42, 0.54, 0.05, 0.29, 1.00, 1.00, 0.52, 0.40, 0.57, 0.60, 1.00, 1.00]
Event Rate: [0.96, 0.36, 0.28, 0.34, 0.57, 0.65, 0.41, 0.49, 0.43, 0.54, 0.05, 0.29, 1.00, 1.00, 0.53, 0.40, 0.57, 0.60, 1.00, 1.00]
Event Rate: [0.96, 0.35, 0.27, 0.33, 0.56, 0.64, 0.40, 0.49, 0.43, 0.54, 0.05, 0.30, 1.00, 1.00, 0.52, 0.40, 0.57, 0.60, 1.00, 1.00]
Event Rate: [0.96, 0.34, 0.27, 0.33, 0.56, 0.64, 0.40, 0.49, 0.42, 0.54, 0.05, 0.29, 1.00, 1.00, 0.51, 0.39, 0.56, 0.59, 1.00, 1.00]
Event Rate: [0.96, 0.35, 0.28, 0.34, 0.56, 0.64, 0.40, 0.49, 0.42, 0.54, 0.05, 0.29, 1.00, 1.00, 0.52, 0.40, 0.56, 0.60, 1.00, 1.00]
Event Rate: [0.96, 0.35, 0.28, 0.34, 0.56, 0.64, 0.40, 0.49, 0.42, 0.54, 0.05, 0.29, 1.00, 1.00, 0.52, 0.40, 0.56, 0.60, 1.00, 1.00]
Event Rate: [0.96, 0.35, 0.27, 0.34, 0.56, 0.64, 0.39, 0.49, 0.42, 0.54, 0.05, 0.29, 1.00, 1.00, 0.52, 0.40, 0.56, 0.59, 1.00, 1.00]
Event Rate: [0.96, 0.35, 0.28, 0.35, 0.57, 0.64, 0.40, 0.49, 0.43, 0.54, 0.05, 0.29, 1.00, 1.00, 0.52, 0.41, 0.57, 0.60, 1.00, 1.00]
Event Rate: [0.96, 0.34, 0.27, 0.34, 0.56, 0.64, 0.40, 0.49, 0.42, 0.54, 0.05, 0.29, 1.00, 1.00, 0.52, 0.40, 0.56, 0.59, 1.00, 1.00]
Event Rate: [0.96, 0.35, 0.28, 0.34, 0.57, 0.64, 0.40, 0.49, 0.43, 0.54, 0.05, 0.29, 1.00, 1.00, 0.52, 0.40, 0.57, 0.60, 1.00, 1.00]
Event Rate: [0.96, 0.34, 0.27, 0.33, 0.56, 0.63, 0.39, 0.49, 0.42, 0.54, 0.05, 0.29, 1.00, 1.00, 0.51, 0.39, 0.55, 0.59, 1.00, 1.00]
Event Rate: [0.96, 0.35, 0.28, 0.34, 0.57, 0.65, 0.40, 0.49, 0.43, 0.54, 0.05, 0.29, 1.00, 1.00, 0.52, 0.41, 0.57, 0.60, 1.00, 1.00]
Event Rate: [0.96, 0.35, 0.27, 0.34, 0.56, 0.64, 0.40, 0.49, 0.42, 0.54, 0.05, 0.29, 1.00, 1.00, 0.52, 0.40, 0.56, 0.60, 1.00, 1.00]
Event Rate: [0.96, 0.36, 0.28, 0.35, 0.57, 0.65, 0.41, 0.49, 0.43, 0.54, 0.05, 0.29, 1.00, 1.00, 0.53, 0.41, 0.58, 0.61, 1.00, 1.00]
Event Rate: [0.96, 0.35, 0.27, 0.34, 0.57, 0.65, 0.40, 0.48, 0.42, 0.54, 0.05, 0.29, 1.00, 1.00, 0.52, 0.41, 0.57, 0.60, 1.00, 1.00]
Event Rate: [0.96, 0.35, 0.27, 0.34, 0.57, 0.65, 0.41, 0.49, 0.43, 0.54, 0.05, 0.29, 1.00, 1.00, 0.52, 0.41, 0.57, 0.60, 1.00, 1.00]
Event Rate: [0.96, 0.34, 0.27, 0.33, 0.55, 0.64, 0.40, 0.48, 0.43, 0.54, 0.05, 0.29, 1.00, 1.00, 0.52, 0.40, 0.56, 0.60, 1.00, 1.00]
Event Rate: [0.96, 0.34, 0.27, 0.34, 0.56, 0.64, 0.40, 0.48, 0.43, 0.54, 0.05, 0.29, 1.00, 1.00, 0.52, 0.40, 0.57, 0.60, 1.00, 1.00]
Event Rate: [0.95, 0.35, 0.28, 0.34, 0.57, 0.65, 0.40, 0.48, 0.43, 0.54, 0.05, 0.29, 1.00, 1.00, 0.52, 0.41, 0.57, 0.61, 1.00, 1.00]
Event Rate: [0.96, 0.35, 0.28, 0.35, 0.57, 0.65, 0.41, 0.48, 0.43, 0.54, 0.05, 0.29, 1.00, 1.00, 0.52, 0.41, 0.58, 0.61, 1.00, 1.00]
Event Rate: [0.96, 0.34, 0.27, 0.34, 0.56, 0.64, 0.40, 0.48, 0.43, 0.54, 0.05, 0.29, 1.00, 1.00, 0.52, 0.41, 0.57, 0.60, 1.00, 1.00]
Event Rate: [0.96, 0.36, 0.28, 0.35, 0.57, 0.65, 0.41, 0.48, 0.43, 0.55, 0.05, 0.29, 1.00, 1.00, 0.52, 0.41, 0.57, 0.61, 1.00, 1.00]
Event Rate: [0.96, 0.34, 0.27, 0.35, 0.56, 0.64, 0.40, 0.48, 0.43, 0.55, 0.05, 0.29, 1.00, 1.00, 0.52, 0.41, 0.57, 0.60, 1.00, 1.00]
Event Rate: [0.96, 0.36, 0.28, 0.35, 0.57, 0.65, 0.41, 0.49, 0.43, 0.55, 0.05, 0.29, 1.00, 1.00, 0.52, 0.41, 0.57, 0.61, 1.00, 1.00]
Event Rate: [0.96, 0.35, 0.28, 0.35, 0.57, 0.65, 0.41, 0.49, 0.43, 0.55, 0.05, 0.30, 1.00, 1.00, 0.52, 0.41, 0.58, 0.61, 1.00, 1.00]
Event Rate: [0.96, 0.35, 0.28, 0.35, 0.57, 0.65, 0.41, 0.48, 0.42, 0.54, 0.05, 0.30, 1.00, 1.00, 0.52, 0.40, 0.57, 0.60, 1.00, 1.00]
Event Rate: [0.95, 0.34, 0.27, 0.33, 0.56, 0.64, 0.40, 0.48, 0.42, 0.54, 0.05, 0.30, 1.00, 1.00, 0.52, 0.40, 0.56, 0.60, 0.99, 1.00]
Event Rate: [0.96, 0.36, 0.28, 0.35, 0.57, 0.65, 0.41, 0.48, 0.42, 0.55, 0.05, 0.30, 1.00, 1.00, 0.52, 0.40, 0.57, 0.60, 1.00, 1.00]
Event Rate: [0.96, 0.35, 0.27, 0.34, 0.57, 0.64, 0.40, 0.48, 0.42, 0.55, 0.05, 0.29, 1.00, 1.00, 0.52, 0.40, 0.57, 0.60, 1.00, 1.00]
Event Rate: [0.96, 0.35, 0.28, 0.35, 0.57, 0.65, 0.40, 0.48, 0.42, 0.55, 0.05, 0.30, 1.00, 1.00, 0.52, 0.41, 0.57, 0.60, 1.00, 1.00]
Event Rate: [0.96, 0.34, 0.27, 0.34, 0.56, 0.64, 0.39, 0.47, 0.42, 0.55, 0.05, 0.30, 1.00, 1.00, 0.52, 0.40, 0.56, 0.60, 1.00, 1.00]
Event Rate: [0.96, 0.36, 0.28, 0.35, 0.58, 0.65, 0.41, 0.48, 0.42, 0.55, 0.05, 0.29, 1.00, 1.00, 0.52, 0.40, 0.58, 0.61, 1.00, 1.00]
Event Rate: [0.96, 0.36, 0.28, 0.35, 0.58, 0.66, 0.41, 0.48, 0.42, 0.55, 0.05, 0.30, 1.00, 1.00, 0.52, 0.40, 0.58, 0.61, 1.00, 1.00]
Event Rate: [0.95, 0.34, 0.27, 0.33, 0.56, 0.64, 0.39, 0.47, 0.42, 0.54, 0.05, 0.29, 1.00, 1.00, 0.51, 0.39, 0.56, 0.60, 1.00, 1.00]
Event Rate: [0.96, 0.35, 0.27, 0.34, 0.57, 0.64, 0.40, 0.47, 0.42, 0.54, 0.05, 0.29, 1.00, 1.00, 0.52, 0.40, 0.57, 0.60, 1.00, 1.00]
Event Rate: [0.96, 0.35, 0.28, 0.35, 0.57, 0.65, 0.40, 0.47, 0.42, 0.55, 0.05, 0.30, 1.00, 1.00, 0.52, 0.40, 0.57, 0.60, 1.00, 1.00]
Event Rate: [0.96, 0.36, 0.28, 0.35, 0.58, 0.65, 0.40, 0.47, 0.42, 0.55, 0.05, 0.29, 1.00, 1.00, 0.52, 0.40, 0.57, 0.61, 1.00, 1.00]
Event Rate: [0.96, 0.35, 0.27, 0.34, 0.57, 0.65, 0.40, 0.47, 0.42, 0.54, 0.05, 0.29, 1.00, 1.00, 0.51, 0.40, 0.57, 0.60, 1.00, 1.00]
Event Rate: [0.96, 0.34, 0.26, 0.33, 0.56, 0.64, 0.39, 0.47, 0.42, 0.54, 0.05, 0.29, 1.00, 1.00, 0.51, 0.39, 0.56, 0.59, 1.00, 1.00]
Event Rate: [0.96, 0.35, 0.27, 0.34, 0.57, 0.65, 0.40, 0.47, 0.42, 0.54, 0.05, 0.29, 1.00, 1.00, 0.52, 0.41, 0.57, 0.60, 1.00, 1.00]
Event Rate: [0.96, 0.35, 0.27, 0.34, 0.57, 0.64, 0.40, 0.47, 0.42, 0.53, 0.05, 0.29, 1.00, 1.00, 0.52, 0.41, 0.57, 0.60, 1.00, 1.00]
Event Rate: [0.95, 0.35, 0.27, 0.34, 0.56, 0.64, 0.40, 0.47, 0.42, 0.54, 0.05, 0.29, 1.00, 1.00, 0.52, 0.40, 0.57, 0.60, 1.00, 1.00]
Event Rate: [0.96, 0.34, 0.27, 0.33, 0.56, 0.64, 0.39, 0.46, 0.42, 0.54, 0.05, 0.29, 1.00, 1.00, 0.51, 0.40, 0.57, 0.60, 1.00, 1.00]
Event Rate: [0.96, 0.35, 0.27, 0.34, 0.56, 0.65, 0.39, 0.47, 0.42, 0.54, 0.05, 0.29, 1.00, 1.00, 0.52, 0.40, 0.57, 0.60, 1.00, 1.00]
Event Rate: [0.96, 0.34, 0.27, 0.34, 0.56, 0.64, 0.39, 0.46, 0.42, 0.54, 0.05, 0.29, 1.00, 1.00, 0.51, 0.40, 0.57, 0.59, 1.00, 1.00]
Event Rate: [0.96, 0.35, 0.27, 0.34, 0.57, 0.65, 0.40, 0.47, 0.42, 0.54, 0.05, 0.29, 1.00, 1.00, 0.52, 0.41, 0.58, 0.60, 1.00, 1.00]
Event Rate: [0.96, 0.35, 0.27, 0.34, 0.56, 0.64, 0.39, 0.46, 0.42, 0.54, 0.05, 0.29, 1.00, 1.00, 0.52, 0.41, 0.57, 0.60, 1.00, 1.00]
Event Rate: [0.96, 0.34, 0.27, 0.34, 0.56, 0.64, 0.39, 0.46, 0.42, 0.54, 0.05, 0.29, 1.00, 1.00, 0.52, 0.41, 0.57, 0.60, 1.00, 1.00]
Event Rate: [0.96, 0.35, 0.27, 0.34, 0.56, 0.64, 0.39, 0.46, 0.42, 0.54, 0.05, 0.29, 1.00, 1.00, 0.52, 0.42, 0.57, 0.60, 1.00, 1.00]
Event Rate: [0.95, 0.34, 0.27, 0.34, 0.57, 0.64, 0.40, 0.47, 0.42, 0.54, 0.05, 0.29, 1.00, 1.00, 0.53, 0.41, 0.57, 0.60, 1.00, 1.00]
Event Rate: [0.96, 0.34, 0.27, 0.34, 0.56, 0.64, 0.39, 0.46, 0.42, 0.54, 0.05, 0.29, 1.00, 1.00, 0.52, 0.41, 0.57, 0.60, 1.00, 1.00]
Event Rate: [0.96, 0.35, 0.28, 0.35, 0.58, 0.65, 0.40, 0.47, 0.42, 0.55, 0.06, 0.30, 1.00, 1.00, 0.53, 0.42, 0.58, 0.61, 1.00, 1.00]
Event Rate: [0.96, 0.35, 0.28, 0.35, 0.58, 0.65, 0.40, 0.47, 0.42, 0.55, 0.05, 0.29, 1.00, 1.00, 0.53, 0.42, 0.58, 0.60, 1.00, 1.00]
Event Rate: [0.96, 0.35, 0.28, 0.35, 0.57, 0.65, 0.39, 0.46, 0.42, 0.54, 0.05, 0.29, 1.00, 1.00, 0.52, 0.42, 0.58, 0.60, 1.00, 1.00]
Event Rate: [0.96, 0.35, 0.27, 0.35, 0.57, 0.65, 0.39, 0.46, 0.42, 0.54, 0.05, 0.29, 1.00, 1.00, 0.52, 0.42, 0.57, 0.60, 1.00, 1.00]
Event Rate: [0.96, 0.35, 0.27, 0.35, 0.57, 0.65, 0.39, 0.46, 0.42, 0.54, 0.05, 0.29, 1.00, 1.00, 0.52, 0.42, 0.57, 0.60, 1.00, 1.00]
Event Rate: [0.96, 0.35, 0.27, 0.34, 0.57, 0.65, 0.39, 0.46, 0.42, 0.54, 0.05, 0.29, 1.00, 1.00, 0.52, 0.42, 0.57, 0.60, 1.00, 1.00]
Event Rate: [0.96, 0.35, 0.28, 0.35, 0.58, 0.65, 0.39, 0.46, 0.43, 0.55, 0.05, 0.30, 1.00, 1.00, 0.52, 0.42, 0.58, 0.60, 1.00, 1.00]
Event Rate: [0.95, 0.34, 0.27, 0.35, 0.57, 0.65, 0.38, 0.46, 0.43, 0.55, 0.05, 0.29, 1.00, 1.00, 0.52, 0.42, 0.57, 0.60, 1.00, 1.00]
Event Rate: [0.96, 0.35, 0.27, 0.35, 0.57, 0.65, 0.39, 0.46, 0.43, 0.55, 0.05, 0.30, 1.00, 1.00, 0.52, 0.42, 0.58, 0.60, 1.00, 1.00]
Event Rate: [0.96, 0.34, 0.27, 0.34, 0.56, 0.64, 0.38, 0.46, 0.43, 0.55, 0.05, 0.30, 1.00, 1.00, 0.52, 0.42, 0.57, 0.59, 1.00, 1.00]
Event Rate: [0.96, 0.34, 0.27, 0.35, 0.57, 0.64, 0.39, 0.47, 0.43, 0.55, 0.05, 0.30, 1.00, 1.00, 0.53, 0.42, 0.58, 0.60, 1.00, 1.00]
Event Rate: [0.96, 0.34, 0.27, 0.35, 0.56, 0.64, 0.38, 0.46, 0.43, 0.55, 0.05, 0.30, 1.00, 1.00, 0.52, 0.42, 0.58, 0.60, 1.00, 1.00]
Event Rate: [0.96, 0.34, 0.27, 0.35, 0.57, 0.64, 0.38, 0.46, 0.43, 0.55, 0.05, 0.30, 1.00, 1.00, 0.52, 0.43, 0.58, 0.60, 1.00, 1.00]
Event Rate: [0.96, 0.34, 0.27, 0.34, 0.56, 0.64, 0.37, 0.46, 0.42, 0.54, 0.05, 0.30, 1.00, 1.00, 0.51, 0.42, 0.57, 0.59, 1.00, 1.00]
Event Rate: [0.96, 0.33, 0.26, 0.34, 0.56, 0.64, 0.37, 0.46, 0.42, 0.54, 0.05, 0.29, 1.00, 1.00, 0.51, 0.42, 0.57, 0.59, 1.00, 1.00]
Event Rate: [0.96, 0.34, 0.27, 0.34, 0.57, 0.65, 0.38, 0.46, 0.42, 0.54, 0.05, 0.30, 1.00, 1.00, 0.52, 0.43, 0.58, 0.60, 1.00, 1.00]
Event Rate: [0.96, 0.34, 0.26, 0.34, 0.56, 0.64, 0.37, 0.46, 0.42, 0.54, 0.05, 0.29, 1.00, 1.00, 0.51, 0.42, 0.57, 0.59, 1.00, 1.00]
Event Rate: [0.95, 0.34, 0.26, 0.34, 0.57, 0.64, 0.38, 0.46, 0.42, 0.54, 0.05, 0.29, 1.00, 1.00, 0.52, 0.42, 0.58, 0.59, 1.00, 1.00]
Event Rate: [0.96, 0.34, 0.27, 0.34, 0.57, 0.64, 0.37, 0.46, 0.42, 0.54, 0.05, 0.29, 1.00, 1.00, 0.52, 0.42, 0.57, 0.60, 1.00, 1.00]
Event Rate: [0.96, 0.34, 0.26, 0.33, 0.57, 0.65, 0.37, 0.46, 0.42, 0.55, 0.05, 0.29, 1.00, 1.00, 0.51, 0.42, 0.57, 0.60, 1.00, 1.00]
Event Rate: [0.96, 0.34, 0.27, 0.34, 0.57, 0.65, 0.38, 0.46, 0.42, 0.55, 0.05, 0.29, 1.00, 1.00, 0.52, 0.42, 0.58, 0.60, 1.00, 1.00]
Event Rate: [0.96, 0.34, 0.27, 0.34, 0.57, 0.65, 0.38, 0.46, 0.42, 0.55, 0.05, 0.29, 1.00, 1.00, 0.52, 0.42, 0.58, 0.60, 1.00, 1.00]
Event Rate: [0.95, 0.34, 0.27, 0.34, 0.56, 0.64, 0.37, 0.46, 0.41, 0.55, 0.05, 0.29, 1.00, 1.00, 0.51, 0.41, 0.57, 0.60, 1.00, 1.00]
Event Rate: [0.96, 0.35, 0.27, 0.34, 0.57, 0.64, 0.37, 0.46, 0.41, 0.55, 0.05, 0.29, 1.00, 1.00, 0.52, 0.41, 0.57, 0.60, 1.00, 1.00]
Event Rate: [0.96, 0.33, 0.27, 0.34, 0.56, 0.64, 0.37, 0.45, 0.41, 0.55, 0.05, 0.29, 1.00, 1.00, 0.51, 0.41, 0.57, 0.59, 1.00, 1.00]
Event Rate: [0.96, 0.34, 0.28, 0.35, 0.57, 0.64, 0.38, 0.46, 0.41, 0.56, 0.05, 0.29, 1.00, 1.00, 0.52, 0.41, 0.57, 0.60, 1.00, 1.00]
Event Rate: [0.95, 0.35, 0.28, 0.35, 0.57, 0.65, 0.38, 0.46, 0.41, 0.55, 0.05, 0.29, 1.00, 1.00, 0.52, 0.41, 0.58, 0.60, 1.00, 1.00]
Event Rate: [0.96, 0.33, 0.27, 0.34, 0.56, 0.64, 0.37, 0.46, 0.41, 0.55, 0.05, 0.29, 1.00, 1.00, 0.51, 0.41, 0.57, 0.59, 1.00, 1.00]
Event Rate: [0.96, 0.35, 0.28, 0.34, 0.57, 0.65, 0.38, 0.46, 0.41, 0.56, 0.05, 0.29, 1.00, 1.00, 0.52, 0.41, 0.58, 0.60, 1.00, 1.00]
Event Rate: [0.96, 0.34, 0.28, 0.34, 0.57, 0.64, 0.38, 0.46, 0.41, 0.55, 0.05, 0.29, 1.00, 1.00, 0.51, 0.41, 0.57, 0.60, 1.00, 1.00]
Event Rate: [0.95, 0.34, 0.28, 0.34, 0.57, 0.65, 0.37, 0.46, 0.41, 0.55, 0.05, 0.29, 1.00, 1.00, 0.50, 0.40, 0.57, 0.59, 1.00, 1.00]
Event Rate: [0.96, 0.34, 0.27, 0.34, 0.57, 0.64, 0.37, 0.46, 0.41, 0.55, 0.05, 0.29, 1.00, 1.00, 0.51, 0.41, 0.57, 0.59, 1.00, 1.00]
Event Rate: [0.96, 0.34, 0.27, 0.34, 0.56, 0.64, 0.37, 0.46, 0.41, 0.55, 0.05, 0.29, 1.00, 1.00, 0.51, 0.40, 0.57, 0.59, 1.00, 1.00]
Event Rate: [0.96, 0.34, 0.28, 0.34, 0.57, 0.65, 0.37, 0.46, 0.41, 0.55, 0.05, 0.29, 1.00, 1.00, 0.50, 0.40, 0.57, 0.60, 1.00, 1.00]
Event Rate: [0.95, 0.33, 0.26, 0.33, 0.56, 0.64, 0.37, 0.45, 0.40, 0.55, 0.05, 0.29, 1.00, 1.00, 0.50, 0.41, 0.57, 0.59, 1.00, 1.00]
Event Rate: [0.96, 0.34, 0.27, 0.34, 0.57, 0.65, 0.37, 0.46, 0.41, 0.55, 0.05, 0.29, 1.00, 1.00, 0.51, 0.41, 0.58, 0.60, 1.00, 1.00]
Event Rate: [0.95, 0.34, 0.27, 0.34, 0.57, 0.65, 0.37, 0.46, 0.41, 0.55, 0.05, 0.29, 1.00, 1.00, 0.51, 0.41, 0.57, 0.59, 1.00, 1.00]
Event Rate: [0.96, 0.34, 0.27, 0.33, 0.57, 0.65, 0.37, 0.46, 0.41, 0.55, 0.05, 0.29, 1.00, 1.00, 0.51, 0.42, 0.57, 0.60, 1.00, 1.00]
Event Rate: [0.96, 0.34, 0.27, 0.33, 0.57, 0.65, 0.37, 0.46, 0.41, 0.55, 0.05, 0.30, 1.00, 1.00, 0.50, 0.42, 0.57, 0.60, 1.00, 1.00]
Event Rate: [0.95, 0.34, 0.27, 0.33, 0.56, 0.64, 0.37, 0.45, 0.40, 0.55, 0.05, 0.29, 1.00, 1.00, 0.50, 0.42, 0.56, 0.59, 1.00, 1.00]
Event Rate: [0.96, 0.34, 0.27, 0.34, 0.57, 0.64, 0.37, 0.46, 0.40, 0.55, 0.05, 0.29, 1.00, 1.00, 0.50, 0.43, 0.57, 0.59, 1.00, 1.00]
Event Rate: [0.96, 0.34, 0.28, 0.35, 0.58, 0.65, 0.37, 0.46, 0.41, 0.55, 0.05, 0.29, 1.00, 1.00, 0.50, 0.43, 0.57, 0.60, 1.00, 1.00]
Event Rate: [0.96, 0.34, 0.27, 0.34, 0.57, 0.65, 0.37, 0.46, 0.41, 0.55, 0.05, 0.30, 1.00, 1.00, 0.50, 0.43, 0.57, 0.60, 1.00, 1.00]
Event Rate: [0.96, 0.33, 0.27, 0.34, 0.57, 0.65, 0.37, 0.45, 0.41, 0.55, 0.05, 0.29, 1.00, 1.00, 0.50, 0.43, 0.57, 0.60, 1.00, 1.00]
Event Rate: [0.96, 0.34, 0.27, 0.34, 0.57, 0.65, 0.37, 0.45, 0.41, 0.55, 0.05, 0.29, 1.00, 1.00, 0.50, 0.42, 0.57, 0.60, 1.00, 1.00]
Event Rate: [0.96, 0.33, 0.26, 0.33, 0.56, 0.64, 0.37, 0.45, 0.41, 0.55, 0.05, 0.29, 1.00, 1.00, 0.50, 0.41, 0.57, 0.59, 1.00, 1.00]
Event Rate: [0.96, 0.34, 0.27, 0.34, 0.57, 0.65, 0.38, 0.45, 0.41, 0.55, 0.05, 0.29, 1.00, 1.00, 0.50, 0.41, 0.57, 0.60, 1.00, 1.00]
Event Rate: [0.96, 0.34, 0.27, 0.34, 0.57, 0.65, 0.37, 0.45, 0.41, 0.55, 0.05, 0.29, 1.00, 1.00, 0.50, 0.40, 0.57, 0.60, 1.00, 1.00]
Event Rate: [0.96, 0.34, 0.27, 0.34, 0.57, 0.65, 0.37, 0.45, 0.41, 0.55, 0.05, 0.29, 1.00, 1.00, 0.50, 0.39, 0.57, 0.60, 1.00, 1.00]
Event Rate: [0.96, 0.34, 0.27, 0.35, 0.57, 0.65, 0.37, 0.45, 0.41, 0.55, 0.05, 0.29, 1.00, 1.00, 0.50, 0.39, 0.57, 0.60, 1.00, 1.00]
Event Rate: [0.96, 0.33, 0.26, 0.34, 0.56, 0.64, 0.37, 0.45, 0.41, 0.55, 0.05, 0.29, 1.00, 1.00, 0.51, 0.39, 0.57, 0.59, 1.00, 1.00]
Event Rate: [0.96, 0.35, 0.27, 0.35, 0.58, 0.65, 0.38, 0.46, 0.41, 0.55, 0.05, 0.30, 1.00, 1.00, 0.51, 0.39, 0.58, 0.60, 1.00, 1.00]
Event Rate: [0.95, 0.34, 0.26, 0.35, 0.57, 0.65, 0.37, 0.45, 0.41, 0.55, 0.05, 0.29, 1.00, 1.00, 0.50, 0.38, 0.57, 0.60, 1.00, 1.00]
Event Rate: [0.96, 0.34, 0.27, 0.35, 0.57, 0.65, 0.38, 0.46, 0.41, 0.55, 0.05, 0.30, 1.00, 1.00, 0.50, 0.38, 0.57, 0.60, 1.00, 1.00]
Event Rate: [0.96, 0.34, 0.26, 0.34, 0.57, 0.65, 0.37, 0.45, 0.41, 0.55, 0.05, 0.30, 1.00, 1.00, 0.50, 0.38, 0.57, 0.60, 1.00, 1.00]
Event Rate: [0.96, 0.34, 0.26, 0.34, 0.56, 0.64, 0.37, 0.45, 0.41, 0.55, 0.05, 0.30, 1.00, 1.00, 0.50, 0.38, 0.57, 0.60, 1.00, 1.00]
Event Rate: [0.95, 0.34, 0.26, 0.34, 0.56, 0.64, 0.37, 0.45, 0.41, 0.55, 0.05, 0.30, 1.00, 1.00, 0.51, 0.37, 0.57, 0.60, 1.00, 1.00]
Event Rate: [0.96, 0.33, 0.26, 0.34, 0.56, 0.64, 0.37, 0.45, 0.41, 0.55, 0.05, 0.29, 1.00, 1.00, 0.50, 0.37, 0.57, 0.59, 1.00, 1.00]
Event Rate: [0.96, 0.34, 0.26, 0.33, 0.56, 0.64, 0.37, 0.45, 0.41, 0.55, 0.05, 0.30, 1.00, 1.00, 0.50, 0.36, 0.57, 0.60, 1.00, 1.00]
Event Rate: [0.96, 0.35, 0.27, 0.35, 0.57, 0.65, 0.38, 0.46, 0.41, 0.55, 0.05, 0.30, 1.00, 1.00, 0.51, 0.37, 0.58, 0.60, 1.00, 1.00]
Event Rate: [0.96, 0.33, 0.26, 0.33, 0.56, 0.64, 0.37, 0.45, 0.41, 0.55, 0.05, 0.30, 1.00, 1.00, 0.50, 0.37, 0.57, 0.59, 1.00, 1.00]
Event Rate: [0.95, 0.35, 0.27, 0.34, 0.58, 0.65, 0.38, 0.46, 0.41, 0.55, 0.05, 0.30, 1.00, 1.00, 0.50, 0.37, 0.58, 0.60, 1.00, 1.00]
Event Rate: [0.96, 0.34, 0.26, 0.34, 0.57, 0.65, 0.38, 0.46, 0.41, 0.55, 0.05, 0.30, 1.00, 1.00, 0.50, 0.36, 0.57, 0.60, 1.00, 1.00]
Event Rate: [0.96, 0.35, 0.27, 0.35, 0.58, 0.66, 0.38, 0.46, 0.41, 0.55, 0.05, 0.30, 1.00, 1.00, 0.51, 0.37, 0.58, 0.61, 1.00, 1.00]
Event Rate: [0.96, 0.34, 0.26, 0.34, 0.57, 0.65, 0.37, 0.45, 0.42, 0.55, 0.05, 0.30, 1.00, 1.00, 0.51, 0.37, 0.57, 0.60, 1.00, 1.00]
Event Rate: [0.96, 0.35, 0.27, 0.34, 0.57, 0.65, 0.37, 0.45, 0.41, 0.55, 0.05, 0.30, 1.00, 1.00, 0.51, 0.37, 0.57, 0.60, 1.00, 1.00]
Event Rate: [0.96, 0.35, 0.27, 0.35, 0.58, 0.65, 0.38, 0.46, 0.42, 0.55, 0.05, 0.30, 1.00, 1.00, 0.51, 0.37, 0.58, 0.61, 1.00, 1.00]
Event Rate: [0.96, 0.33, 0.26, 0.33, 0.56, 0.64, 0.36, 0.45, 0.41, 0.55, 0.05, 0.30, 1.00, 1.00, 0.50, 0.36, 0.56, 0.59, 1.00, 1.00]
Event Rate: [0.96, 0.34, 0.27, 0.34, 0.57, 0.65, 0.37, 0.46, 0.42, 0.55, 0.05, 0.30, 1.00, 1.00, 0.51, 0.37, 0.57, 0.60, 1.00, 1.00]
Event Rate: [0.96, 0.34, 0.27, 0.34, 0.57, 0.64, 0.37, 0.45, 0.41, 0.55, 0.05, 0.30, 1.00, 1.00, 0.50, 0.36, 0.57, 0.60, 1.00, 1.00]
Event Rate: [0.96, 0.34, 0.26, 0.34, 0.56, 0.64, 0.37, 0.45, 0.41, 0.55, 0.05, 0.30, 1.00, 1.00, 0.50, 0.36, 0.57, 0.59, 1.00, 1.00]
Event Rate: [0.96, 0.35, 0.27, 0.35, 0.58, 0.65, 0.38, 0.46, 0.41, 0.55, 0.05, 0.30, 1.00, 1.00, 0.51, 0.37, 0.58, 0.61, 1.00, 1.00]
Event Rate: [0.96, 0.34, 0.26, 0.34, 0.58, 0.65, 0.37, 0.46, 0.41, 0.55, 0.05, 0.30, 1.00, 1.00, 0.50, 0.36, 0.58, 0.60, 1.00, 1.00]
Event Rate: [0.96, 0.34, 0.26, 0.34, 0.57, 0.65, 0.36, 0.45, 0.41, 0.54, 0.05, 0.30, 1.00, 1.00, 0.50, 0.36, 0.57, 0.59, 1.00, 1.00]
Event Rate: [0.96, 0.34, 0.27, 0.35, 0.57, 0.65, 0.37, 0.45, 0.41, 0.54, 0.05, 0.30, 1.00, 1.00, 0.50, 0.36, 0.58, 0.60, 1.00, 1.00]
Event Rate: [0.96, 0.35, 0.27, 0.36, 0.58, 0.64, 0.38, 0.46, 0.42, 0.55, 0.05, 0.30, 1.00, 1.00, 0.51, 0.36, 0.58, 0.60, 1.00, 1.00]
Event Rate: [0.96, 0.34, 0.27, 0.35, 0.57, 0.64, 0.37, 0.45, 0.41, 0.54, 0.05, 0.30, 1.00, 1.00, 0.51, 0.36, 0.57, 0.59, 1.00, 1.00]
Event Rate: [0.96, 0.34, 0.27, 0.35, 0.57, 0.64, 0.37, 0.45, 0.41, 0.55, 0.05, 0.30, 1.00, 1.00, 0.51, 0.36, 0.58, 0.60, 1.00, 1.00]
Event Rate: [0.95, 0.33, 0.26, 0.34, 0.56, 0.64, 0.37, 0.45, 0.41, 0.54, 0.05, 0.30, 1.00, 1.00, 0.50, 0.36, 0.57, 0.59, 1.00, 1.00]
Event Rate: [0.96, 0.34, 0.27, 0.35, 0.57, 0.64, 0.37, 0.45, 0.42, 0.55, 0.05, 0.30, 1.00, 1.00, 0.51, 0.37, 0.58, 0.60, 1.00, 1.00]
Event Rate: [0.96, 0.34, 0.27, 0.35, 0.58, 0.65, 0.38, 0.45, 0.42, 0.54, 0.05, 0.30, 1.00, 1.00, 0.51, 0.37, 0.58, 0.60, 1.00, 1.00]
Event Rate: [0.96, 0.35, 0.28, 0.36, 0.57, 0.64, 0.38, 0.45, 0.42, 0.55, 0.05, 0.30, 1.00, 1.00, 0.51, 0.37, 0.58, 0.60, 1.00, 1.00]
Event Rate: [0.96, 0.33, 0.27, 0.34, 0.56, 0.63, 0.36, 0.45, 0.41, 0.54, 0.05, 0.30, 1.00, 1.00, 0.50, 0.36, 0.57, 0.59, 1.00, 1.00]
Event Rate: [0.96, 0.34, 0.27, 0.35, 0.58, 0.64, 0.37, 0.45, 0.41, 0.54, 0.05, 0.30, 1.00, 1.00, 0.50, 0.36, 0.58, 0.60, 1.00, 1.00]
Event Rate: [0.96, 0.34, 0.27, 0.35, 0.58, 0.65, 0.37, 0.45, 0.41, 0.54, 0.05, 0.30, 1.00, 1.00, 0.50, 0.36, 0.58, 0.60, 1.00, 1.00]
Event Rate: [0.96, 0.34, 0.28, 0.35, 0.58, 0.64, 0.37, 0.45, 0.41, 0.54, 0.05, 0.30, 1.00, 1.00, 0.51, 0.36, 0.58, 0.60, 1.00, 1.00]
Event Rate: [0.96, 0.35, 0.27, 0.36, 0.58, 0.65, 0.38, 0.45, 0.42, 0.55, 0.05, 0.30, 1.00, 1.00, 0.51, 0.37, 0.58, 0.61, 1.00, 1.00]
Event Rate: [0.96, 0.35, 0.28, 0.36, 0.58, 0.65, 0.38, 0.45, 0.41, 0.54, 0.05, 0.30, 1.00, 1.00, 0.50, 0.36, 0.58, 0.60, 1.00, 1.00]
Event Rate: [0.95, 0.35, 0.27, 0.34, 0.57, 0.64, 0.37, 0.45, 0.41, 0.54, 0.05, 0.30, 1.00, 1.00, 0.49, 0.36, 0.57, 0.60, 1.00, 1.00]
Event Rate: [0.96, 0.34, 0.27, 0.35, 0.58, 0.65, 0.37, 0.45, 0.41, 0.54, 0.05, 0.30, 1.00, 1.00, 0.49, 0.36, 0.58, 0.60, 1.00, 1.00]
Event Rate: [0.96, 0.34, 0.27, 0.35, 0.57, 0.65, 0.37, 0.45, 0.42, 0.55, 0.05, 0.30, 1.00, 1.00, 0.50, 0.36, 0.58, 0.60, 1.00, 1.00]
Event Rate: [0.96, 0.34, 0.27, 0.35, 0.57, 0.64, 0.37, 0.45, 0.41, 0.55, 0.05, 0.30, 1.00, 1.00, 0.50, 0.36, 0.58, 0.60, 1.00, 1.00]
Event Rate: [0.95, 0.34, 0.27, 0.35, 0.57, 0.64, 0.37, 0.45, 0.42, 0.55, 0.05, 0.30, 1.00, 1.00, 0.50, 0.36, 0.58, 0.60, 1.00, 1.00]
Event Rate: [0.96, 0.35, 0.27, 0.35, 0.58, 0.65, 0.37, 0.46, 0.42, 0.55, 0.05, 0.30, 1.00, 1.00, 0.50, 0.36, 0.58, 0.60, 1.00, 1.00]
Event Rate: [0.96, 0.34, 0.27, 0.34, 0.57, 0.65, 0.36, 0.45, 0.41, 0.55, 0.05, 0.30, 1.00, 1.00, 0.50, 0.36, 0.58, 0.60, 1.00, 1.00]
Event Rate: [0.96, 0.35, 0.27, 0.35, 0.58, 0.65, 0.37, 0.45, 0.41, 0.54, 0.05, 0.30, 1.00, 1.00, 0.50, 0.36, 0.58, 0.60, 1.00, 1.00]
Event Rate: [0.96, 0.34, 0.26, 0.34, 0.57, 0.65, 0.37, 0.45, 0.41, 0.54, 0.05, 0.30, 1.00, 1.00, 0.50, 0.36, 0.58, 0.60, 1.00, 1.00]
Event Rate: [0.95, 0.34, 0.26, 0.35, 0.57, 0.64, 0.37, 0.45, 0.41, 0.54, 0.05, 0.30, 1.00, 1.00, 0.50, 0.36, 0.58, 0.60, 1.00, 1.00]
Event Rate: [0.95, 0.34, 0.26, 0.34, 0.56, 0.64, 0.36, 0.45, 0.41, 0.54, 0.05, 0.30, 1.00, 1.00, 0.50, 0.36, 0.57, 0.59, 1.00, 1.00]
Event Rate: [0.96, 0.34, 0.26, 0.34, 0.57, 0.64, 0.37, 0.45, 0.41, 0.54, 0.05, 0.30, 1.00, 1.00, 0.50, 0.35, 0.58, 0.60, 1.00, 1.00]
Event Rate: [0.95, 0.34, 0.27, 0.34, 0.57, 0.64, 0.37, 0.45, 0.41, 0.54, 0.05, 0.30, 1.00, 1.00, 0.50, 0.35, 0.58, 0.60, 1.00, 1.00]
Event Rate: [0.96, 0.34, 0.26, 0.34, 0.57, 0.65, 0.36, 0.45, 0.41, 0.54, 0.05, 0.30, 1.00, 1.00, 0.49, 0.35, 0.58, 0.60, 1.00, 1.00]
Event Rate: [0.95, 0.34, 0.26, 0.34, 0.57, 0.65, 0.37, 0.45, 0.41, 0.54, 0.05, 0.30, 1.00, 1.00, 0.50, 0.35, 0.57, 0.60, 1.00, 1.00]
Event Rate: [0.95, 0.34, 0.26, 0.34, 0.58, 0.65, 0.37, 0.46, 0.41, 0.54, 0.05, 0.30, 1.00, 1.00, 0.50, 0.36, 0.58, 0.60, 1.00, 1.00]
Event Rate: [0.96, 0.35, 0.27, 0.35, 0.58, 0.65, 0.37, 0.46, 0.42, 0.55, 0.05, 0.30, 1.00, 1.00, 0.50, 0.36, 0.58, 0.60, 1.00, 1.00]
Event Rate: [0.96, 0.34, 0.26, 0.34, 0.57, 0.64, 0.37, 0.45, 0.41, 0.54, 0.05, 0.30, 1.00, 1.00, 0.50, 0.35, 0.57, 0.60, 1.00, 1.00]
Event Rate: [0.96, 0.35, 0.27, 0.35, 0.58, 0.65, 0.37, 0.46, 0.41, 0.54, 0.05, 0.30, 1.00, 1.00, 0.50, 0.35, 0.58, 0.60, 1.00, 1.00]
Event Rate: [0.96, 0.35, 0.27, 0.35, 0.58, 0.65, 0.37, 0.45, 0.41, 0.54, 0.05, 0.30, 1.00, 1.00, 0.50, 0.35, 0.58, 0.60, 1.00, 1.00]
Event Rate: [0.96, 0.35, 0.27, 0.35, 0.58, 0.65, 0.37, 0.45, 0.42, 0.55, 0.05, 0.30, 1.00, 1.00, 0.50, 0.35, 0.58, 0.60, 1.00, 1.00]
Event Rate: [0.96, 0.35, 0.27, 0.36, 0.58, 0.65, 0.38, 0.46, 0.42, 0.55, 0.05, 0.30, 1.00, 1.00, 0.50, 0.36, 0.58, 0.60, 1.00, 1.00]
Event Rate: [0.96, 0.34, 0.27, 0.35, 0.57, 0.65, 0.37, 0.45, 0.42, 0.55, 0.05, 0.30, 1.00, 1.00, 0.50, 0.35, 0.58, 0.60, 1.00, 1.00]
Event Rate: [0.96, 0.35, 0.27, 0.35, 0.58, 0.65, 0.37, 0.45, 0.42, 0.54, 0.05, 0.30, 1.00, 1.00, 0.49, 0.35, 0.58, 0.60, 1.00, 1.00]
Event Rate: [0.96, 0.34, 0.27, 0.35, 0.57, 0.65, 0.37, 0.45, 0.42, 0.54, 0.05, 0.30, 1.00, 1.00, 0.50, 0.35, 0.57, 0.60, 1.00, 1.00]
Event Rate: [0.96, 0.35, 0.27, 0.35, 0.58, 0.65, 0.37, 0.45, 0.42, 0.55, 0.05, 0.30, 1.00, 1.00, 0.50, 0.35, 0.58, 0.60, 1.00, 1.00]
Event Rate: [0.96, 0.35, 0.27, 0.35, 0.58, 0.65, 0.37, 0.45, 0.41, 0.54, 0.05, 0.30, 1.00, 1.00, 0.50, 0.35, 0.58, 0.60, 1.00, 1.00]
Event Rate: [0.95, 0.34, 0.26, 0.35, 0.57, 0.64, 0.37, 0.45, 0.41, 0.54, 0.05, 0.30, 1.00, 1.00, 0.50, 0.35, 0.57, 0.59, 1.00, 1.00]
Event Rate: [0.96, 0.34, 0.26, 0.35, 0.57, 0.65, 0.37, 0.45, 0.42, 0.55, 0.05, 0.30, 1.00, 1.00, 0.50, 0.35, 0.57, 0.60, 1.00, 1.00]
Event Rate: [0.96, 0.34, 0.26, 0.35, 0.57, 0.64, 0.37, 0.45, 0.42, 0.54, 0.05, 0.30, 1.00, 1.00, 0.49, 0.35, 0.57, 0.59, 1.00, 1.00]
Event Rate: [0.96, 0.35, 0.27, 0.36, 0.59, 0.66, 0.38, 0.46, 0.42, 0.55, 0.05, 0.31, 1.00, 1.00, 0.50, 0.35, 0.58, 0.60, 1.00, 1.00]
Event Rate: [0.96, 0.34, 0.27, 0.35, 0.57, 0.65, 0.37, 0.46, 0.42, 0.54, 0.05, 0.31, 1.00, 1.00, 0.50, 0.35, 0.57, 0.60, 1.00, 1.00]
Event Rate: [0.96, 0.34, 0.27, 0.35, 0.57, 0.65, 0.37, 0.45, 0.42, 0.54, 0.05, 0.30, 1.00, 1.00, 0.49, 0.35, 0.57, 0.60, 1.00, 1.00]
Event Rate: [0.96, 0.34, 0.27, 0.36, 0.57, 0.65, 0.37, 0.45, 0.42, 0.54, 0.05, 0.31, 1.00, 1.00, 0.50, 0.35, 0.57, 0.60, 1.00, 1.00]
Event Rate: [0.96, 0.35, 0.27, 0.36, 0.59, 0.66, 0.38, 0.46, 0.42, 0.54, 0.05, 0.31, 1.00, 1.00, 0.50, 0.35, 0.58, 0.60, 1.00, 1.00]
Event Rate: [0.96, 0.34, 0.27, 0.36, 0.58, 0.65, 0.38, 0.46, 0.42, 0.54, 0.05, 0.31, 1.00, 1.00, 0.50, 0.35, 0.58, 0.60, 1.00, 1.00]
Event Rate: [0.96, 0.35, 0.27, 0.36, 0.58, 0.65, 0.37, 0.45, 0.42, 0.54, 0.05, 0.31, 1.00, 1.00, 0.49, 0.35, 0.58, 0.60, 1.00, 1.00]
Event Rate: [0.95, 0.35, 0.27, 0.36, 0.58, 0.65, 0.37, 0.45, 0.41, 0.54, 0.05, 0.30, 1.00, 1.00, 0.49, 0.34, 0.58, 0.60, 1.00, 1.00]
Event Rate: [0.96, 0.34, 0.26, 0.35, 0.58, 0.65, 0.37, 0.45, 0.42, 0.54, 0.05, 0.31, 1.00, 1.00, 0.49, 0.34, 0.58, 0.60, 1.00, 1.00]
Event Rate: [0.96, 0.35, 0.26, 0.35, 0.58, 0.65, 0.37, 0.45, 0.42, 0.54, 0.05, 0.30, 1.00, 1.00, 0.50, 0.35, 0.58, 0.60, 1.00, 1.00]
Event Rate: [0.96, 0.34, 0.27, 0.35, 0.58, 0.65, 0.38, 0.45, 0.42, 0.54, 0.05, 0.31, 1.00, 1.00, 0.50, 0.35, 0.58, 0.60, 1.00, 1.00]
Event Rate: [0.95, 0.34, 0.27, 0.35, 0.57, 0.64, 0.37, 0.45, 0.41, 0.54, 0.05, 0.30, 1.00, 1.00, 0.49, 0.34, 0.57, 0.59, 1.00, 1.00]
Event Rate: [0.96, 0.34, 0.27, 0.35, 0.57, 0.64, 0.37, 0.45, 0.42, 0.54, 0.05, 0.31, 1.00, 1.00, 0.50, 0.35, 0.58, 0.60, 1.00, 1.00]
Event Rate: [0.96, 0.34, 0.26, 0.35, 0.57, 0.64, 0.37, 0.45, 0.42, 0.54, 0.05, 0.30, 1.00, 1.00, 0.49, 0.34, 0.57, 0.60, 1.00, 1.00]
Event Rate: [0.96, 0.34, 0.27, 0.35, 0.58, 0.65, 0.37, 0.45, 0.42, 0.54, 0.05, 0.30, 1.00, 1.00, 0.49, 0.34, 0.58, 0.60, 1.00, 1.00]
Event Rate: [0.96, 0.35, 0.28, 0.37, 0.58, 0.65, 0.38, 0.46, 0.42, 0.54, 0.05, 0.30, 1.00, 1.00, 0.49, 0.34, 0.59, 0.60, 1.00, 1.00]
Event Rate: [0.96, 0.34, 0.27, 0.35, 0.57, 0.64, 0.37, 0.45, 0.42, 0.54, 0.05, 0.30, 1.00, 1.00, 0.49, 0.34, 0.58, 0.60, 1.00, 1.00]
Event Rate: [0.95, 0.34, 0.26, 0.34, 0.56, 0.64, 0.37, 0.45, 0.41, 0.54, 0.05, 0.30, 1.00, 1.00, 0.49, 0.33, 0.57, 0.59, 1.00, 1.00]
Event Rate: [0.96, 0.36, 0.28, 0.36, 0.59, 0.65, 0.38, 0.46, 0.42, 0.54, 0.05, 0.30, 1.00, 1.00, 0.50, 0.34, 0.59, 0.61, 1.00, 1.00]
Event Rate: [0.96, 0.35, 0.27, 0.35, 0.58, 0.65, 0.38, 0.45, 0.42, 0.54, 0.05, 0.30, 1.00, 1.00, 0.50, 0.34, 0.58, 0.60, 1.00, 1.00]
Event Rate: [0.96, 0.34, 0.26, 0.34, 0.57, 0.64, 0.37, 0.45, 0.42, 0.54, 0.05, 0.30, 1.00, 1.00, 0.49, 0.34, 0.57, 0.60, 1.00, 1.00]
Event Rate: [0.96, 0.35, 0.27, 0.35, 0.58, 0.65, 0.38, 0.45, 0.42, 0.54, 0.05, 0.30, 1.00, 1.00, 0.49, 0.34, 0.58, 0.60, 1.00, 1.00]
Event Rate: [0.96, 0.34, 0.27, 0.35, 0.58, 0.64, 0.38, 0.45, 0.42, 0.54, 0.05, 0.30, 1.00, 1.00, 0.49, 0.34, 0.58, 0.60, 1.00, 1.00]
Event Rate: [0.96, 0.35, 0.27, 0.36, 0.59, 0.66, 0.39, 0.46, 0.42, 0.54, 0.05, 0.30, 1.00, 1.00, 0.50, 0.34, 0.59, 0.61, 1.00, 1.00]
Event Rate: [0.96, 0.34, 0.26, 0.35, 0.57, 0.64, 0.37, 0.45, 0.42, 0.54, 0.05, 0.30, 1.00, 1.00, 0.49, 0.33, 0.57, 0.59, 1.00, 1.00]
Event Rate: [0.96, 0.35, 0.27, 0.36, 0.58, 0.65, 0.38, 0.45, 0.42, 0.54, 0.05, 0.30, 1.00, 1.00, 0.49, 0.34, 0.58, 0.60, 1.00, 1.00]
Event Rate: [0.95, 0.35, 0.27, 0.36, 0.58, 0.65, 0.38, 0.45, 0.42, 0.54, 0.05, 0.30, 1.00, 1.00, 0.49, 0.34, 0.58, 0.60, 1.00, 1.00]
Event Rate: [0.96, 0.35, 0.27, 0.36, 0.58, 0.65, 0.38, 0.45, 0.41, 0.54, 0.05, 0.30, 1.00, 1.00, 0.49, 0.33, 0.58, 0.60, 1.00, 1.00]
Event Rate: [0.96, 0.34, 0.26, 0.35, 0.57, 0.65, 0.37, 0.45, 0.41, 0.54, 0.05, 0.30, 1.00, 1.00, 0.49, 0.33, 0.57, 0.60, 1.00, 1.00]
Event Rate: [0.96, 0.34, 0.27, 0.36, 0.58, 0.65, 0.38, 0.45, 0.42, 0.54, 0.05, 0.30, 1.00, 1.00, 0.49, 0.34, 0.58, 0.60, 1.00, 1.00]
Event Rate: [0.96, 0.35, 0.27, 0.35, 0.58, 0.65, 0.38, 0.45, 0.42, 0.54, 0.05, 0.30, 1.00, 1.00, 0.49, 0.33, 0.58, 0.60, 1.00, 1.00]
Event Rate: [0.96, 0.35, 0.27, 0.35, 0.58, 0.65, 0.38, 0.45, 0.42, 0.54, 0.05, 0.30, 1.00, 1.00, 0.49, 0.33, 0.58, 0.60, 1.00, 1.00]
Event Rate: [0.96, 0.36, 0.27, 0.36, 0.59, 0.66, 0.38, 0.46, 0.42, 0.54, 0.05, 0.31, 1.00, 1.00, 0.50, 0.34, 0.59, 0.61, 1.00, 1.00]
Event Rate: [0.96, 0.34, 0.26, 0.35, 0.57, 0.64, 0.37, 0.45, 0.41, 0.54, 0.05, 0.30, 1.00, 1.00, 0.49, 0.33, 0.57, 0.60, 1.00, 1.00]
Event Rate: [0.96, 0.34, 0.26, 0.35, 0.57, 0.64, 0.37, 0.45, 0.42, 0.54, 0.05, 0.30, 1.00, 1.00, 0.49, 0.33, 0.57, 0.60, 1.00, 1.00]
Event Rate: [0.96, 0.35, 0.28, 0.36, 0.58, 0.65, 0.38, 0.45, 0.42, 0.54, 0.05, 0.30, 1.00, 1.00, 0.49, 0.33, 0.58, 0.60, 1.00, 1.00]
Event Rate: [0.96, 0.35, 0.27, 0.35, 0.57, 0.64, 0.38, 0.45, 0.42, 0.54, 0.05, 0.30, 1.00, 1.00, 0.49, 0.33, 0.58, 0.60, 1.00, 1.00]
Event Rate: [0.95, 0.34, 0.27, 0.35, 0.57, 0.64, 0.38, 0.45, 0.41, 0.54, 0.05, 0.30, 1.00, 1.00, 0.49, 0.33, 0.57, 0.60, 1.00, 1.00]
Event Rate: [0.95, 0.34, 0.27, 0.35, 0.57, 0.64, 0.37, 0.45, 0.41, 0.54, 0.05, 0.30, 1.00, 1.00, 0.49, 0.33, 0.57, 0.60, 1.00, 1.00]
Event Rate: [0.96, 0.34, 0.27, 0.35, 0.57, 0.64, 0.38, 0.45, 0.41, 0.54, 0.05, 0.30, 1.00, 1.00, 0.49, 0.33, 0.57, 0.60, 1.00, 1.00]
Event Rate: [0.96, 0.35, 0.27, 0.36, 0.58, 0.65, 0.38, 0.45, 0.42, 0.54, 0.05, 0.30, 1.00, 1.00, 0.49, 0.33, 0.58, 0.60, 1.00, 1.00]
Event Rate: [0.96, 0.35, 0.27, 0.35, 0.57, 0.64, 0.38, 0.45, 0.41, 0.54, 0.05, 0.30, 1.00, 1.00, 0.49, 0.33, 0.57, 0.60, 1.00, 1.00]
Event Rate: [0.96, 0.35, 0.27, 0.36, 0.58, 0.64, 0.38, 0.45, 0.42, 0.54, 0.05, 0.30, 1.00, 1.00, 0.50, 0.33, 0.58, 0.61, 1.00, 1.00]
Event Rate: [0.96, 0.35, 0.27, 0.36, 0.58, 0.64, 0.38, 0.45, 0.42, 0.54, 0.05, 0.30, 1.00, 1.00, 0.49, 0.33, 0.58, 0.60, 1.00, 1.00]
Event Rate: [0.96, 0.34, 0.27, 0.36, 0.58, 0.64, 0.38, 0.45, 0.42, 0.54, 0.05, 0.30, 1.00, 1.00, 0.49, 0.33, 0.58, 0.60, 1.00, 1.00]
Event Rate: [0.96, 0.34, 0.27, 0.36, 0.58, 0.65, 0.38, 0.45, 0.42, 0.54, 0.05, 0.30, 1.00, 1.00, 0.49, 0.33, 0.58, 0.60, 1.00, 1.00]
Event Rate: [0.96, 0.34, 0.27, 0.36, 0.58, 0.65, 0.38, 0.45, 0.42, 0.54, 0.05, 0.30, 1.00, 1.00, 0.49, 0.33, 0.58, 0.60, 1.00, 1.00]
Event Rate: [0.96, 0.36, 0.28, 0.36, 0.59, 0.66, 0.39, 0.46, 0.42, 0.54, 0.05, 0.30, 1.00, 1.00, 0.49, 0.33, 0.59, 0.61, 1.00, 1.00]
Event Rate: [0.96, 0.35, 0.28, 0.36, 0.59, 0.66, 0.39, 0.45, 0.42, 0.54, 0.05, 0.30, 1.00, 1.00, 0.50, 0.33, 0.59, 0.61, 1.00, 1.00]
Event Rate: [0.96, 0.34, 0.27, 0.35, 0.58, 0.65, 0.38, 0.45, 0.42, 0.54, 0.05, 0.30, 1.00, 1.00, 0.49, 0.33, 0.58, 0.60, 1.00, 1.00]
Event Rate: [0.96, 0.34, 0.27, 0.35, 0.58, 0.65, 0.38, 0.45, 0.42, 0.54, 0.05, 0.30, 1.00, 1.00, 0.50, 0.33, 0.58, 0.60, 1.00, 1.00]
Event Rate: [0.96, 0.35, 0.27, 0.36, 0.58, 0.65, 0.38, 0.45, 0.42, 0.54, 0.05, 0.31, 1.00, 1.00, 0.50, 0.34, 0.58, 0.60, 1.00, 1.00]
Event Rate: [0.96, 0.35, 0.28, 0.36, 0.59, 0.66, 0.39, 0.45, 0.42, 0.54, 0.05, 0.30, 1.00, 1.00, 0.50, 0.33, 0.59, 0.60, 1.00, 1.00]
Event Rate: [0.96, 0.35, 0.27, 0.36, 0.58, 0.65, 0.39, 0.45, 0.42, 0.54, 0.05, 0.30, 1.00, 1.00, 0.50, 0.33, 0.59, 0.60, 1.00, 1.00]
Event Rate: [0.96, 0.35, 0.28, 0.36, 0.58, 0.65, 0.38, 0.45, 0.42, 0.54, 0.05, 0.31, 1.00, 1.00, 0.50, 0.33, 0.58, 0.60, 1.00, 1.00]
Event Rate: [0.96, 0.34, 0.27, 0.36, 0.58, 0.65, 0.38, 0.45, 0.42, 0.54, 0.05, 0.30, 1.00, 1.00, 0.50, 0.33, 0.58, 0.60, 1.00, 1.00]
Event Rate: [0.96, 0.35, 0.28, 0.36, 0.58, 0.65, 0.38, 0.45, 0.42, 0.54, 0.05, 0.30, 1.00, 1.00, 0.50, 0.33, 0.58, 0.61, 1.00, 1.00]
Event Rate: [0.96, 0.34, 0.27, 0.36, 0.58, 0.65, 0.38, 0.45, 0.42, 0.54, 0.05, 0.30, 1.00, 1.00, 0.50, 0.33, 0.58, 0.60, 1.00, 1.00]
Event Rate: [0.96, 0.35, 0.28, 0.37, 0.59, 0.65, 0.38, 0.45, 0.42, 0.54, 0.05, 0.30, 1.00, 1.00, 0.50, 0.33, 0.58, 0.60, 1.00, 1.00]
Event Rate: [0.95, 0.34, 0.27, 0.36, 0.57, 0.65, 0.38, 0.45, 0.41, 0.54, 0.05, 0.30, 1.00, 1.00, 0.49, 0.33, 0.58, 0.60, 1.00, 1.00]
Event Rate: [0.96, 0.34, 0.27, 0.36, 0.58, 0.65, 0.38, 0.45, 0.41, 0.54, 0.05, 0.30, 1.00, 1.00, 0.49, 0.33, 0.58, 0.60, 1.00, 1.00]
Event Rate: [0.96, 0.35, 0.28, 0.37, 0.59, 0.66, 0.39, 0.45, 0.42, 0.54, 0.05, 0.30, 1.00, 1.00, 0.50, 0.33, 0.59, 0.61, 1.00, 1.00]
Event Rate: [0.96, 0.34, 0.27, 0.36, 0.58, 0.65, 0.38, 0.45, 0.42, 0.54, 0.05, 0.30, 1.00, 1.00, 0.50, 0.33, 0.58, 0.60, 1.00, 1.00]
Event Rate: [0.96, 0.35, 0.28, 0.37, 0.59, 0.65, 0.39, 0.45, 0.42, 0.54, 0.05, 0.30, 1.00, 1.00, 0.50, 0.33, 0.59, 0.61, 1.00, 1.00]
Event Rate: [0.96, 0.35, 0.28, 0.37, 0.59, 0.65, 0.38, 0.45, 0.42, 0.54, 0.05, 0.30, 1.00, 1.00, 0.50, 0.33, 0.59, 0.61, 1.00, 1.00]
Event Rate: [0.96, 0.35, 0.28, 0.37, 0.59, 0.66, 0.39, 0.45, 0.42, 0.54, 0.05, 0.30, 1.00, 1.00, 0.50, 0.33, 0.59, 0.61, 1.00, 1.00]
Event Rate: [0.95, 0.34, 0.27, 0.36, 0.58, 0.65, 0.38, 0.45, 0.42, 0.54, 0.05, 0.30, 1.00, 1.00, 0.50, 0.33, 0.58, 0.60, 1.00, 1.00]
Event Rate: [0.96, 0.34, 0.27, 0.36, 0.58, 0.65, 0.38, 0.45, 0.42, 0.54, 0.05, 0.30, 1.00, 1.00, 0.50, 0.33, 0.58, 0.60, 1.00, 1.00]
Event Rate: [0.96, 0.34, 0.27, 0.36, 0.58, 0.65, 0.38, 0.45, 0.42, 0.54, 0.05, 0.30, 1.00, 1.00, 0.50, 0.33, 0.58, 0.60, 1.00, 1.00]
Event Rate: [0.96, 0.34, 0.27, 0.36, 0.59, 0.65, 0.38, 0.45, 0.42, 0.54, 0.05, 0.30, 1.00, 1.00, 0.50, 0.33, 0.59, 0.61, 1.00, 1.00]
Event Rate: [0.96, 0.35, 0.28, 0.36, 0.59, 0.65, 0.38, 0.45, 0.42, 0.54, 0.05, 0.30, 1.00, 1.00, 0.50, 0.33, 0.59, 0.61, 1.00, 1.00]
Event Rate: [0.96, 0.35, 0.28, 0.36, 0.58, 0.65, 0.38, 0.45, 0.42, 0.54, 0.05, 0.31, 1.00, 1.00, 0.50, 0.33, 0.58, 0.60, 1.00, 1.00]
Event Rate: [0.96, 0.34, 0.27, 0.36, 0.58, 0.65, 0.38, 0.45, 0.42, 0.54, 0.05, 0.30, 1.00, 1.00, 0.50, 0.33, 0.58, 0.60, 1.00, 1.00]
Event Rate: [0.96, 0.34, 0.27, 0.36, 0.58, 0.65, 0.38, 0.45, 0.42, 0.54, 0.05, 0.31, 1.00, 1.00, 0.50, 0.33, 0.58, 0.60, 1.00, 1.00]
Event Rate: [0.96, 0.34, 0.27, 0.36, 0.58, 0.65, 0.38, 0.45, 0.42, 0.54, 0.05, 0.31, 1.00, 1.00, 0.50, 0.33, 0.58, 0.60, 1.00, 1.00]
Event Rate: [0.96, 0.35, 0.28, 0.36, 0.58, 0.65, 0.39, 0.45, 0.42, 0.54, 0.05, 0.31, 1.00, 1.00, 0.50, 0.33, 0.59, 0.60, 1.00, 1.00]
Event Rate: [0.96, 0.34, 0.27, 0.35, 0.58, 0.65, 0.38, 0.45, 0.42, 0.54, 0.05, 0.30, 1.00, 1.00, 0.50, 0.33, 0.58, 0.60, 1.00, 1.00]
Event Rate: [0.96, 0.35, 0.28, 0.36, 0.59, 0.66, 0.39, 0.45, 0.42, 0.54, 0.05, 0.31, 1.00, 1.00, 0.50, 0.33, 0.59, 0.61, 1.00, 1.00]
Event Rate: [0.95, 0.34, 0.27, 0.36, 0.58, 0.65, 0.38, 0.45, 0.41, 0.53, 0.05, 0.30, 1.00, 1.00, 0.49, 0.33, 0.58, 0.60, 1.00, 1.00]
Event Rate: [0.96, 0.35, 0.27, 0.36, 0.58, 0.66, 0.38, 0.45, 0.42, 0.54, 0.05, 0.31, 1.00, 1.00, 0.50, 0.33, 0.59, 0.60, 1.00, 1.00]
Event Rate: [0.96, 0.34, 0.27, 0.36, 0.58, 0.65, 0.38, 0.45, 0.42, 0.53, 0.05, 0.30, 1.00, 1.00, 0.49, 0.33, 0.58, 0.60, 1.00, 1.00]
Event Rate: [0.96, 0.34, 0.27, 0.36, 0.58, 0.66, 0.38, 0.45, 0.42, 0.54, 0.05, 0.30, 1.00, 1.00, 0.50, 0.33, 0.59, 0.61, 1.00, 1.00]
Event Rate: [0.96, 0.34, 0.27, 0.36, 0.58, 0.65, 0.38, 0.45, 0.42, 0.54, 0.05, 0.30, 1.00, 1.00, 0.50, 0.33, 0.58, 0.60, 1.00, 1.00]
Event Rate: [0.96, 0.34, 0.27, 0.36, 0.58, 0.65, 0.38, 0.45, 0.41, 0.53, 0.05, 0.30, 1.00, 1.00, 0.50, 0.33, 0.58, 0.60, 1.00, 1.00]
Event Rate: [0.96, 0.34, 0.26, 0.35, 0.57, 0.65, 0.38, 0.45, 0.41, 0.53, 0.05, 0.30, 1.00, 1.00, 0.50, 0.33, 0.58, 0.60, 1.00, 1.00]
Event Rate: [0.96, 0.34, 0.27, 0.36, 0.58, 0.65, 0.39, 0.45, 0.42, 0.54, 0.05, 0.31, 1.00, 1.00, 0.50, 0.33, 0.59, 0.60, 1.00, 1.00]
Event Rate: [0.96, 0.34, 0.27, 0.36, 0.58, 0.65, 0.38, 0.45, 0.42, 0.54, 0.05, 0.31, 1.00, 1.00, 0.50, 0.33, 0.59, 0.60, 1.00, 1.00]
Event Rate: [0.96, 0.34, 0.27, 0.36, 0.59, 0.66, 0.38, 0.45, 0.42, 0.54, 0.05, 0.30, 1.00, 1.00, 0.50, 0.33, 0.59, 0.60, 1.00, 1.00]
Event Rate: [0.96, 0.35, 0.28, 0.36, 0.59, 0.66, 0.39, 0.45, 0.42, 0.54, 0.05, 0.31, 1.00, 1.00, 0.50, 0.33, 0.59, 0.60, 1.00, 1.00]
Event Rate: [0.96, 0.35, 0.27, 0.36, 0.59, 0.65, 0.39, 0.45, 0.42, 0.54, 0.05, 0.30, 1.00, 1.00, 0.50, 0.33, 0.59, 0.60, 1.00, 1.00]
Event Rate: [0.96, 0.35, 0.28, 0.37, 0.59, 0.65, 0.39, 0.45, 0.42, 0.54, 0.05, 0.31, 1.00, 1.00, 0.51, 0.34, 0.59, 0.61, 1.00, 1.00]
Event Rate: [0.96, 0.35, 0.28, 0.37, 0.59, 0.66, 0.39, 0.45, 0.42, 0.54, 0.05, 0.31, 1.00, 1.00, 0.50, 0.34, 0.59, 0.61, 1.00, 1.00]
Event Rate: [0.96, 0.34, 0.27, 0.36, 0.58, 0.64, 0.38, 0.45, 0.42, 0.54, 0.05, 0.31, 1.00, 1.00, 0.50, 0.33, 0.58, 0.60, 1.00, 1.00]
Event Rate: [0.96, 0.35, 0.28, 0.37, 0.59, 0.66, 0.39, 0.45, 0.42, 0.54, 0.05, 0.31, 1.00, 1.00, 0.50, 0.34, 0.59, 0.61, 1.00, 1.00]
Event Rate: [0.96, 0.34, 0.27, 0.36, 0.58, 0.65, 0.38, 0.45, 0.41, 0.53, 0.05, 0.30, 1.00, 1.00, 0.49, 0.33, 0.58, 0.60, 1.00, 1.00]
Event Rate: [0.96, 0.35, 0.28, 0.36, 0.59, 0.65, 0.38, 0.45, 0.42, 0.54, 0.05, 0.31, 1.00, 1.00, 0.50, 0.33, 0.59, 0.60, 1.00, 1.00]
Event Rate: [0.96, 0.35, 0.27, 0.36, 0.58, 0.65, 0.38, 0.45, 0.41, 0.53, 0.05, 0.30, 1.00, 1.00, 0.49, 0.33, 0.58, 0.60, 1.00, 1.00]
Event Rate: [0.96, 0.35, 0.28, 0.37, 0.59, 0.66, 0.39, 0.45, 0.42, 0.54, 0.05, 0.30, 1.00, 1.00, 0.50, 0.33, 0.59, 0.61, 1.00, 1.00]
Event Rate: [0.95, 0.34, 0.27, 0.36, 0.58, 0.65, 0.38, 0.44, 0.41, 0.53, 0.05, 0.30, 1.00, 1.00, 0.48, 0.32, 0.58, 0.60, 1.00, 1.00]
Event Rate: [0.96, 0.34, 0.27, 0.36, 0.58, 0.65, 0.38, 0.45, 0.41, 0.54, 0.05, 0.30, 1.00, 1.00, 0.49, 0.33, 0.58, 0.60, 1.00, 1.00]
Event Rate: [0.96, 0.34, 0.27, 0.36, 0.58, 0.65, 0.38, 0.45, 0.41, 0.53, 0.05, 0.30, 1.00, 1.00, 0.49, 0.33, 0.58, 0.60, 1.00, 1.00]
Event Rate: [0.96, 0.34, 0.27, 0.36, 0.58, 0.65, 0.38, 0.45, 0.41, 0.54, 0.05, 0.31, 1.00, 1.00, 0.50, 0.33, 0.58, 0.60, 1.00, 1.00]
Event Rate: [0.96, 0.35, 0.28, 0.37, 0.59, 0.65, 0.39, 0.45, 0.42, 0.54, 0.05, 0.30, 1.00, 1.00, 0.49, 0.33, 0.59, 0.61, 1.00, 1.00]
Event Rate: [0.96, 0.35, 0.28, 0.37, 0.59, 0.65, 0.39, 0.45, 0.41, 0.54, 0.05, 0.30, 1.00, 1.00, 0.50, 0.33, 0.59, 0.61, 1.00, 1.00]
Event Rate: [0.96, 0.35, 0.28, 0.37, 0.58, 0.65, 0.39, 0.45, 0.42, 0.54, 0.05, 0.30, 1.00, 1.00, 0.50, 0.33, 0.59, 0.60, 1.00, 1.00]
Event Rate: [0.96, 0.35, 0.28, 0.36, 0.58, 0.65, 0.38, 0.45, 0.41, 0.54, 0.05, 0.31, 1.00, 1.00, 0.49, 0.33, 0.58, 0.60, 1.00, 1.00]
Event Rate: [0.96, 0.35, 0.28, 0.37, 0.59, 0.65, 0.38, 0.45, 0.42, 0.54, 0.05, 0.31, 1.00, 1.00, 0.49, 0.33, 0.58, 0.60, 1.00, 1.00]
Event Rate: [0.96, 0.35, 0.28, 0.37, 0.59, 0.65, 0.38, 0.45, 0.42, 0.54, 0.05, 0.31, 1.00, 1.00, 0.50, 0.33, 0.59, 0.61, 1.00, 1.00]
Event Rate: [0.96, 0.35, 0.28, 0.36, 0.58, 0.65, 0.38, 0.45, 0.41, 0.54, 0.05, 0.31, 1.00, 1.00, 0.50, 0.33, 0.58, 0.60, 1.00, 1.00]
Event Rate: [0.96, 0.35, 0.28, 0.37, 0.58, 0.65, 0.38, 0.45, 0.41, 0.54, 0.05, 0.30, 1.00, 1.00, 0.50, 0.33, 0.58, 0.60, 1.00, 1.00]
Event Rate: [0.96, 0.34, 0.27, 0.36, 0.58, 0.65, 0.38, 0.45, 0.41, 0.54, 0.05, 0.30, 1.00, 1.00, 0.49, 0.33, 0.58, 0.60, 1.00, 1.00]
Event Rate: [0.95, 0.34, 0.27, 0.36, 0.58, 0.65, 0.38, 0.45, 0.41, 0.54, 0.05, 0.31, 1.00, 1.00, 0.50, 0.33, 0.58, 0.60, 1.00, 1.00]
Event Rate: [0.96, 0.35, 0.28, 0.36, 0.59, 0.66, 0.39, 0.45, 0.41, 0.54, 0.05, 0.30, 1.00, 1.00, 0.50, 0.33, 0.59, 0.61, 1.00, 1.00]
Event Rate: [0.96, 0.34, 0.27, 0.36, 0.58, 0.65, 0.38, 0.45, 0.41, 0.54, 0.05, 0.31, 1.00, 1.00, 0.50, 0.33, 0.58, 0.60, 1.00, 1.00]
Event Rate: [0.96, 0.33, 0.26, 0.35, 0.57, 0.64, 0.37, 0.45, 0.41, 0.53, 0.05, 0.30, 1.00, 1.00, 0.49, 0.32, 0.57, 0.59, 1.00, 1.00]
Event Rate: [0.96, 0.34, 0.27, 0.36, 0.58, 0.65, 0.38, 0.45, 0.41, 0.54, 0.05, 0.31, 1.00, 1.00, 0.50, 0.33, 0.58, 0.60, 1.00, 1.00]
Event Rate: [0.96, 0.36, 0.28, 0.36, 0.59, 0.66, 0.39, 0.45, 0.42, 0.54, 0.05, 0.31, 1.00, 1.00, 0.50, 0.33, 0.59, 0.61, 1.00, 1.00]
Event Rate: [0.96, 0.34, 0.27, 0.36, 0.58, 0.65, 0.38, 0.45, 0.42, 0.54, 0.05, 0.31, 1.00, 1.00, 0.50, 0.33, 0.58, 0.60, 1.00, 1.00]
Event Rate: [0.96, 0.34, 0.28, 0.36, 0.59, 0.66, 0.39, 0.45, 0.42, 0.54, 0.05, 0.31, 1.00, 1.00, 0.50, 0.33, 0.59, 0.60, 1.00, 1.00]
Event Rate: [0.96, 0.35, 0.27, 0.36, 0.58, 0.65, 0.38, 0.45, 0.41, 0.54, 0.05, 0.30, 1.00, 1.00, 0.49, 0.33, 0.58, 0.60, 1.00, 1.00]
Event Rate: [0.96, 0.35, 0.28, 0.36, 0.58, 0.65, 0.38, 0.45, 0.41, 0.53, 0.05, 0.30, 1.00, 1.00, 0.49, 0.33, 0.58, 0.60, 1.00, 1.00]
Event Rate: [0.95, 0.34, 0.27, 0.35, 0.57, 0.65, 0.38, 0.45, 0.41, 0.54, 0.05, 0.30, 1.00, 1.00, 0.50, 0.33, 0.58, 0.60, 1.00, 1.00]
Event Rate: [0.96, 0.35, 0.28, 0.36, 0.59, 0.66, 0.39, 0.45, 0.42, 0.54, 0.05, 0.31, 1.00, 1.00, 0.50, 0.33, 0.59, 0.61, 1.00, 1.00]
Event Rate: [0.96, 0.35, 0.27, 0.36, 0.58, 0.65, 0.38, 0.45, 0.41, 0.53, 0.05, 0.30, 1.00, 1.00, 0.50, 0.33, 0.59, 0.60, 1.00, 1.00]
Event Rate: [0.96, 0.35, 0.28, 0.37, 0.59, 0.66, 0.39, 0.45, 0.42, 0.54, 0.05, 0.30, 1.00, 1.00, 0.50, 0.33, 0.59, 0.61, 1.00, 1.00]
Event Rate: [0.96, 0.35, 0.28, 0.37, 0.59, 0.66, 0.39, 0.45, 0.41, 0.54, 0.05, 0.30, 1.00, 1.00, 0.50, 0.33, 0.59, 0.61, 1.00, 1.00]
Event Rate: [0.96, 0.34, 0.27, 0.36, 0.58, 0.65, 0.38, 0.45, 0.42, 0.54, 0.05, 0.31, 1.00, 1.00, 0.50, 0.33, 0.59, 0.60, 1.00, 1.00]
Event Rate: [0.96, 0.36, 0.28, 0.37, 0.59, 0.65, 0.39, 0.45, 0.42, 0.54, 0.05, 0.30, 1.00, 1.00, 0.50, 0.33, 0.59, 0.61, 1.00, 1.00]
Event Rate: [0.95, 0.35, 0.28, 0.36, 0.58, 0.65, 0.39, 0.45, 0.42, 0.54, 0.05, 0.31, 1.00, 1.00, 0.50, 0.33, 0.59, 0.61, 1.00, 1.00]
Event Rate: [0.96, 0.34, 0.27, 0.35, 0.57, 0.65, 0.38, 0.45, 0.41, 0.54, 0.05, 0.30, 1.00, 1.00, 0.50, 0.33, 0.58, 0.60, 1.00, 1.00]
Event Rate: [0.96, 0.34, 0.27, 0.36, 0.58, 0.65, 0.38, 0.45, 0.41, 0.54, 0.05, 0.30, 1.00, 1.00, 0.50, 0.33, 0.59, 0.60, 1.00, 1.00]
Event Rate: [0.96, 0.35, 0.28, 0.36, 0.58, 0.65, 0.38, 0.45, 0.41, 0.54, 0.05, 0.30, 1.00, 1.00, 0.50, 0.33, 0.59, 0.61, 1.00, 1.00]
Event Rate: [0.96, 0.34, 0.28, 0.36, 0.58, 0.65, 0.39, 0.45, 0.42, 0.54, 0.05, 0.30, 1.00, 1.00, 0.50, 0.33, 0.58, 0.60, 1.00, 1.00]
Event Rate: [0.96, 0.35, 0.28, 0.37, 0.59, 0.65, 0.39, 0.46, 0.42, 0.54, 0.05, 0.31, 1.00, 1.00, 0.50, 0.34, 0.59, 0.61, 1.00, 1.00]
Event Rate: [0.96, 0.35, 0.28, 0.37, 0.59, 0.65, 0.39, 0.45, 0.41, 0.54, 0.05, 0.30, 1.00, 1.00, 0.50, 0.33, 0.59, 0.60, 1.00, 1.00]
Event Rate: [0.96, 0.35, 0.28, 0.37, 0.59, 0.66, 0.39, 0.45, 0.42, 0.54, 0.05, 0.30, 1.00, 1.00, 0.50, 0.33, 0.59, 0.61, 1.00, 1.00]
Event Rate: [0.96, 0.35, 0.28, 0.36, 0.58, 0.65, 0.39, 0.45, 0.41, 0.53, 0.05, 0.30, 1.00, 1.00, 0.50, 0.33, 0.58, 0.60, 1.00, 1.00]
Event Rate: [0.96, 0.35, 0.28, 0.37, 0.59, 0.65, 0.39, 0.45, 0.42, 0.54, 0.05, 0.30, 1.00, 1.00, 0.50, 0.33, 0.59, 0.61, 1.00, 1.00]
Event Rate: [0.96, 0.35, 0.28, 0.36, 0.59, 0.65, 0.38, 0.45, 0.41, 0.53, 0.05, 0.30, 1.00, 1.00, 0.50, 0.33, 0.59, 0.61, 1.00, 1.00]
Event Rate: [0.96, 0.35, 0.28, 0.37, 0.59, 0.65, 0.39, 0.45, 0.42, 0.54, 0.05, 0.30, 1.00, 1.00, 0.50, 0.33, 0.59, 0.60, 1.00, 1.00]
Event Rate: [0.96, 0.34, 0.27, 0.36, 0.58, 0.64, 0.38, 0.45, 0.41, 0.54, 0.05, 0.30, 1.00, 1.00, 0.50, 0.33, 0.58, 0.60, 1.00, 1.00]
Event Rate: [0.96, 0.35, 0.28, 0.37, 0.59, 0.65, 0.39, 0.45, 0.41, 0.53, 0.05, 0.30, 1.00, 1.00, 0.49, 0.33, 0.59, 0.60, 1.00, 1.00]
Event Rate: [0.96, 0.35, 0.28, 0.37, 0.59, 0.65, 0.39, 0.45, 0.42, 0.54, 0.05, 0.30, 1.00, 1.00, 0.49, 0.33, 0.59, 0.61, 1.00, 1.00]
Event Rate: [0.96, 0.35, 0.27, 0.36, 0.58, 0.65, 0.38, 0.45, 0.42, 0.54, 0.05, 0.31, 1.00, 1.00, 0.50, 0.33, 0.59, 0.60, 1.00, 1.00]
Event Rate: [0.96, 0.34, 0.27, 0.36, 0.58, 0.65, 0.38, 0.45, 0.42, 0.54, 0.05, 0.31, 1.00, 1.00, 0.50, 0.33, 0.58, 0.60, 1.00, 1.00]
Event Rate: [0.96, 0.35, 0.28, 0.36, 0.58, 0.65, 0.39, 0.45, 0.42, 0.54, 0.05, 0.31, 1.00, 1.00, 0.50, 0.33, 0.59, 0.61, 1.00, 1.00]
Event Rate: [0.96, 0.35, 0.28, 0.36, 0.59, 0.66, 0.39, 0.45, 0.41, 0.53, 0.05, 0.30, 1.00, 1.00, 0.49, 0.33, 0.59, 0.60, 1.00, 1.00]
Event Rate: [0.96, 0.34, 0.27, 0.36, 0.58, 0.65, 0.38, 0.45, 0.41, 0.53, 0.05, 0.31, 1.00, 1.00, 0.49, 0.33, 0.58, 0.60, 1.00, 1.00]
Event Rate: [0.95, 0.35, 0.28, 0.36, 0.59, 0.65, 0.39, 0.45, 0.42, 0.54, 0.05, 0.31, 1.00, 1.00, 0.50, 0.33, 0.59, 0.61, 1.00, 1.00]
Event Rate: [0.96, 0.35, 0.27, 0.36, 0.58, 0.65, 0.38, 0.45, 0.41, 0.53, 0.05, 0.30, 1.00, 1.00, 0.49, 0.33, 0.59, 0.60, 1.00, 1.00]
Event Rate: [0.96, 0.35, 0.28, 0.36, 0.58, 0.65, 0.38, 0.45, 0.41, 0.54, 0.05, 0.30, 1.00, 1.00, 0.49, 0.33, 0.58, 0.60, 1.00, 1.00]
Event Rate: [0.96, 0.36, 0.28, 0.37, 0.59, 0.66, 0.39, 0.45, 0.42, 0.54, 0.05, 0.30, 1.00, 1.00, 0.50, 0.33, 0.59, 0.61, 1.00, 1.00]
Event Rate: [0.96, 0.34, 0.27, 0.36, 0.58, 0.65, 0.38, 0.45, 0.41, 0.53, 0.05, 0.30, 1.00, 1.00, 0.49, 0.33, 0.58, 0.60, 1.00, 1.00]
Event Rate: [0.96, 0.35, 0.28, 0.36, 0.58, 0.65, 0.38, 0.45, 0.41, 0.54, 0.05, 0.30, 1.00, 1.00, 0.50, 0.33, 0.59, 0.60, 1.00, 1.00]
Event Rate: [0.96, 0.34, 0.27, 0.36, 0.58, 0.65, 0.38, 0.45, 0.41, 0.53, 0.05, 0.30, 1.00, 1.00, 0.49, 0.33, 0.58, 0.60, 1.00, 1.00]
Event Rate: [0.96, 0.34, 0.27, 0.36, 0.58, 0.65, 0.39, 0.45, 0.41, 0.54, 0.05, 0.31, 1.00, 1.00, 0.50, 0.33, 0.59, 0.60, 1.00, 1.00]
Event Rate: [0.96, 0.35, 0.28, 0.37, 0.59, 0.65, 0.39, 0.45, 0.42, 0.54, 0.05, 0.31, 1.00, 1.00, 0.50, 0.33, 0.59, 0.61, 1.00, 1.00]
Event Rate: [0.96, 0.34, 0.27, 0.36, 0.58, 0.65, 0.39, 0.45, 0.41, 0.53, 0.05, 0.30, 1.00, 1.00, 0.50, 0.33, 0.59, 0.60, 1.00, 1.00]
Event Rate: [0.96, 0.36, 0.28, 0.37, 0.59, 0.66, 0.39, 0.45, 0.42, 0.54, 0.05, 0.31, 1.00, 1.00, 0.50, 0.34, 0.59, 0.61, 1.00, 1.00]
Event Rate: [0.96, 0.36, 0.29, 0.38, 0.59, 0.66, 0.39, 0.46, 0.42, 0.54, 0.05, 0.31, 1.00, 1.00, 0.51, 0.34, 0.59, 0.61, 1.00, 1.00]
Event Rate: [0.96, 0.35, 0.28, 0.37, 0.59, 0.66, 0.39, 0.45, 0.42, 0.54, 0.05, 0.31, 1.00, 1.00, 0.50, 0.33, 0.59, 0.61, 1.00, 1.00]
Event Rate: [0.96, 0.34, 0.27, 0.36, 0.58, 0.65, 0.38, 0.45, 0.41, 0.54, 0.05, 0.31, 1.00, 1.00, 0.50, 0.33, 0.58, 0.60, 1.00, 1.00]
Event Rate: [0.96, 0.35, 0.28, 0.37, 0.59, 0.66, 0.39, 0.45, 0.42, 0.54, 0.05, 0.31, 1.00, 1.00, 0.50, 0.33, 0.59, 0.61, 1.00, 1.00]
Event Rate: [0.96, 0.34, 0.27, 0.36, 0.58, 0.65, 0.38, 0.45, 0.42, 0.54, 0.05, 0.31, 1.00, 1.00, 0.50, 0.33, 0.58, 0.60, 1.00, 1.00]
Event Rate: [0.96, 0.35, 0.28, 0.37, 0.58, 0.65, 0.39, 0.45, 0.42, 0.54, 0.05, 0.31, 1.00, 1.00, 0.50, 0.33, 0.59, 0.60, 1.00, 1.00]
Event Rate: [0.95, 0.35, 0.28, 0.36, 0.58, 0.65, 0.38, 0.45, 0.41, 0.54, 0.05, 0.30, 1.00, 1.00, 0.49, 0.33, 0.59, 0.60, 1.00, 1.00]
Event Rate: [0.95, 0.35, 0.28, 0.37, 0.59, 0.66, 0.39, 0.45, 0.41, 0.53, 0.05, 0.30, 1.00, 1.00, 0.50, 0.33, 0.59, 0.61, 1.00, 1.00]
Event Rate: [0.96, 0.35, 0.28, 0.36, 0.59, 0.65, 0.39, 0.45, 0.41, 0.53, 0.05, 0.30, 1.00, 1.00, 0.50, 0.33, 0.59, 0.60, 1.00, 1.00]
Event Rate: [0.96, 0.35, 0.28, 0.37, 0.59, 0.65, 0.39, 0.45, 0.41, 0.53, 0.05, 0.30, 1.00, 1.00, 0.49, 0.33, 0.59, 0.60, 1.00, 1.00]
Event Rate: [0.96, 0.34, 0.27, 0.36, 0.58, 0.65, 0.38, 0.45, 0.42, 0.54, 0.05, 0.31, 1.00, 1.00, 0.50, 0.33, 0.58, 0.60, 1.00, 1.00]
Event Rate: [0.96, 0.35, 0.28, 0.37, 0.59, 0.65, 0.39, 0.45, 0.42, 0.54, 0.05, 0.31, 1.00, 1.00, 0.50, 0.33, 0.59, 0.60, 1.00, 1.00]
Event Rate: [0.96, 0.35, 0.28, 0.37, 0.58, 0.65, 0.39, 0.45, 0.41, 0.53, 0.05, 0.30, 1.00, 1.00, 0.49, 0.33, 0.59, 0.60, 1.00, 1.00]
Event Rate: [0.96, 0.34, 0.27, 0.36, 0.58, 0.65, 0.38, 0.45, 0.41, 0.53, 0.05, 0.30, 1.00, 1.00, 0.49, 0.33, 0.58, 0.60, 1.00, 1.00]
Event Rate: [0.96, 0.34, 0.27, 0.36, 0.58, 0.65, 0.38, 0.45, 0.41, 0.53, 0.05, 0.30, 1.00, 1.00, 0.49, 0.33, 0.58, 0.60, 1.00, 1.00]
Event Rate: [0.96, 0.34, 0.27, 0.36, 0.58, 0.64, 0.38, 0.45, 0.41, 0.54, 0.05, 0.31, 1.00, 1.00, 0.50, 0.33, 0.58, 0.60, 1.00, 1.00]
Event Rate: [0.95, 0.35, 0.28, 0.37, 0.58, 0.65, 0.39, 0.45, 0.41, 0.54, 0.05, 0.30, 1.00, 1.00, 0.50, 0.33, 0.58, 0.60, 1.00, 1.00]
Event Rate: [0.96, 0.35, 0.28, 0.37, 0.59, 0.65, 0.39, 0.45, 0.42, 0.54, 0.05, 0.31, 1.00, 1.00, 0.50, 0.33, 0.59, 0.61, 1.00, 1.00]
Event Rate: [0.96, 0.34, 0.27, 0.36, 0.58, 0.64, 0.38, 0.45, 0.41, 0.53, 0.05, 0.30, 1.00, 1.00, 0.49, 0.33, 0.58, 0.60, 1.00, 1.00]
Event Rate: [0.96, 0.34, 0.27, 0.36, 0.58, 0.65, 0.38, 0.45, 0.42, 0.54, 0.05, 0.31, 1.00, 1.00, 0.50, 0.33, 0.58, 0.60, 1.00, 1.00]
Event Rate: [0.95, 0.34, 0.27, 0.36, 0.58, 0.65, 0.38, 0.45, 0.41, 0.54, 0.05, 0.30, 1.00, 1.00, 0.50, 0.33, 0.58, 0.60, 1.00, 1.00]
Event Rate: [0.96, 0.35, 0.27, 0.37, 0.59, 0.65, 0.39, 0.45, 0.42, 0.54, 0.05, 0.31, 1.00, 1.00, 0.50, 0.33, 0.59, 0.61, 1.00, 1.00]
Event Rate: [0.96, 0.34, 0.27, 0.36, 0.58, 0.65, 0.38, 0.45, 0.41, 0.53, 0.05, 0.30, 1.00, 1.00, 0.49, 0.33, 0.58, 0.60, 1.00, 1.00]
Event Rate: [0.96, 0.35, 0.28, 0.37, 0.58, 0.65, 0.39, 0.45, 0.42, 0.54, 0.05, 0.31, 1.00, 1.00, 0.50, 0.33, 0.59, 0.61, 1.00, 1.00]
Event Rate: [0.96, 0.36, 0.28, 0.37, 0.59, 0.65, 0.39, 0.45, 0.42, 0.54, 0.05, 0.31, 1.00, 1.00, 0.50, 0.33, 0.59, 0.61, 1.00, 1.00]
Event Rate: [0.96, 0.34, 0.27, 0.35, 0.58, 0.65, 0.38, 0.45, 0.41, 0.54, 0.05, 0.31, 1.00, 1.00, 0.50, 0.33, 0.58, 0.60, 1.00, 1.00]
Event Rate: [0.96, 0.35, 0.28, 0.37, 0.58, 0.65, 0.39, 0.45, 0.41, 0.53, 0.05, 0.30, 1.00, 1.00, 0.49, 0.33, 0.59, 0.60, 1.00, 1.00]
Event Rate: [0.96, 0.33, 0.26, 0.35, 0.57, 0.64, 0.38, 0.44, 0.41, 0.53, 0.05, 0.30, 1.00, 1.00, 0.49, 0.33, 0.58, 0.59, 1.00, 1.00]
Event Rate: [0.96, 0.35, 0.27, 0.36, 0.59, 0.65, 0.39, 0.45, 0.41, 0.53, 0.05, 0.30, 1.00, 1.00, 0.49, 0.33, 0.59, 0.60, 1.00, 1.00]
Event Rate: [0.96, 0.35, 0.28, 0.37, 0.59, 0.65, 0.39, 0.45, 0.42, 0.54, 0.05, 0.31, 1.00, 1.00, 0.50, 0.33, 0.59, 0.61, 1.00, 1.00]
Event Rate: [0.96, 0.35, 0.28, 0.37, 0.58, 0.65, 0.39, 0.45, 0.42, 0.54, 0.05, 0.31, 1.00, 1.00, 0.50, 0.33, 0.59, 0.61, 1.00, 1.00]
Event Rate: [0.96, 0.35, 0.28, 0.37, 0.59, 0.65, 0.39, 0.45, 0.41, 0.54, 0.05, 0.31, 1.00, 1.00, 0.50, 0.33, 0.59, 0.60, 1.00, 1.00]
Event Rate: [0.96, 0.35, 0.28, 0.36, 0.58, 0.65, 0.39, 0.45, 0.42, 0.54, 0.05, 0.31, 1.00, 1.00, 0.50, 0.33, 0.59, 0.60, 1.00, 1.00]
Event Rate: [0.96, 0.35, 0.28, 0.37, 0.59, 0.66, 0.39, 0.45, 0.42, 0.54, 0.05, 0.31, 1.00, 1.00, 0.50, 0.33, 0.59, 0.61, 1.00, 1.00]
Event Rate: [0.96, 0.36, 0.29, 0.37, 0.59, 0.66, 0.39, 0.46, 0.42, 0.54, 0.05, 0.31, 1.00, 1.00, 0.51, 0.34, 0.59, 0.61, 1.00, 1.00]
Event Rate: [0.96, 0.34, 0.27, 0.36, 0.58, 0.65, 0.38, 0.45, 0.41, 0.53, 0.05, 0.30, 1.00, 1.00, 0.49, 0.33, 0.58, 0.60, 1.00, 1.00]
Event Rate: [0.96, 0.34, 0.27, 0.36, 0.58, 0.65, 0.38, 0.45, 0.41, 0.53, 0.05, 0.30, 1.00, 1.00, 0.49, 0.33, 0.58, 0.60, 1.00, 1.00]
Event Rate: [0.96, 0.34, 0.27, 0.36, 0.57, 0.65, 0.38, 0.45, 0.41, 0.53, 0.05, 0.31, 1.00, 1.00, 0.49, 0.33, 0.58, 0.60, 1.00, 1.00]
Event Rate: [0.96, 0.36, 0.28, 0.37, 0.59, 0.66, 0.39, 0.45, 0.42, 0.54, 0.05, 0.31, 1.00, 1.00, 0.50, 0.34, 0.59, 0.61, 1.00, 1.00]
Event Rate: [0.96, 0.34, 0.27, 0.36, 0.58, 0.64, 0.38, 0.45, 0.41, 0.53, 0.05, 0.31, 1.00, 1.00, 0.50, 0.33, 0.58, 0.60, 1.00, 1.00]
Event Rate: [0.96, 0.34, 0.27, 0.36, 0.58, 0.65, 0.38, 0.45, 0.42, 0.54, 0.05, 0.31, 1.00, 1.00, 0.50, 0.33, 0.58, 0.60, 1.00, 1.00]
Event Rate: [0.96, 0.35, 0.28, 0.36, 0.59, 0.66, 0.39, 0.45, 0.42, 0.54, 0.05, 0.31, 1.00, 1.00, 0.50, 0.33, 0.59, 0.61, 1.00, 1.00]
Event Rate: [0.96, 0.35, 0.28, 0.37, 0.59, 0.65, 0.39, 0.45, 0.41, 0.53, 0.05, 0.30, 1.00, 1.00, 0.49, 0.33, 0.59, 0.60, 1.00, 1.00]
Event Rate: [0.96, 0.35, 0.28, 0.37, 0.58, 0.65, 0.39, 0.45, 0.41, 0.54, 0.05, 0.30, 1.00, 1.00, 0.50, 0.33, 0.59, 0.60, 1.00, 1.00]
Event Rate: [0.95, 0.34, 0.27, 0.36, 0.58, 0.65, 0.38, 0.45, 0.41, 0.53, 0.05, 0.30, 1.00, 1.00, 0.49, 0.33, 0.58, 0.60, 1.00, 1.00]
Event Rate: [0.95, 0.34, 0.27, 0.36, 0.58, 0.65, 0.39, 0.45, 0.41, 0.54, 0.05, 0.31, 1.00, 1.00, 0.50, 0.33, 0.58, 0.60, 1.00, 1.00]
Event Rate: [0.96, 0.35, 0.28, 0.36, 0.59, 0.65, 0.39, 0.45, 0.41, 0.53, 0.05, 0.30, 1.00, 1.00, 0.49, 0.33, 0.59, 0.60, 1.00, 1.00]
Event Rate: [0.96, 0.35, 0.27, 0.36, 0.58, 0.65, 0.38, 0.45, 0.41, 0.54, 0.05, 0.31, 1.00, 1.00, 0.50, 0.33, 0.58, 0.60, 1.00, 1.00]
Event Rate: [0.96, 0.35, 0.28, 0.37, 0.59, 0.66, 0.39, 0.45, 0.42, 0.54, 0.05, 0.31, 1.00, 1.00, 0.50, 0.33, 0.59, 0.61, 1.00, 1.00]
Event Rate: [0.96, 0.35, 0.28, 0.37, 0.59, 0.65, 0.39, 0.45, 0.41, 0.53, 0.05, 0.30, 1.00, 1.00, 0.50, 0.33, 0.59, 0.61, 1.00, 1.00]
Event Rate: [0.96, 0.35, 0.28, 0.37, 0.59, 0.65, 0.39, 0.45, 0.42, 0.54, 0.05, 0.30, 1.00, 1.00, 0.50, 0.33, 0.59, 0.61, 1.00, 1.00]
Event Rate: [0.96, 0.35, 0.28, 0.36, 0.58, 0.65, 0.38, 0.45, 0.42, 0.54, 0.05, 0.31, 1.00, 1.00, 0.50, 0.33, 0.59, 0.61, 1.00, 1.00]
Event Rate: [0.96, 0.34, 0.27, 0.36, 0.58, 0.65, 0.38, 0.45, 0.41, 0.53, 0.05, 0.30, 1.00, 1.00, 0.49, 0.33, 0.58, 0.60, 1.00, 1.00]
Event Rate: [0.96, 0.35, 0.28, 0.37, 0.59, 0.66, 0.39, 0.45, 0.41, 0.53, 0.05, 0.30, 1.00, 1.00, 0.49, 0.33, 0.59, 0.60, 1.00, 1.00]
Event Rate: [0.96, 0.35, 0.28, 0.36, 0.58, 0.65, 0.38, 0.45, 0.41, 0.54, 0.05, 0.30, 1.00, 1.00, 0.50, 0.33, 0.59, 0.60, 1.00, 1.00]
Event Rate: [0.96, 0.35, 0.28, 0.37, 0.59, 0.66, 0.39, 0.46, 0.42, 0.54, 0.05, 0.31, 1.00, 1.00, 0.50, 0.33, 0.59, 0.61, 1.00, 1.00]
Event Rate: [0.96, 0.35, 0.28, 0.37, 0.59, 0.65, 0.39, 0.45, 0.42, 0.54, 0.05, 0.31, 1.00, 1.00, 0.50, 0.33, 0.59, 0.61, 1.00, 1.00]
Event Rate: [0.96, 0.35, 0.27, 0.37, 0.59, 0.66, 0.39, 0.45, 0.41, 0.54, 0.05, 0.30, 1.00, 1.00, 0.50, 0.33, 0.59, 0.61, 1.00, 1.00]
Event Rate: [0.96, 0.34, 0.27, 0.36, 0.58, 0.65, 0.38, 0.45, 0.41, 0.54, 0.05, 0.31, 1.00, 1.00, 0.50, 0.33, 0.58, 0.60, 1.00, 1.00]
Event Rate: [0.96, 0.35, 0.27, 0.36, 0.58, 0.65, 0.38, 0.45, 0.42, 0.54, 0.05, 0.31, 1.00, 1.00, 0.50, 0.33, 0.58, 0.60, 1.00, 1.00]
Event Rate: [0.96, 0.35, 0.28, 0.36, 0.59, 0.65, 0.39, 0.45, 0.42, 0.54, 0.05, 0.31, 1.00, 1.00, 0.50, 0.33, 0.59, 0.61, 1.00, 1.00]
Event Rate: [0.96, 0.35, 0.28, 0.37, 0.59, 0.66, 0.39, 0.46, 0.42, 0.54, 0.05, 0.31, 1.00, 1.00, 0.50, 0.34, 0.59, 0.61, 1.00, 1.00]
Event Rate: [0.96, 0.35, 0.28, 0.37, 0.59, 0.65, 0.39, 0.45, 0.42, 0.54, 0.05, 0.30, 1.00, 1.00, 0.50, 0.33, 0.59, 0.61, 1.00, 1.00]
Event Rate: [0.96, 0.36, 0.28, 0.37, 0.59, 0.66, 0.39, 0.45, 0.42, 0.54, 0.05, 0.30, 1.00, 1.00, 0.50, 0.33, 0.60, 0.61, 1.00, 1.00]
Event Rate: [0.96, 0.35, 0.28, 0.37, 0.59, 0.66, 0.39, 0.45, 0.42, 0.54, 0.05, 0.31, 1.00, 1.00, 0.50, 0.33, 0.59, 0.61, 1.00, 1.00]
Event Rate: [0.96, 0.35, 0.28, 0.37, 0.58, 0.65, 0.39, 0.45, 0.41, 0.53, 0.05, 0.30, 1.00, 1.00, 0.50, 0.33, 0.59, 0.60, 1.00, 1.00]
Event Rate: [0.96, 0.34, 0.28, 0.36, 0.58, 0.65, 0.39, 0.45, 0.41, 0.54, 0.05, 0.31, 1.00, 1.00, 0.50, 0.33, 0.59, 0.60, 1.00, 1.00]
Event Rate: [0.96, 0.34, 0.27, 0.36, 0.58, 0.65, 0.39, 0.45, 0.41, 0.53, 0.05, 0.30, 1.00, 1.00, 0.50, 0.33, 0.59, 0.60, 1.00, 1.00]
Event Rate: [0.96, 0.35, 0.28, 0.36, 0.58, 0.65, 0.39, 0.45, 0.41, 0.54, 0.05, 0.31, 1.00, 1.00, 0.50, 0.33, 0.59, 0.60, 1.00, 1.00]
Event Rate: [0.96, 0.35, 0.28, 0.36, 0.59, 0.66, 0.39, 0.45, 0.42, 0.54, 0.05, 0.31, 1.00, 1.00, 0.50, 0.33, 0.59, 0.61, 1.00, 1.00]
Event Rate: [0.95, 0.36, 0.28, 0.37, 0.59, 0.66, 0.39, 0.45, 0.41, 0.54, 0.05, 0.31, 1.00, 1.00, 0.50, 0.33, 0.59, 0.61, 1.00, 1.00]
Event Rate: [0.96, 0.35, 0.27, 0.36, 0.58, 0.65, 0.38, 0.45, 0.41, 0.53, 0.05, 0.30, 1.00, 1.00, 0.49, 0.33, 0.59, 0.60, 1.00, 1.00]
Event Rate: [0.96, 0.35, 0.28, 0.37, 0.58, 0.65, 0.39, 0.45, 0.41, 0.53, 0.05, 0.30, 1.00, 1.00, 0.49, 0.33, 0.59, 0.60, 1.00, 1.00]
Event Rate: [0.95, 0.34, 0.27, 0.35, 0.57, 0.65, 0.38, 0.45, 0.41, 0.53, 0.05, 0.30, 1.00, 1.00, 0.49, 0.33, 0.58, 0.60, 1.00, 1.00]
Event Rate: [0.96, 0.35, 0.28, 0.37, 0.59, 0.66, 0.39, 0.45, 0.42, 0.54, 0.05, 0.31, 1.00, 1.00, 0.50, 0.33, 0.59, 0.61, 1.00, 1.00]
Event Rate: [0.96, 0.34, 0.27, 0.36, 0.58, 0.65, 0.38, 0.45, 0.41, 0.53, 0.05, 0.31, 1.00, 1.00, 0.49, 0.33, 0.58, 0.60, 1.00, 1.00]
Event Rate: [0.95, 0.35, 0.28, 0.37, 0.59, 0.66, 0.39, 0.45, 0.41, 0.53, 0.05, 0.30, 1.00, 1.00, 0.50, 0.33, 0.59, 0.61, 1.00, 1.00]
Event Rate: [0.96, 0.34, 0.27, 0.36, 0.58, 0.65, 0.38, 0.45, 0.41, 0.53, 0.05, 0.30, 1.00, 1.00, 0.50, 0.33, 0.59, 0.60, 1.00, 1.00]
Event Rate: [0.96, 0.35, 0.28, 0.36, 0.59, 0.66, 0.39, 0.45, 0.42, 0.54, 0.05, 0.31, 1.00, 1.00, 0.50, 0.33, 0.59, 0.61, 1.00, 1.00]
Event Rate: [0.96, 0.35, 0.28, 0.36, 0.59, 0.66, 0.39, 0.45, 0.42, 0.54, 0.05, 0.31, 1.00, 1.00, 0.50, 0.33, 0.59, 0.61, 1.00, 1.00]
Event Rate: [0.96, 0.35, 0.28, 0.37, 0.58, 0.65, 0.39, 0.45, 0.41, 0.54, 0.05, 0.31, 1.00, 1.00, 0.50, 0.33, 0.59, 0.61, 1.00, 1.00]
Event Rate: [0.96, 0.34, 0.27, 0.36, 0.58, 0.65, 0.39, 0.45, 0.41, 0.53, 0.05, 0.31, 1.00, 1.00, 0.49, 0.33, 0.59, 0.60, 1.00, 1.00]
Event Rate: [0.96, 0.35, 0.28, 0.36, 0.58, 0.65, 0.38, 0.45, 0.41, 0.53, 0.05, 0.30, 1.00, 1.00, 0.49, 0.33, 0.58, 0.60, 1.00, 1.00]
Event Rate: [0.96, 0.34, 0.27, 0.36, 0.58, 0.65, 0.38, 0.45, 0.42, 0.53, 0.05, 0.31, 1.00, 1.00, 0.50, 0.33, 0.59, 0.60, 1.00, 1.00]
Event Rate: [0.96, 0.34, 0.27, 0.36, 0.58, 0.65, 0.38, 0.45, 0.42, 0.53, 0.05, 0.31, 1.00, 1.00, 0.50, 0.33, 0.59, 0.60, 1.00, 1.00]
Event Rate: [0.96, 0.34, 0.27, 0.36, 0.58, 0.65, 0.38, 0.45, 0.41, 0.53, 0.05, 0.30, 1.00, 1.00, 0.49, 0.33, 0.58, 0.60, 1.00, 1.00]
Event Rate: [0.96, 0.34, 0.27, 0.36, 0.58, 0.65, 0.38, 0.45, 0.42, 0.54, 0.05, 0.31, 1.00, 1.00, 0.50, 0.33, 0.58, 0.60, 1.00, 1.00]
Event Rate: [0.96, 0.34, 0.27, 0.36, 0.58, 0.64, 0.38, 0.45, 0.41, 0.53, 0.05, 0.30, 1.00, 1.00, 0.50, 0.33, 0.58, 0.60, 1.00, 1.00]
Event Rate: [0.96, 0.34, 0.27, 0.36, 0.58, 0.65, 0.39, 0.45, 0.42, 0.54, 0.05, 0.31, 1.00, 1.00, 0.50, 0.33, 0.59, 0.60, 1.00, 1.00]
Event Rate: [0.96, 0.35, 0.28, 0.37, 0.59, 0.66, 0.39, 0.45, 0.42, 0.53, 0.05, 0.31, 1.00, 1.00, 0.50, 0.33, 0.59, 0.61, 1.00, 1.00]
Event Rate: [0.96, 0.34, 0.27, 0.36, 0.58, 0.65, 0.38, 0.45, 0.41, 0.53, 0.05, 0.30, 1.00, 1.00, 0.49, 0.33, 0.58, 0.60, 1.00, 1.00]
Event Rate: [0.96, 0.35, 0.28, 0.37, 0.59, 0.65, 0.39, 0.45, 0.42, 0.54, 0.05, 0.31, 1.00, 1.00, 0.50, 0.33, 0.59, 0.60, 1.00, 1.00]
Event Rate: [0.96, 0.34, 0.27, 0.36, 0.58, 0.65, 0.38, 0.45, 0.41, 0.53, 0.05, 0.30, 1.00, 1.00, 0.49, 0.33, 0.59, 0.60, 1.00, 1.00]
Event Rate: [0.96, 0.35, 0.28, 0.37, 0.59, 0.66, 0.39, 0.45, 0.42, 0.54, 0.05, 0.31, 1.00, 1.00, 0.50, 0.33, 0.59, 0.60, 1.00, 1.00]
Event Rate: [0.96, 0.35, 0.28, 0.37, 0.59, 0.66, 0.39, 0.45, 0.42, 0.54, 0.05, 0.31, 1.00, 1.00, 0.50, 0.33, 0.59, 0.61, 1.00, 1.00]
Event Rate: [0.96, 0.35, 0.28, 0.37, 0.58, 0.65, 0.38, 0.45, 0.41, 0.53, 0.05, 0.30, 1.00, 1.00, 0.49, 0.33, 0.58, 0.60, 1.00, 1.00]
Event Rate: [0.95, 0.35, 0.28, 0.37, 0.59, 0.66, 0.39, 0.45, 0.42, 0.54, 0.05, 0.31, 1.00, 1.00, 0.50, 0.33, 0.59, 0.61, 1.00, 1.00]
Event Rate: [0.95, 0.35, 0.28, 0.37, 0.59, 0.66, 0.39, 0.45, 0.42, 0.54, 0.05, 0.31, 1.00, 1.00, 0.50, 0.33, 0.59, 0.61, 1.00, 1.00]
Event Rate: [0.95, 0.34, 0.28, 0.37, 0.58, 0.65, 0.39, 0.45, 0.41, 0.54, 0.05, 0.31, 1.00, 1.00, 0.49, 0.33, 0.59, 0.60, 1.00, 1.00]
Event Rate: [0.96, 0.35, 0.28, 0.37, 0.59, 0.66, 0.39, 0.46, 0.42, 0.54, 0.05, 0.31, 1.00, 1.00, 0.50, 0.33, 0.60, 0.61, 1.00, 1.00]
Event Rate: [0.96, 0.34, 0.27, 0.36, 0.58, 0.65, 0.38, 0.45, 0.42, 0.54, 0.05, 0.31, 1.00, 1.00, 0.49, 0.33, 0.59, 0.60, 1.00, 1.00]
Event Rate: [0.96, 0.34, 0.27, 0.36, 0.58, 0.65, 0.38, 0.45, 0.42, 0.54, 0.05, 0.31, 1.00, 1.00, 0.49, 0.33, 0.58, 0.60, 1.00, 1.00]
Event Rate: [0.96, 0.35, 0.28, 0.37, 0.59, 0.66, 0.39, 0.45, 0.42, 0.54, 0.05, 0.31, 1.00, 1.00, 0.50, 0.33, 0.59, 0.61, 1.00, 1.00]
Event Rate: [0.95, 0.34, 0.27, 0.36, 0.58, 0.65, 0.38, 0.45, 0.41, 0.53, 0.05, 0.31, 1.00, 1.00, 0.49, 0.33, 0.59, 0.60, 1.00, 1.00]
Event Rate: [0.96, 0.35, 0.28, 0.37, 0.58, 0.66, 0.39, 0.45, 0.42, 0.54, 0.05, 0.31, 1.00, 1.00, 0.50, 0.33, 0.59, 0.61, 1.00, 1.00]
Event Rate: [0.96, 0.34, 0.27, 0.36, 0.57, 0.64, 0.38, 0.45, 0.41, 0.53, 0.05, 0.31, 1.00, 1.00, 0.49, 0.32, 0.58, 0.59, 1.00, 1.00]
Event Rate: [0.96, 0.34, 0.27, 0.36, 0.58, 0.65, 0.38, 0.45, 0.41, 0.53, 0.05, 0.30, 1.00, 1.00, 0.49, 0.32, 0.59, 0.60, 1.00, 1.00]
Event Rate: [0.96, 0.35, 0.28, 0.37, 0.59, 0.65, 0.39, 0.45, 0.42, 0.53, 0.05, 0.31, 1.00, 1.00, 0.50, 0.33, 0.59, 0.60, 1.00, 1.00]
Event Rate: [0.95, 0.35, 0.28, 0.37, 0.59, 0.65, 0.39, 0.45, 0.42, 0.54, 0.05, 0.31, 1.00, 1.00, 0.50, 0.33, 0.59, 0.60, 1.00, 1.00]
Event Rate: [0.96, 0.35, 0.28, 0.37, 0.59, 0.66, 0.39, 0.45, 0.42, 0.54, 0.05, 0.31, 1.00, 1.00, 0.50, 0.33, 0.60, 0.61, 1.00, 1.00]
Event Rate: [0.96, 0.35, 0.28, 0.37, 0.58, 0.65, 0.39, 0.45, 0.42, 0.54, 0.05, 0.31, 1.00, 1.00, 0.50, 0.33, 0.59, 0.60, 1.00, 1.00]
Event Rate: [0.96, 0.35, 0.28, 0.37, 0.58, 0.65, 0.39, 0.45, 0.42, 0.54, 0.05, 0.31, 1.00, 1.00, 0.50, 0.33, 0.59, 0.60, 1.00, 1.00]
Event Rate: [0.96, 0.34, 0.27, 0.36, 0.58, 0.65, 0.38, 0.45, 0.41, 0.53, 0.05, 0.31, 1.00, 1.00, 0.49, 0.33, 0.59, 0.60, 1.00, 1.00]
Event Rate: [0.96, 0.34, 0.27, 0.36, 0.58, 0.65, 0.39, 0.45, 0.42, 0.54, 0.05, 0.31, 1.00, 1.00, 0.50, 0.33, 0.59, 0.60, 1.00, 1.00]
Event Rate: [0.96, 0.35, 0.28, 0.37, 0.59, 0.66, 0.39, 0.45, 0.42, 0.53, 0.05, 0.31, 1.00, 1.00, 0.50, 0.33, 0.60, 0.61, 1.00, 1.00]
Event Rate: [0.96, 0.34, 0.27, 0.37, 0.58, 0.65, 0.39, 0.45, 0.41, 0.53, 0.05, 0.31, 1.00, 1.00, 0.49, 0.33, 0.59, 0.60, 1.00, 1.00]
Event Rate: [0.96, 0.34, 0.27, 0.36, 0.58, 0.66, 0.39, 0.45, 0.42, 0.53, 0.05, 0.31, 1.00, 1.00, 0.49, 0.32, 0.59, 0.60, 1.00, 1.00]
Event Rate: [0.96, 0.35, 0.28, 0.37, 0.59, 0.66, 0.39, 0.45, 0.42, 0.54, 0.05, 0.31, 1.00, 1.00, 0.50, 0.33, 0.59, 0.61, 1.00, 1.00]
Event Rate: [0.96, 0.36, 0.29, 0.38, 0.60, 0.66, 0.40, 0.46, 0.42, 0.54, 0.05, 0.31, 1.00, 1.00, 0.50, 0.33, 0.60, 0.61, 1.00, 1.00]
Event Rate: [0.96, 0.35, 0.28, 0.37, 0.59, 0.66, 0.39, 0.45, 0.42, 0.54, 0.05, 0.31, 1.00, 1.00, 0.50, 0.33, 0.59, 0.61, 1.00, 1.00]
Event Rate: [0.96, 0.35, 0.28, 0.37, 0.58, 0.65, 0.39, 0.45, 0.42, 0.54, 0.05, 0.31, 1.00, 1.00, 0.50, 0.33, 0.59, 0.60, 1.00, 1.00]
Event Rate: [0.96, 0.35, 0.28, 0.37, 0.59, 0.65, 0.39, 0.45, 0.42, 0.54, 0.05, 0.31, 1.00, 1.00, 0.50, 0.33, 0.59, 0.61, 1.00, 1.00]
Event Rate: [0.96, 0.34, 0.27, 0.36, 0.58, 0.65, 0.39, 0.45, 0.41, 0.53, 0.05, 0.31, 1.00, 1.00, 0.49, 0.32, 0.59, 0.60, 1.00, 1.00]
Event Rate: [0.96, 0.34, 0.27, 0.36, 0.57, 0.65, 0.38, 0.45, 0.42, 0.54, 0.05, 0.31, 1.00, 1.00, 0.49, 0.32, 0.58, 0.60, 1.00, 1.00]
Event Rate: [0.96, 0.34, 0.27, 0.36, 0.58, 0.65, 0.39, 0.45, 0.42, 0.54, 0.05, 0.31, 1.00, 1.00, 0.50, 0.32, 0.59, 0.60, 1.00, 1.00]
Event Rate: [0.96, 0.35, 0.28, 0.37, 0.58, 0.66, 0.39, 0.45, 0.42, 0.54, 0.05, 0.31, 1.00, 1.00, 0.50, 0.33, 0.59, 0.61, 1.00, 1.00]
Event Rate: [0.95, 0.35, 0.28, 0.37, 0.58, 0.65, 0.39, 0.45, 0.42, 0.53, 0.05, 0.31, 1.00, 1.00, 0.50, 0.33, 0.59, 0.61, 1.00, 1.00]
Event Rate: [0.96, 0.34, 0.27, 0.36, 0.58, 0.65, 0.39, 0.45, 0.42, 0.53, 0.05, 0.31, 1.00, 1.00, 0.50, 0.32, 0.59, 0.60, 1.00, 1.00]
Event Rate: [0.96, 0.34, 0.27, 0.36, 0.58, 0.65, 0.38, 0.45, 0.42, 0.53, 0.05, 0.31, 1.00, 1.00, 0.49, 0.32, 0.58, 0.60, 1.00, 1.00]
Event Rate: [0.96, 0.35, 0.28, 0.37, 0.59, 0.66, 0.39, 0.46, 0.42, 0.54, 0.05, 0.31, 1.00, 1.00, 0.50, 0.33, 0.60, 0.61, 1.00, 1.00]
Event Rate: [0.96, 0.34, 0.27, 0.36, 0.58, 0.65, 0.39, 0.45, 0.42, 0.54, 0.05, 0.31, 1.00, 1.00, 0.50, 0.33, 0.59, 0.60, 1.00, 1.00]
Event Rate: [0.96, 0.36, 0.28, 0.37, 0.59, 0.66, 0.39, 0.45, 0.42, 0.54, 0.05, 0.31, 1.00, 1.00, 0.50, 0.33, 0.60, 0.61, 1.00, 1.00]
Event Rate: [0.96, 0.35, 0.28, 0.37, 0.59, 0.66, 0.39, 0.45, 0.42, 0.54, 0.05, 0.31, 1.00, 1.00, 0.50, 0.33, 0.60, 0.61, 1.00, 1.00]
Event Rate: [0.96, 0.35, 0.28, 0.37, 0.59, 0.66, 0.39, 0.45, 0.42, 0.54, 0.05, 0.31, 1.00, 1.00, 0.50, 0.33, 0.59, 0.60, 1.00, 1.00]
Event Rate: [0.96, 0.34, 0.27, 0.36, 0.58, 0.65, 0.39, 0.45, 0.42, 0.54, 0.05, 0.31, 1.00, 1.00, 0.50, 0.33, 0.59, 0.60, 1.00, 1.00]
Event Rate: [0.96, 0.34, 0.27, 0.37, 0.58, 0.65, 0.39, 0.45, 0.42, 0.54, 0.05, 0.31, 1.00, 1.00, 0.50, 0.32, 0.59, 0.61, 1.00, 1.00]
Event Rate: [0.96, 0.36, 0.28, 0.38, 0.59, 0.66, 0.39, 0.45, 0.42, 0.54, 0.05, 0.31, 1.00, 1.00, 0.50, 0.33, 0.59, 0.61, 1.00, 1.00]
Event Rate: [0.96, 0.35, 0.28, 0.37, 0.59, 0.65, 0.39, 0.45, 0.42, 0.54, 0.05, 0.31, 1.00, 1.00, 0.50, 0.33, 0.59, 0.61, 1.00, 1.00]
Event Rate: [0.96, 0.34, 0.27, 0.35, 0.57, 0.65, 0.38, 0.44, 0.41, 0.54, 0.05, 0.31, 1.00, 1.00, 0.49, 0.32, 0.58, 0.60, 1.00, 1.00]
Event Rate: [0.96, 0.34, 0.27, 0.36, 0.58, 0.65, 0.39, 0.45, 0.42, 0.54, 0.05, 0.31, 1.00, 1.00, 0.50, 0.33, 0.59, 0.60, 1.00, 1.00]
Event Rate: [0.95, 0.34, 0.27, 0.36, 0.58, 0.65, 0.39, 0.45, 0.42, 0.54, 0.05, 0.31, 1.00, 1.00, 0.50, 0.32, 0.59, 0.60, 1.00, 1.00]
Event Rate: [0.96, 0.35, 0.28, 0.37, 0.59, 0.65, 0.39, 0.45, 0.42, 0.54, 0.05, 0.31, 1.00, 1.00, 0.50, 0.33, 0.59, 0.61, 1.00, 1.00]
Event Rate: [0.96, 0.35, 0.28, 0.37, 0.58, 0.65, 0.39, 0.45, 0.42, 0.54, 0.05, 0.31, 1.00, 1.00, 0.49, 0.32, 0.59, 0.60, 1.00, 1.00]
Event Rate: [0.96, 0.35, 0.28, 0.37, 0.59, 0.65, 0.39, 0.45, 0.42, 0.54, 0.05, 0.31, 1.00, 1.00, 0.50, 0.33, 0.59, 0.61, 1.00, 1.00]
Event Rate: [0.96, 0.34, 0.27, 0.36, 0.58, 0.65, 0.38, 0.45, 0.42, 0.53, 0.05, 0.31, 1.00, 1.00, 0.49, 0.32, 0.58, 0.60, 1.00, 1.00]
Event Rate: [0.96, 0.34, 0.27, 0.36, 0.58, 0.65, 0.39, 0.45, 0.42, 0.54, 0.05, 0.31, 1.00, 1.00, 0.50, 0.32, 0.59, 0.60, 1.00, 1.00]
Event Rate: [0.96, 0.35, 0.28, 0.37, 0.59, 0.65, 0.39, 0.45, 0.42, 0.54, 0.05, 0.31, 1.00, 1.00, 0.50, 0.32, 0.59, 0.61, 1.00, 1.00]
Event Rate: [0.96, 0.35, 0.28, 0.37, 0.59, 0.66, 0.39, 0.45, 0.42, 0.54, 0.05, 0.31, 1.00, 1.00, 0.50, 0.32, 0.59, 0.61, 1.00, 1.00]
Event Rate: [0.96, 0.35, 0.28, 0.38, 0.59, 0.66, 0.39, 0.45, 0.42, 0.54, 0.05, 0.31, 1.00, 1.00, 0.50, 0.33, 0.60, 0.61, 1.00, 1.00]
Event Rate: [0.96, 0.36, 0.28, 0.38, 0.60, 0.66, 0.40, 0.45, 0.42, 0.54, 0.05, 0.31, 1.00, 1.00, 0.50, 0.33, 0.60, 0.61, 1.00, 1.00]
Event Rate: [0.96, 0.35, 0.28, 0.38, 0.59, 0.65, 0.39, 0.45, 0.42, 0.54, 0.05, 0.31, 1.00, 1.00, 0.50, 0.33, 0.59, 0.60, 1.00, 1.00]
Event Rate: [0.96, 0.34, 0.28, 0.37, 0.58, 0.64, 0.38, 0.45, 0.42, 0.54, 0.05, 0.31, 1.00, 1.00, 0.49, 0.32, 0.58, 0.60, 1.00, 1.00]
Event Rate: [0.96, 0.35, 0.28, 0.37, 0.59, 0.66, 0.39, 0.45, 0.42, 0.54, 0.05, 0.31, 1.00, 1.00, 0.50, 0.33, 0.59, 0.61, 1.00, 1.00]
Event Rate: [0.96, 0.35, 0.28, 0.37, 0.59, 0.65, 0.39, 0.45, 0.42, 0.54, 0.05, 0.31, 1.00, 1.00, 0.49, 0.32, 0.59, 0.60, 1.00, 1.00]
Event Rate: [0.96, 0.35, 0.28, 0.37, 0.58, 0.65, 0.39, 0.45, 0.41, 0.53, 0.05, 0.31, 1.00, 1.00, 0.49, 0.32, 0.59, 0.60, 1.00, 1.00]
Event Rate: [0.96, 0.35, 0.28, 0.37, 0.58, 0.65, 0.39, 0.45, 0.42, 0.54, 0.05, 0.31, 1.00, 1.00, 0.49, 0.32, 0.59, 0.60, 1.00, 1.00]
Event Rate: [0.96, 0.34, 0.27, 0.36, 0.58, 0.65, 0.38, 0.45, 0.42, 0.54, 0.05, 0.31, 1.00, 1.00, 0.49, 0.32, 0.58, 0.59, 1.00, 1.00]
Event Rate: [0.96, 0.35, 0.28, 0.37, 0.59, 0.66, 0.39, 0.45, 0.42, 0.54, 0.05, 0.31, 1.00, 1.00, 0.50, 0.33, 0.60, 0.60, 1.00, 1.00]
Event Rate: [0.95, 0.34, 0.28, 0.36, 0.58, 0.65, 0.39, 0.45, 0.42, 0.54, 0.05, 0.31, 1.00, 1.00, 0.50, 0.32, 0.59, 0.60, 1.00, 1.00]
Event Rate: [0.96, 0.35, 0.28, 0.37, 0.59, 0.66, 0.39, 0.45, 0.42, 0.54, 0.05, 0.31, 1.00, 1.00, 0.50, 0.33, 0.59, 0.61, 1.00, 1.00]
Event Rate: [0.96, 0.34, 0.27, 0.36, 0.58, 0.65, 0.38, 0.45, 0.42, 0.54, 0.05, 0.31, 1.00, 1.00, 0.49, 0.32, 0.59, 0.60, 1.00, 1.00]
Event Rate: [0.96, 0.35, 0.28, 0.37, 0.59, 0.66, 0.40, 0.46, 0.42, 0.55, 0.05, 0.31, 1.00, 1.00, 0.50, 0.33, 0.59, 0.61, 1.00, 1.00]
Event Rate: [0.96, 0.34, 0.27, 0.36, 0.58, 0.65, 0.39, 0.45, 0.42, 0.54, 0.05, 0.31, 1.00, 1.00, 0.49, 0.32, 0.58, 0.60, 1.00, 1.00]
Event Rate: [0.96, 0.35, 0.28, 0.37, 0.59, 0.65, 0.39, 0.45, 0.42, 0.54, 0.05, 0.31, 1.00, 1.00, 0.50, 0.33, 0.59, 0.61, 1.00, 1.00]
Event Rate: [0.96, 0.35, 0.28, 0.37, 0.59, 0.66, 0.39, 0.45, 0.42, 0.54, 0.05, 0.31, 1.00, 1.00, 0.50, 0.33, 0.59, 0.61, 1.00, 1.00]
Event Rate: [0.96, 0.33, 0.27, 0.36, 0.58, 0.65, 0.38, 0.45, 0.42, 0.54, 0.05, 0.31, 1.00, 1.00, 0.49, 0.32, 0.58, 0.60, 1.00, 1.00]
Event Rate: [0.96, 0.34, 0.27, 0.36, 0.58, 0.65, 0.38, 0.45, 0.42, 0.54, 0.05, 0.31, 1.00, 1.00, 0.49, 0.32, 0.58, 0.60, 1.00, 1.00]
Event Rate: [0.96, 0.35, 0.28, 0.37, 0.59, 0.65, 0.39, 0.45, 0.42, 0.54, 0.05, 0.31, 1.00, 1.00, 0.49, 0.33, 0.59, 0.60, 1.00, 1.00]
Event Rate: [0.96, 0.35, 0.28, 0.37, 0.59, 0.66, 0.39, 0.45, 0.42, 0.54, 0.05, 0.30, 1.00, 1.00, 0.49, 0.32, 0.59, 0.60, 1.00, 1.00]
Event Rate: [0.96, 0.35, 0.28, 0.38, 0.59, 0.65, 0.39, 0.45, 0.42, 0.54, 0.05, 0.31, 1.00, 1.00, 0.49, 0.33, 0.59, 0.60, 1.00, 1.00]
Event Rate: [0.96, 0.34, 0.27, 0.37, 0.59, 0.66, 0.39, 0.45, 0.42, 0.54, 0.05, 0.31, 1.00, 1.00, 0.48, 0.32, 0.59, 0.60, 1.00, 1.00]
Event Rate: [0.95, 0.35, 0.28, 0.37, 0.58, 0.65, 0.38, 0.44, 0.42, 0.54, 0.05, 0.31, 1.00, 1.00, 0.48, 0.32, 0.58, 0.60, 1.00, 1.00]
Event Rate: [0.96, 0.35, 0.28, 0.37, 0.59, 0.66, 0.39, 0.45, 0.42, 0.54, 0.05, 0.31, 1.00, 1.00, 0.49, 0.32, 0.59, 0.60, 1.00, 1.00]
Event Rate: [0.96, 0.35, 0.29, 0.38, 0.59, 0.66, 0.39, 0.45, 0.42, 0.54, 0.05, 0.31, 1.00, 1.00, 0.49, 0.32, 0.59, 0.61, 1.00, 1.00]
Event Rate: [0.96, 0.35, 0.28, 0.38, 0.59, 0.66, 0.39, 0.45, 0.42, 0.54, 0.05, 0.31, 1.00, 1.00, 0.48, 0.32, 0.59, 0.60, 1.00, 1.00]
Event Rate: [0.96, 0.34, 0.27, 0.37, 0.58, 0.65, 0.39, 0.45, 0.42, 0.54, 0.05, 0.31, 1.00, 1.00, 0.48, 0.32, 0.58, 0.60, 1.00, 1.00]
Event Rate: [0.96, 0.35, 0.28, 0.37, 0.59, 0.66, 0.39, 0.45, 0.42, 0.54, 0.05, 0.31, 1.00, 1.00, 0.49, 0.32, 0.59, 0.61, 1.00, 1.00]
Event Rate: [0.96, 0.34, 0.28, 0.37, 0.59, 0.66, 0.39, 0.45, 0.42, 0.54, 0.05, 0.31, 1.00, 1.00, 0.49, 0.32, 0.59, 0.60, 1.00, 1.00]
Event Rate: [0.95, 0.34, 0.27, 0.37, 0.58, 0.66, 0.39, 0.45, 0.42, 0.54, 0.05, 0.31, 1.00, 1.00, 0.49, 0.32, 0.59, 0.60, 1.00, 1.00]
Event Rate: [0.96, 0.35, 0.28, 0.37, 0.59, 0.66, 0.39, 0.45, 0.42, 0.54, 0.05, 0.31, 1.00, 1.00, 0.48, 0.32, 0.59, 0.60, 1.00, 1.00]
Event Rate: [0.96, 0.35, 0.28, 0.37, 0.59, 0.66, 0.39, 0.45, 0.42, 0.54, 0.05, 0.31, 1.00, 1.00, 0.48, 0.32, 0.59, 0.60, 1.00, 1.00]
Event Rate: [0.96, 0.35, 0.28, 0.37, 0.59, 0.66, 0.39, 0.45, 0.42, 0.54, 0.05, 0.31, 1.00, 1.00, 0.49, 0.32, 0.59, 0.60, 1.00, 1.00]
Event Rate: [0.96, 0.35, 0.29, 0.37, 0.59, 0.66, 0.39, 0.45, 0.42, 0.54, 0.05, 0.31, 1.00, 1.00, 0.49, 0.33, 0.59, 0.60, 1.00, 1.00]
Event Rate: [0.95, 0.35, 0.28, 0.38, 0.59, 0.66, 0.39, 0.45, 0.42, 0.54, 0.05, 0.31, 1.00, 1.00, 0.49, 0.33, 0.59, 0.61, 1.00, 1.00]
Event Rate: [0.96, 0.35, 0.28, 0.37, 0.59, 0.66, 0.39, 0.45, 0.42, 0.54, 0.05, 0.31, 1.00, 1.00, 0.49, 0.33, 0.59, 0.61, 1.00, 1.00]
Event Rate: [0.96, 0.35, 0.28, 0.37, 0.59, 0.66, 0.39, 0.45, 0.42, 0.54, 0.05, 0.31, 1.00, 1.00, 0.49, 0.32, 0.59, 0.61, 1.00, 1.00]
Event Rate: [0.96, 0.35, 0.28, 0.37, 0.59, 0.66, 0.39, 0.45, 0.43, 0.54, 0.05, 0.31, 1.00, 1.00, 0.48, 0.32, 0.59, 0.61, 1.00, 1.00]
Event Rate: [0.96, 0.34, 0.28, 0.37, 0.59, 0.66, 0.39, 0.45, 0.42, 0.54, 0.05, 0.31, 1.00, 1.00, 0.48, 0.32, 0.59, 0.61, 1.00, 1.00]
Event Rate: [0.96, 0.35, 0.28, 0.37, 0.59, 0.65, 0.39, 0.45, 0.42, 0.54, 0.05, 0.31, 1.00, 1.00, 0.49, 0.33, 0.59, 0.60, 1.00, 1.00]
Event Rate: [0.95, 0.35, 0.28, 0.37, 0.59, 0.65, 0.39, 0.45, 0.42, 0.54, 0.05, 0.31, 1.00, 1.00, 0.49, 0.33, 0.59, 0.60, 1.00, 1.00]
Event Rate: [0.95, 0.35, 0.28, 0.37, 0.59, 0.66, 0.39, 0.45, 0.42, 0.54, 0.05, 0.31, 1.00, 1.00, 0.48, 0.33, 0.59, 0.60, 1.00, 1.00]
Event Rate: [0.96, 0.34, 0.27, 0.36, 0.59, 0.66, 0.39, 0.45, 0.42, 0.54, 0.05, 0.31, 1.00, 1.00, 0.48, 0.32, 0.59, 0.60, 1.00, 1.00]
Event Rate: [0.96, 0.35, 0.28, 0.37, 0.60, 0.66, 0.39, 0.45, 0.43, 0.54, 0.05, 0.31, 1.00, 1.00, 0.48, 0.32, 0.59, 0.60, 1.00, 1.00]
Event Rate: [0.96, 0.34, 0.28, 0.37, 0.59, 0.65, 0.39, 0.45, 0.43, 0.53, 0.05, 0.31, 1.00, 1.00, 0.48, 0.32, 0.59, 0.60, 1.00, 1.00]
Event Rate: [0.96, 0.34, 0.28, 0.37, 0.58, 0.65, 0.39, 0.45, 0.42, 0.53, 0.05, 0.31, 1.00, 1.00, 0.47, 0.32, 0.59, 0.60, 1.00, 1.00]
Event Rate: [0.96, 0.35, 0.28, 0.38, 0.59, 0.66, 0.39, 0.45, 0.43, 0.54, 0.05, 0.31, 1.00, 1.00, 0.48, 0.32, 0.59, 0.60, 1.00, 1.00]
Event Rate: [0.96, 0.34, 0.27, 0.36, 0.59, 0.66, 0.39, 0.45, 0.43, 0.54, 0.05, 0.31, 1.00, 1.00, 0.48, 0.32, 0.59, 0.60, 1.00, 1.00]
Event Rate: [0.96, 0.35, 0.28, 0.37, 0.59, 0.66, 0.39, 0.45, 0.43, 0.54, 0.05, 0.31, 1.00, 1.00, 0.48, 0.32, 0.60, 0.61, 1.00, 1.00]
Event Rate: [0.96, 0.35, 0.28, 0.37, 0.59, 0.66, 0.39, 0.45, 0.43, 0.54, 0.05, 0.31, 1.00, 1.00, 0.48, 0.32, 0.60, 0.61, 1.00, 1.00]
Event Rate: [0.95, 0.33, 0.27, 0.36, 0.58, 0.65, 0.38, 0.44, 0.42, 0.53, 0.05, 0.31, 1.00, 1.00, 0.47, 0.32, 0.58, 0.60, 1.00, 1.00]
Event Rate: [0.96, 0.34, 0.27, 0.37, 0.58, 0.65, 0.39, 0.45, 0.43, 0.54, 0.05, 0.31, 1.00, 1.00, 0.48, 0.32, 0.59, 0.60, 1.00, 1.00]
Event Rate: [0.96, 0.35, 0.28, 0.38, 0.59, 0.66, 0.39, 0.45, 0.43, 0.54, 0.05, 0.31, 1.00, 1.00, 0.48, 0.32, 0.59, 0.61, 1.00, 1.00]
Event Rate: [0.96, 0.35, 0.28, 0.38, 0.59, 0.66, 0.40, 0.45, 0.43, 0.54, 0.05, 0.31, 1.00, 1.00, 0.48, 0.32, 0.59, 0.61, 1.00, 1.00]
Event Rate: [0.95, 0.34, 0.27, 0.37, 0.59, 0.66, 0.39, 0.45, 0.43, 0.54, 0.05, 0.31, 1.00, 1.00, 0.47, 0.32, 0.59, 0.61, 1.00, 1.00]
Event Rate: [0.96, 0.35, 0.28, 0.38, 0.60, 0.67, 0.40, 0.45, 0.43, 0.54, 0.05, 0.31, 1.00, 1.00, 0.48, 0.32, 0.60, 0.61, 1.00, 1.00]
Event Rate: [0.95, 0.35, 0.28, 0.37, 0.59, 0.66, 0.39, 0.45, 0.43, 0.53, 0.05, 0.31, 1.00, 1.00, 0.47, 0.32, 0.59, 0.60, 1.00, 1.00]
Event Rate: [0.96, 0.35, 0.28, 0.38, 0.59, 0.66, 0.39, 0.45, 0.43, 0.54, 0.05, 0.31, 1.00, 1.00, 0.48, 0.32, 0.59, 0.61, 1.00, 1.00]
Event Rate: [0.96, 0.35, 0.28, 0.38, 0.59, 0.66, 0.40, 0.45, 0.43, 0.54, 0.05, 0.31, 1.00, 1.00, 0.48, 0.32, 0.59, 0.61, 1.00, 1.00]
Event Rate: [0.95, 0.34, 0.27, 0.37, 0.58, 0.65, 0.39, 0.45, 0.43, 0.54, 0.05, 0.31, 1.00, 1.00, 0.47, 0.32, 0.58, 0.60, 1.00, 1.00]
Event Rate: [0.96, 0.35, 0.28, 0.38, 0.59, 0.66, 0.39, 0.45, 0.43, 0.54, 0.05, 0.31, 1.00, 1.00, 0.48, 0.32, 0.60, 0.61, 1.00, 1.00]
Event Rate: [0.96, 0.34, 0.27, 0.37, 0.58, 0.65, 0.39, 0.45, 0.43, 0.54, 0.05, 0.31, 1.00, 1.00, 0.48, 0.32, 0.59, 0.60, 1.00, 1.00]
Event Rate: [0.96, 0.35, 0.28, 0.38, 0.59, 0.66, 0.39, 0.45, 0.43, 0.54, 0.05, 0.31, 1.00, 1.00, 0.48, 0.32, 0.59, 0.60, 1.00, 1.00]
Event Rate: [0.96, 0.34, 0.28, 0.38, 0.59, 0.66, 0.40, 0.45, 0.43, 0.54, 0.05, 0.31, 1.00, 1.00, 0.48, 0.32, 0.59, 0.60, 1.00, 1.00]
Event Rate: [0.96, 0.35, 0.28, 0.37, 0.59, 0.66, 0.39, 0.45, 0.43, 0.54, 0.05, 0.31, 1.00, 1.00, 0.47, 0.31, 0.59, 0.61, 1.00, 1.00]
Event Rate: [0.95, 0.34, 0.27, 0.37, 0.58, 0.65, 0.39, 0.45, 0.43, 0.53, 0.05, 0.31, 1.00, 1.00, 0.47, 0.31, 0.59, 0.60, 1.00, 1.00]
Event Rate: [0.96, 0.34, 0.27, 0.37, 0.59, 0.66, 0.39, 0.45, 0.43, 0.54, 0.05, 0.31, 1.00, 1.00, 0.47, 0.31, 0.59, 0.61, 1.00, 1.00]
Event Rate: [0.96, 0.35, 0.28, 0.37, 0.59, 0.66, 0.39, 0.45, 0.43, 0.54, 0.05, 0.31, 1.00, 1.00, 0.48, 0.32, 0.59, 0.61, 1.00, 1.00]
Event Rate: [0.96, 0.34, 0.27, 0.37, 0.58, 0.65, 0.39, 0.44, 0.43, 0.54, 0.05, 0.31, 1.00, 1.00, 0.48, 0.32, 0.59, 0.60, 1.00, 1.00]
Event Rate: [0.96, 0.34, 0.27, 0.37, 0.59, 0.66, 0.39, 0.45, 0.43, 0.54, 0.05, 0.31, 1.00, 1.00, 0.48, 0.32, 0.59, 0.60, 1.00, 1.00]
Event Rate: [0.96, 0.34, 0.28, 0.38, 0.59, 0.66, 0.40, 0.45, 0.43, 0.54, 0.05, 0.31, 1.00, 1.00, 0.48, 0.32, 0.60, 0.61, 1.00, 1.00]
Event Rate: [0.96, 0.35, 0.28, 0.38, 0.59, 0.66, 0.40, 0.45, 0.43, 0.54, 0.05, 0.31, 1.00, 1.00, 0.48, 0.32, 0.60, 0.61, 1.00, 1.00]
Event Rate: [0.96, 0.34, 0.28, 0.38, 0.59, 0.65, 0.40, 0.45, 0.43, 0.54, 0.05, 0.31, 1.00, 1.00, 0.48, 0.32, 0.60, 0.60, 1.00, 1.00]
Event Rate: [0.96, 0.34, 0.28, 0.37, 0.59, 0.65, 0.39, 0.44, 0.43, 0.53, 0.05, 0.31, 1.00, 1.00, 0.47, 0.31, 0.59, 0.60, 1.00, 1.00]
Event Rate: [0.96, 0.34, 0.28, 0.38, 0.58, 0.65, 0.39, 0.44, 0.43, 0.53, 0.05, 0.31, 1.00, 1.00, 0.47, 0.31, 0.59, 0.60, 1.00, 1.00]
Event Rate: [0.96, 0.35, 0.28, 0.38, 0.60, 0.66, 0.40, 0.45, 0.43, 0.54, 0.05, 0.31, 1.00, 1.00, 0.47, 0.31, 0.60, 0.61, 1.00, 1.00]
Event Rate: [0.96, 0.35, 0.28, 0.38, 0.59, 0.66, 0.39, 0.45, 0.43, 0.53, 0.05, 0.31, 1.00, 1.00, 0.47, 0.31, 0.59, 0.60, 1.00, 1.00]
Event Rate: [0.96, 0.35, 0.28, 0.38, 0.59, 0.66, 0.40, 0.45, 0.43, 0.54, 0.05, 0.31, 1.00, 1.00, 0.48, 0.31, 0.60, 0.61, 1.00, 1.00]
Event Rate: [0.96, 0.34, 0.27, 0.37, 0.58, 0.65, 0.39, 0.44, 0.43, 0.53, 0.05, 0.31, 1.00, 1.00, 0.46, 0.31, 0.59, 0.60, 1.00, 1.00]
Event Rate: [0.96, 0.35, 0.29, 0.39, 0.60, 0.66, 0.40, 0.45, 0.43, 0.54, 0.05, 0.31, 1.00, 1.00, 0.48, 0.32, 0.60, 0.61, 1.00, 1.00]
Event Rate: [0.96, 0.34, 0.28, 0.38, 0.59, 0.66, 0.39, 0.45, 0.43, 0.54, 0.05, 0.31, 1.00, 1.00, 0.47, 0.31, 0.60, 0.61, 1.00, 1.00]
Event Rate: [0.96, 0.35, 0.29, 0.38, 0.60, 0.67, 0.40, 0.45, 0.44, 0.54, 0.05, 0.31, 1.00, 1.00, 0.48, 0.32, 0.60, 0.62, 1.00, 1.00]
Event Rate: [0.96, 0.34, 0.28, 0.38, 0.59, 0.66, 0.39, 0.45, 0.43, 0.54, 0.05, 0.31, 1.00, 1.00, 0.47, 0.31, 0.59, 0.61, 1.00, 1.00]
Event Rate: [0.96, 0.34, 0.28, 0.38, 0.59, 0.66, 0.39, 0.45, 0.43, 0.54, 0.05, 0.31, 1.00, 1.00, 0.47, 0.31, 0.59, 0.61, 1.00, 1.00]
Event Rate: [0.96, 0.34, 0.28, 0.38, 0.58, 0.65, 0.39, 0.44, 0.43, 0.53, 0.05, 0.31, 1.00, 1.00, 0.47, 0.31, 0.59, 0.60, 1.00, 1.00]
Event Rate: [0.96, 0.34, 0.28, 0.38, 0.59, 0.66, 0.39, 0.45, 0.43, 0.53, 0.05, 0.31, 1.00, 1.00, 0.47, 0.31, 0.59, 0.60, 1.00, 1.00]
Event Rate: [0.95, 0.34, 0.28, 0.37, 0.58, 0.66, 0.39, 0.44, 0.43, 0.53, 0.05, 0.31, 1.00, 1.00, 0.47, 0.31, 0.59, 0.60, 1.00, 1.00]
Event Rate: [0.96, 0.35, 0.28, 0.38, 0.59, 0.67, 0.39, 0.45, 0.43, 0.53, 0.05, 0.31, 1.00, 1.00, 0.47, 0.31, 0.60, 0.61, 1.00, 1.00]
Event Rate: [0.96, 0.33, 0.27, 0.37, 0.58, 0.66, 0.39, 0.45, 0.43, 0.54, 0.05, 0.31, 1.00, 1.00, 0.47, 0.31, 0.59, 0.60, 1.00, 1.00]
Event Rate: [0.96, 0.35, 0.28, 0.37, 0.59, 0.67, 0.39, 0.45, 0.44, 0.54, 0.05, 0.31, 1.00, 1.00, 0.47, 0.31, 0.60, 0.61, 1.00, 1.00]
Event Rate: [0.96, 0.34, 0.28, 0.38, 0.59, 0.66, 0.39, 0.45, 0.44, 0.54, 0.05, 0.31, 1.00, 1.00, 0.47, 0.31, 0.59, 0.61, 1.00, 1.00]
Event Rate: [0.96, 0.33, 0.27, 0.37, 0.58, 0.66, 0.39, 0.44, 0.43, 0.54, 0.05, 0.31, 1.00, 1.00, 0.47, 0.31, 0.59, 0.60, 1.00, 1.00]
Event Rate: [0.96, 0.33, 0.27, 0.37, 0.58, 0.66, 0.39, 0.45, 0.43, 0.54, 0.05, 0.31, 1.00, 1.00, 0.47, 0.31, 0.59, 0.60, 1.00, 1.00]
Event Rate: [0.96, 0.34, 0.28, 0.37, 0.59, 0.66, 0.39, 0.45, 0.44, 0.54, 0.05, 0.31, 1.00, 1.00, 0.47, 0.31, 0.59, 0.60, 1.00, 1.00]
Event Rate: [0.96, 0.34, 0.28, 0.38, 0.59, 0.66, 0.39, 0.45, 0.44, 0.54, 0.05, 0.31, 1.00, 1.00, 0.48, 0.32, 0.60, 0.61, 1.00, 1.00]
Event Rate: [0.95, 0.33, 0.27, 0.37, 0.58, 0.66, 0.39, 0.45, 0.44, 0.54, 0.05, 0.31, 1.00, 1.00, 0.47, 0.31, 0.59, 0.61, 1.00, 1.00]
Event Rate: [0.95, 0.34, 0.28, 0.37, 0.58, 0.66, 0.39, 0.45, 0.43, 0.54, 0.05, 0.31, 1.00, 1.00, 0.47, 0.31, 0.59, 0.60, 1.00, 1.00]
Event Rate: [0.96, 0.33, 0.27, 0.37, 0.58, 0.66, 0.39, 0.45, 0.43, 0.54, 0.05, 0.31, 1.00, 1.00, 0.47, 0.31, 0.59, 0.60, 1.00, 1.00]
Event Rate: [0.96, 0.34, 0.28, 0.37, 0.59, 0.66, 0.39, 0.45, 0.44, 0.54, 0.05, 0.31, 1.00, 1.00, 0.47, 0.31, 0.59, 0.61, 1.00, 1.00]
Event Rate: [0.96, 0.35, 0.28, 0.38, 0.60, 0.67, 0.40, 0.45, 0.44, 0.54, 0.05, 0.32, 1.00, 1.00, 0.48, 0.32, 0.60, 0.61, 1.00, 1.00]
Event Rate: [0.96, 0.34, 0.28, 0.38, 0.59, 0.66, 0.39, 0.45, 0.44, 0.54, 0.05, 0.31, 1.00, 1.00, 0.48, 0.31, 0.59, 0.61, 1.00, 1.00]
Event Rate: [0.95, 0.33, 0.28, 0.37, 0.59, 0.66, 0.39, 0.45, 0.44, 0.54, 0.05, 0.31, 1.00, 1.00, 0.47, 0.31, 0.59, 0.61, 1.00, 1.00]
Event Rate: [0.95, 0.35, 0.28, 0.38, 0.59, 0.66, 0.39, 0.45, 0.43, 0.54, 0.05, 0.31, 1.00, 1.00, 0.47, 0.31, 0.59, 0.61, 1.00, 1.00]
Event Rate: [0.96, 0.33, 0.27, 0.37, 0.58, 0.66, 0.39, 0.45, 0.43, 0.53, 0.05, 0.31, 1.00, 1.00, 0.47, 0.31, 0.59, 0.60, 1.00, 1.00]
Event Rate: [0.96, 0.34, 0.28, 0.37, 0.59, 0.66, 0.39, 0.45, 0.43, 0.54, 0.05, 0.31, 1.00, 1.00, 0.47, 0.31, 0.59, 0.61, 1.00, 1.00]
Event Rate: [0.96, 0.34, 0.28, 0.37, 0.58, 0.66, 0.39, 0.45, 0.43, 0.54, 0.05, 0.31, 1.00, 1.00, 0.47, 0.31, 0.59, 0.60, 1.00, 1.00]
Event Rate: [0.96, 0.35, 0.28, 0.38, 0.60, 0.67, 0.40, 0.45, 0.44, 0.54, 0.05, 0.31, 1.00, 1.00, 0.47, 0.32, 0.60, 0.61, 1.00, 1.00]
Event Rate: [0.96, 0.34, 0.28, 0.37, 0.59, 0.66, 0.39, 0.45, 0.44, 0.54, 0.05, 0.31, 1.00, 1.00, 0.47, 0.31, 0.60, 0.61, 1.00, 1.00]
Event Rate: [0.96, 0.34, 0.28, 0.38, 0.59, 0.66, 0.39, 0.45, 0.44, 0.54, 0.05, 0.32, 1.00, 1.00, 0.48, 0.31, 0.59, 0.61, 1.00, 1.00]
Event Rate: [0.95, 0.35, 0.28, 0.38, 0.59, 0.66, 0.40, 0.45, 0.44, 0.54, 0.05, 0.31, 1.00, 1.00, 0.47, 0.31, 0.60, 0.61, 1.00, 1.00]
Event Rate: [0.96, 0.34, 0.28, 0.37, 0.59, 0.66, 0.39, 0.45, 0.43, 0.53, 0.05, 0.31, 1.00, 1.00, 0.47, 0.31, 0.59, 0.60, 1.00, 1.00]
Event Rate: [0.96, 0.34, 0.28, 0.38, 0.59, 0.66, 0.39, 0.45, 0.44, 0.54, 0.05, 0.31, 1.00, 1.00, 0.47, 0.31, 0.60, 0.61, 1.00, 1.00]
Event Rate: [0.96, 0.34, 0.28, 0.38, 0.59, 0.66, 0.39, 0.45, 0.44, 0.54, 0.05, 0.31, 1.00, 1.00, 0.47, 0.31, 0.59, 0.61, 1.00, 1.00]
Event Rate: [0.96, 0.35, 0.28, 0.38, 0.59, 0.67, 0.40, 0.45, 0.44, 0.54, 0.05, 0.31, 1.00, 1.00, 0.47, 0.31, 0.60, 0.61, 1.00, 1.00]
Event Rate: [0.95, 0.34, 0.28, 0.37, 0.59, 0.66, 0.39, 0.45, 0.43, 0.54, 0.05, 0.31, 1.00, 1.00, 0.47, 0.31, 0.59, 0.60, 1.00, 1.00]
Event Rate: [0.96, 0.34, 0.28, 0.37, 0.59, 0.66, 0.39, 0.45, 0.44, 0.54, 0.05, 0.31, 1.00, 1.00, 0.47, 0.31, 0.59, 0.61, 1.00, 1.00]
Event Rate: [0.96, 0.34, 0.28, 0.37, 0.59, 0.66, 0.39, 0.45, 0.43, 0.54, 0.05, 0.31, 1.00, 1.00, 0.47, 0.31, 0.59, 0.61, 1.00, 1.00]
Event Rate: [0.96, 0.35, 0.28, 0.37, 0.59, 0.67, 0.39, 0.45, 0.44, 0.54, 0.05, 0.31, 1.00, 1.00, 0.47, 0.31, 0.60, 0.61, 1.00, 1.00]
Event Rate: [0.96, 0.34, 0.28, 0.37, 0.59, 0.66, 0.39, 0.45, 0.43, 0.54, 0.05, 0.31, 1.00, 1.00, 0.47, 0.31, 0.59, 0.61, 1.00, 1.00]
Event Rate: [0.95, 0.34, 0.27, 0.37, 0.58, 0.66, 0.39, 0.45, 0.43, 0.54, 0.05, 0.31, 1.00, 1.00, 0.47, 0.31, 0.59, 0.60, 1.00, 1.00]
Event Rate: [0.96, 0.34, 0.28, 0.38, 0.59, 0.66, 0.39, 0.45, 0.44, 0.54, 0.05, 0.31, 1.00, 1.00, 0.47, 0.31, 0.59, 0.61, 1.00, 1.00]
Event Rate: [0.96, 0.33, 0.27, 0.37, 0.58, 0.66, 0.39, 0.45, 0.43, 0.54, 0.05, 0.31, 1.00, 1.00, 0.47, 0.31, 0.59, 0.60, 1.00, 1.00]
Event Rate: [0.96, 0.34, 0.28, 0.38, 0.59, 0.66, 0.39, 0.45, 0.43, 0.54, 0.05, 0.31, 1.00, 1.00, 0.47, 0.31, 0.60, 0.61, 1.00, 1.00]
Event Rate: [0.96, 0.34, 0.28, 0.37, 0.59, 0.66, 0.39, 0.45, 0.44, 0.54, 0.05, 0.31, 1.00, 1.00, 0.47, 0.31, 0.59, 0.61, 1.00, 1.00]
Event Rate: [0.95, 0.35, 0.28, 0.38, 0.60, 0.67, 0.40, 0.45, 0.44, 0.53, 0.05, 0.31, 1.00, 1.00, 0.47, 0.31, 0.60, 0.61, 1.00, 1.00]
Event Rate: [0.96, 0.35, 0.29, 0.38, 0.60, 0.67, 0.40, 0.45, 0.44, 0.54, 0.05, 0.31, 1.00, 1.00, 0.47, 0.31, 0.60, 0.61, 1.00, 1.00]
Event Rate: [0.96, 0.34, 0.28, 0.37, 0.59, 0.66, 0.39, 0.45, 0.44, 0.54, 0.05, 0.31, 1.00, 1.00, 0.47, 0.31, 0.59, 0.60, 1.00, 1.00]
Event Rate: [0.96, 0.34, 0.28, 0.37, 0.59, 0.66, 0.39, 0.45, 0.44, 0.54, 0.05, 0.31, 1.00, 1.00, 0.47, 0.31, 0.60, 0.61, 1.00, 1.00]
Event Rate: [0.96, 0.34, 0.28, 0.37, 0.58, 0.65, 0.39, 0.45, 0.43, 0.54, 0.05, 0.31, 1.00, 1.00, 0.47, 0.31, 0.59, 0.60, 1.00, 1.00]
Event Rate: [0.95, 0.34, 0.28, 0.37, 0.59, 0.66, 0.39, 0.45, 0.44, 0.54, 0.05, 0.31, 1.00, 1.00, 0.47, 0.31, 0.59, 0.61, 1.00, 1.00]
Event Rate: [0.96, 0.34, 0.28, 0.38, 0.59, 0.66, 0.39, 0.45, 0.44, 0.54, 0.05, 0.31, 1.00, 1.00, 0.47, 0.31, 0.59, 0.61, 1.00, 1.00]
Event Rate: [0.96, 0.34, 0.28, 0.38, 0.59, 0.66, 0.40, 0.45, 0.44, 0.54, 0.05, 0.32, 1.00, 1.00, 0.48, 0.32, 0.60, 0.61, 1.00, 1.00]
Event Rate: [0.95, 0.34, 0.28, 0.38, 0.59, 0.66, 0.39, 0.45, 0.44, 0.54, 0.05, 0.31, 1.00, 1.00, 0.47, 0.31, 0.59, 0.61, 1.00, 1.00]
Event Rate: [0.96, 0.34, 0.28, 0.37, 0.59, 0.66, 0.39, 0.45, 0.44, 0.54, 0.05, 0.31, 1.00, 1.00, 0.47, 0.31, 0.60, 0.61, 1.00, 1.00]
Event Rate: [0.96, 0.33, 0.27, 0.36, 0.58, 0.66, 0.38, 0.45, 0.43, 0.53, 0.05, 0.31, 1.00, 1.00, 0.46, 0.31, 0.59, 0.60, 1.00, 1.00]
Event Rate: [0.96, 0.33, 0.27, 0.37, 0.58, 0.66, 0.39, 0.45, 0.44, 0.54, 0.05, 0.31, 1.00, 1.00, 0.47, 0.31, 0.59, 0.60, 1.00, 1.00]
Event Rate: [0.96, 0.33, 0.27, 0.37, 0.58, 0.66, 0.38, 0.45, 0.43, 0.54, 0.05, 0.31, 1.00, 1.00, 0.47, 0.31, 0.59, 0.60, 1.00, 1.00]
Event Rate: [0.96, 0.34, 0.28, 0.37, 0.59, 0.66, 0.39, 0.45, 0.44, 0.54, 0.05, 0.31, 1.00, 1.00, 0.47, 0.31, 0.59, 0.61, 1.00, 1.00]
Event Rate: [0.96, 0.34, 0.28, 0.38, 0.59, 0.66, 0.39, 0.45, 0.44, 0.54, 0.05, 0.31, 1.00, 1.00, 0.47, 0.31, 0.60, 0.61, 1.00, 1.00]
Event Rate: [0.96, 0.34, 0.28, 0.38, 0.59, 0.67, 0.39, 0.45, 0.44, 0.54, 0.05, 0.31, 1.00, 1.00, 0.47, 0.31, 0.60, 0.61, 1.00, 1.00]
Event Rate: [0.96, 0.35, 0.29, 0.38, 0.60, 0.66, 0.40, 0.45, 0.44, 0.54, 0.05, 0.31, 1.00, 1.00, 0.47, 0.31, 0.60, 0.61, 1.00, 1.00]
Event Rate: [0.96, 0.34, 0.28, 0.37, 0.58, 0.66, 0.39, 0.45, 0.43, 0.54, 0.05, 0.31, 1.00, 1.00, 0.47, 0.31, 0.59, 0.61, 1.00, 1.00]
Event Rate: [0.96, 0.34, 0.28, 0.37, 0.59, 0.66, 0.39, 0.45, 0.44, 0.54, 0.05, 0.31, 1.00, 1.00, 0.47, 0.31, 0.59, 0.61, 1.00, 1.00]
Event Rate: [0.96, 0.34, 0.28, 0.37, 0.59, 0.66, 0.39, 0.45, 0.44, 0.54, 0.05, 0.31, 1.00, 1.00, 0.47, 0.31, 0.59, 0.61, 1.00, 1.00]
Event Rate: [0.96, 0.35, 0.28, 0.38, 0.60, 0.67, 0.40, 0.45, 0.44, 0.54, 0.05, 0.32, 1.00, 1.00, 0.48, 0.32, 0.60, 0.61, 1.00, 1.00]
Event Rate: [0.96, 0.33, 0.27, 0.37, 0.58, 0.66, 0.39, 0.45, 0.44, 0.54, 0.05, 0.31, 1.00, 1.00, 0.47, 0.31, 0.59, 0.60, 1.00, 1.00]
Event Rate: [0.96, 0.34, 0.28, 0.37, 0.58, 0.66, 0.39, 0.45, 0.44, 0.54, 0.05, 0.31, 1.00, 1.00, 0.47, 0.32, 0.59, 0.61, 1.00, 1.00]
Event Rate: [0.96, 0.33, 0.27, 0.37, 0.58, 0.66, 0.39, 0.45, 0.44, 0.54, 0.05, 0.31, 1.00, 1.00, 0.47, 0.31, 0.59, 0.60, 1.00, 1.00]
Event Rate: [0.96, 0.35, 0.29, 0.38, 0.60, 0.67, 0.40, 0.45, 0.44, 0.54, 0.05, 0.31, 1.00, 1.00, 0.47, 0.32, 0.60, 0.61, 1.00, 1.00]
Event Rate: [0.96, 0.33, 0.28, 0.37, 0.58, 0.66, 0.39, 0.45, 0.43, 0.54, 0.05, 0.31, 1.00, 1.00, 0.47, 0.31, 0.59, 0.60, 1.00, 1.00]
Event Rate: [0.95, 0.34, 0.28, 0.38, 0.59, 0.66, 0.39, 0.45, 0.43, 0.54, 0.05, 0.31, 1.00, 1.00, 0.47, 0.31, 0.59, 0.61, 1.00, 1.00]
Event Rate: [0.96, 0.34, 0.28, 0.37, 0.59, 0.66, 0.39, 0.45, 0.44, 0.54, 0.05, 0.31, 1.00, 1.00, 0.47, 0.31, 0.59, 0.61, 1.00, 1.00]
Event Rate: [0.96, 0.35, 0.28, 0.38, 0.59, 0.67, 0.40, 0.45, 0.44, 0.54, 0.05, 0.31, 1.00, 1.00, 0.48, 0.31, 0.60, 0.61, 1.00, 1.00]
Event Rate: [0.96, 0.33, 0.27, 0.37, 0.58, 0.66, 0.39, 0.45, 0.43, 0.54, 0.05, 0.31, 1.00, 1.00, 0.47, 0.31, 0.59, 0.61, 1.00, 1.00]
Event Rate: [0.96, 0.34, 0.27, 0.37, 0.59, 0.66, 0.39, 0.45, 0.44, 0.54, 0.05, 0.31, 1.00, 1.00, 0.47, 0.31, 0.59, 0.61, 1.00, 1.00]
Event Rate: [0.96, 0.34, 0.28, 0.38, 0.59, 0.67, 0.39, 0.45, 0.44, 0.54, 0.05, 0.31, 1.00, 1.00, 0.47, 0.31, 0.60, 0.61, 1.00, 1.00]
Event Rate: [0.96, 0.34, 0.28, 0.38, 0.59, 0.66, 0.39, 0.45, 0.44, 0.54, 0.05, 0.31, 1.00, 1.00, 0.47, 0.31, 0.59, 0.61, 1.00, 1.00]
Event Rate: [0.96, 0.34, 0.28, 0.37, 0.59, 0.66, 0.39, 0.45, 0.43, 0.54, 0.05, 0.31, 1.00, 1.00, 0.47, 0.31, 0.59, 0.60, 1.00, 1.00]
Event Rate: [0.96, 0.34, 0.28, 0.37, 0.59, 0.66, 0.39, 0.45, 0.43, 0.54, 0.05, 0.31, 1.00, 1.00, 0.47, 0.31, 0.59, 0.61, 1.00, 1.00]
Event Rate: [0.96, 0.35, 0.28, 0.38, 0.59, 0.67, 0.40, 0.45, 0.44, 0.54, 0.05, 0.32, 1.00, 1.00, 0.48, 0.32, 0.60, 0.62, 1.00, 1.00]
Event Rate: [0.96, 0.33, 0.27, 0.37, 0.58, 0.65, 0.38, 0.44, 0.43, 0.54, 0.05, 0.31, 1.00, 1.00, 0.47, 0.31, 0.59, 0.60, 1.00, 1.00]
Event Rate: [0.95, 0.34, 0.28, 0.37, 0.59, 0.66, 0.39, 0.45, 0.44, 0.54, 0.05, 0.31, 1.00, 1.00, 0.47, 0.31, 0.59, 0.61, 1.00, 1.00]
Event Rate: [0.96, 0.33, 0.27, 0.37, 0.58, 0.66, 0.39, 0.45, 0.44, 0.54, 0.05, 0.31, 1.00, 1.00, 0.47, 0.31, 0.59, 0.60, 1.00, 1.00]
Event Rate: [0.96, 0.34, 0.28, 0.37, 0.58, 0.66, 0.39, 0.45, 0.43, 0.54, 0.05, 0.31, 1.00, 1.00, 0.47, 0.31, 0.59, 0.60, 1.00, 1.00]
Event Rate: [0.96, 0.34, 0.28, 0.37, 0.59, 0.66, 0.39, 0.45, 0.44, 0.54, 0.05, 0.31, 1.00, 1.00, 0.47, 0.31, 0.59, 0.61, 1.00, 1.00]
Event Rate: [0.96, 0.34, 0.28, 0.37, 0.59, 0.66, 0.39, 0.45, 0.44, 0.54, 0.05, 0.31, 1.00, 1.00, 0.47, 0.31, 0.59, 0.61, 1.00, 1.00]
Event Rate: [0.95, 0.35, 0.28, 0.38, 0.59, 0.66, 0.39, 0.45, 0.44, 0.54, 0.05, 0.31, 1.00, 1.00, 0.47, 0.31, 0.59, 0.61, 1.00, 1.00]
Event Rate: [0.96, 0.34, 0.28, 0.37, 0.59, 0.66, 0.39, 0.45, 0.44, 0.54, 0.05, 0.31, 1.00, 1.00, 0.47, 0.31, 0.59, 0.61, 1.00, 1.00]
Event Rate: [0.96, 0.35, 0.29, 0.38, 0.60, 0.66, 0.40, 0.45, 0.44, 0.54, 0.05, 0.31, 1.00, 1.00, 0.47, 0.31, 0.60, 0.61, 1.00, 1.00]
Event Rate: [0.96, 0.33, 0.27, 0.37, 0.58, 0.66, 0.39, 0.45, 0.44, 0.54, 0.05, 0.31, 1.00, 1.00, 0.47, 0.31, 0.59, 0.60, 1.00, 1.00]
Event Rate: [0.96, 0.35, 0.28, 0.38, 0.59, 0.66, 0.40, 0.45, 0.44, 0.54, 0.05, 0.31, 1.00, 1.00, 0.48, 0.31, 0.60, 0.61, 1.00, 1.00]
Event Rate: [0.96, 0.33, 0.27, 0.36, 0.58, 0.66, 0.38, 0.44, 0.43, 0.54, 0.05, 0.31, 1.00, 1.00, 0.47, 0.31, 0.58, 0.60, 1.00, 1.00]
Event Rate: [0.96, 0.34, 0.28, 0.37, 0.59, 0.66, 0.39, 0.45, 0.44, 0.54, 0.05, 0.31, 1.00, 1.00, 0.47, 0.31, 0.59, 0.61, 1.00, 1.00]
Event Rate: [0.96, 0.35, 0.28, 0.38, 0.59, 0.66, 0.39, 0.45, 0.43, 0.54, 0.05, 0.31, 1.00, 1.00, 0.47, 0.31, 0.59, 0.61, 1.00, 1.00]
Event Rate: [0.96, 0.35, 0.29, 0.38, 0.60, 0.67, 0.40, 0.45, 0.44, 0.54, 0.05, 0.31, 1.00, 1.00, 0.47, 0.31, 0.60, 0.61, 1.00, 1.00]
Event Rate: [0.96, 0.33, 0.27, 0.37, 0.58, 0.66, 0.39, 0.45, 0.44, 0.54, 0.05, 0.31, 1.00, 1.00, 0.47, 0.31, 0.59, 0.60, 1.00, 1.00]
Event Rate: [0.96, 0.34, 0.28, 0.37, 0.59, 0.66, 0.39, 0.45, 0.44, 0.54, 0.05, 0.31, 1.00, 1.00, 0.47, 0.31, 0.59, 0.61, 1.00, 1.00]
Event Rate: [0.96, 0.32, 0.27, 0.36, 0.57, 0.65, 0.38, 0.44, 0.43, 0.53, 0.05, 0.31, 1.00, 1.00, 0.47, 0.31, 0.58, 0.60, 1.00, 1.00]
Event Rate: [0.96, 0.35, 0.28, 0.38, 0.60, 0.67, 0.40, 0.45, 0.44, 0.54, 0.05, 0.32, 1.00, 1.00, 0.48, 0.32, 0.60, 0.61, 1.00, 1.00]
Event Rate: [0.95, 0.32, 0.27, 0.36, 0.57, 0.65, 0.38, 0.44, 0.43, 0.53, 0.05, 0.31, 1.00, 1.00, 0.46, 0.31, 0.58, 0.60, 1.00, 1.00]
Event Rate: [0.96, 0.34, 0.27, 0.37, 0.58, 0.66, 0.39, 0.45, 0.43, 0.53, 0.05, 0.31, 1.00, 1.00, 0.47, 0.31, 0.59, 0.60, 1.00, 1.00]
Event Rate: [0.96, 0.34, 0.28, 0.38, 0.59, 0.66, 0.39, 0.45, 0.44, 0.54, 0.05, 0.31, 1.00, 1.00, 0.47, 0.31, 0.60, 0.61, 1.00, 1.00]
Event Rate: [0.95, 0.33, 0.27, 0.36, 0.58, 0.65, 0.38, 0.44, 0.43, 0.54, 0.05, 0.31, 1.00, 1.00, 0.47, 0.31, 0.58, 0.60, 1.00, 1.00]
Event Rate: [0.95, 0.33, 0.27, 0.37, 0.58, 0.66, 0.39, 0.45, 0.43, 0.54, 0.05, 0.31, 1.00, 1.00, 0.47, 0.31, 0.59, 0.60, 1.00, 1.00]
Event Rate: [0.96, 0.34, 0.28, 0.37, 0.58, 0.66, 0.39, 0.45, 0.43, 0.54, 0.05, 0.31, 1.00, 1.00, 0.47, 0.31, 0.59, 0.60, 1.00, 1.00]
Event Rate: [0.96, 0.33, 0.27, 0.37, 0.58, 0.66, 0.39, 0.45, 0.44, 0.54, 0.05, 0.31, 1.00, 1.00, 0.47, 0.31, 0.59, 0.61, 1.00, 1.00]
Event Rate: [0.96, 0.33, 0.27, 0.37, 0.58, 0.66, 0.39, 0.45, 0.43, 0.54, 0.05, 0.31, 1.00, 1.00, 0.47, 0.31, 0.59, 0.60, 1.00, 1.00]
Event Rate: [0.96, 0.33, 0.27, 0.37, 0.58, 0.66, 0.39, 0.45, 0.43, 0.54, 0.05, 0.31, 1.00, 1.00, 0.47, 0.31, 0.59, 0.60, 1.00, 1.00]
Event Rate: [0.96, 0.34, 0.28, 0.38, 0.59, 0.66, 0.39, 0.45, 0.44, 0.54, 0.05, 0.31, 1.00, 1.00, 0.47, 0.31, 0.59, 0.61, 1.00, 1.00]
Event Rate: [0.96, 0.34, 0.27, 0.37, 0.59, 0.66, 0.39, 0.45, 0.43, 0.54, 0.05, 0.31, 1.00, 1.00, 0.47, 0.31, 0.59, 0.61, 1.00, 1.00]
Event Rate: [0.96, 0.35, 0.29, 0.38, 0.60, 0.67, 0.40, 0.45, 0.44, 0.54, 0.05, 0.31, 1.00, 1.00, 0.47, 0.31, 0.60, 0.61, 1.00, 1.00]
Event Rate: [0.96, 0.35, 0.28, 0.38, 0.60, 0.67, 0.40, 0.45, 0.44, 0.54, 0.05, 0.31, 1.00, 1.00, 0.47, 0.31, 0.60, 0.61, 1.00, 1.00]
Event Rate: [0.96, 0.35, 0.28, 0.38, 0.59, 0.66, 0.39, 0.45, 0.44, 0.54, 0.05, 0.31, 1.00, 1.00, 0.47, 0.32, 0.59, 0.61, 1.00, 1.00]
Event Rate: [0.96, 0.34, 0.28, 0.37, 0.59, 0.66, 0.39, 0.45, 0.43, 0.54, 0.05, 0.31, 1.00, 1.00, 0.47, 0.31, 0.59, 0.61, 1.00, 1.00]
Event Rate: [0.96, 0.34, 0.28, 0.37, 0.58, 0.66, 0.39, 0.45, 0.43, 0.54, 0.05, 0.31, 1.00, 1.00, 0.47, 0.31, 0.59, 0.60, 1.00, 1.00]
Event Rate: [0.96, 0.33, 0.27, 0.37, 0.58, 0.66, 0.39, 0.45, 0.44, 0.54, 0.05, 0.31, 1.00, 1.00, 0.47, 0.31, 0.59, 0.60, 1.00, 1.00]
Event Rate: [0.96, 0.34, 0.28, 0.37, 0.58, 0.66, 0.39, 0.45, 0.44, 0.54, 0.05, 0.31, 1.00, 1.00, 0.47, 0.31, 0.59, 0.61, 1.00, 1.00]
Event Rate: [0.96, 0.35, 0.28, 0.37, 0.59, 0.67, 0.39, 0.45, 0.44, 0.54, 0.05, 0.31, 1.00, 1.00, 0.47, 0.31, 0.60, 0.61, 1.00, 1.00]
Event Rate: [0.96, 0.34, 0.28, 0.37, 0.59, 0.66, 0.39, 0.45, 0.44, 0.54, 0.05, 0.31, 1.00, 1.00, 0.47, 0.31, 0.59, 0.61, 1.00, 1.00]
Event Rate: [0.96, 0.34, 0.28, 0.37, 0.59, 0.66, 0.39, 0.45, 0.44, 0.54, 0.05, 0.31, 1.00, 1.00, 0.47, 0.31, 0.59, 0.61, 1.00, 1.00]
Event Rate: [0.96, 0.34, 0.28, 0.37, 0.59, 0.66, 0.39, 0.45, 0.44, 0.54, 0.05, 0.31, 1.00, 1.00, 0.47, 0.31, 0.59, 0.60, 1.00, 1.00]
Event Rate: [0.96, 0.35, 0.29, 0.38, 0.60, 0.67, 0.40, 0.45, 0.44, 0.54, 0.05, 0.31, 1.00, 1.00, 0.47, 0.31, 0.60, 0.61, 1.00, 1.00]
Event Rate: [0.96, 0.34, 0.28, 0.38, 0.59, 0.66, 0.39, 0.45, 0.43, 0.54, 0.05, 0.31, 1.00, 1.00, 0.47, 0.31, 0.59, 0.60, 1.00, 1.00]
Event Rate: [0.96, 0.33, 0.27, 0.37, 0.58, 0.66, 0.39, 0.45, 0.43, 0.54, 0.05, 0.31, 1.00, 1.00, 0.47, 0.31, 0.59, 0.60, 1.00, 1.00]
Event Rate: [0.96, 0.34, 0.28, 0.37, 0.59, 0.66, 0.39, 0.45, 0.44, 0.54, 0.05, 0.31, 1.00, 1.00, 0.47, 0.31, 0.59, 0.61, 1.00, 1.00]
Event Rate: [0.95, 0.34, 0.28, 0.37, 0.58, 0.66, 0.39, 0.45, 0.43, 0.54, 0.05, 0.31, 1.00, 1.00, 0.47, 0.31, 0.59, 0.60, 1.00, 1.00]
Event Rate: [0.96, 0.34, 0.28, 0.37, 0.59, 0.66, 0.39, 0.45, 0.44, 0.54, 0.05, 0.31, 1.00, 1.00, 0.47, 0.31, 0.59, 0.61, 1.00, 1.00]
Event Rate: [0.96, 0.34, 0.28, 0.37, 0.59, 0.66, 0.39, 0.45, 0.44, 0.54, 0.05, 0.31, 1.00, 1.00, 0.47, 0.31, 0.59, 0.61, 1.00, 1.00]
Event Rate: [0.96, 0.33, 0.27, 0.37, 0.58, 0.66, 0.39, 0.45, 0.43, 0.54, 0.05, 0.31, 1.00, 1.00, 0.47, 0.31, 0.59, 0.60, 1.00, 1.00]
Event Rate: [0.95, 0.33, 0.27, 0.37, 0.58, 0.66, 0.38, 0.45, 0.43, 0.54, 0.05, 0.31, 1.00, 1.00, 0.47, 0.31, 0.59, 0.60, 1.00, 1.00]
Event Rate: [0.95, 0.34, 0.28, 0.37, 0.59, 0.66, 0.39, 0.45, 0.44, 0.54, 0.05, 0.31, 1.00, 1.00, 0.47, 0.31, 0.59, 0.61, 1.00, 1.00]
Event Rate: [0.96, 0.33, 0.27, 0.37, 0.58, 0.66, 0.39, 0.45, 0.44, 0.54, 0.05, 0.31, 1.00, 1.00, 0.47, 0.31, 0.59, 0.61, 1.00, 1.00]
Event Rate: [0.96, 0.34, 0.28, 0.37, 0.59, 0.66, 0.39, 0.45, 0.44, 0.54, 0.05, 0.31, 1.00, 1.00, 0.47, 0.31, 0.59, 0.61, 1.00, 1.00]
Event Rate: [0.96, 0.34, 0.28, 0.37, 0.58, 0.66, 0.39, 0.45, 0.43, 0.54, 0.05, 0.31, 1.00, 1.00, 0.47, 0.31, 0.59, 0.61, 1.00, 1.00]
Event Rate: [0.96, 0.34, 0.28, 0.38, 0.59, 0.66, 0.39, 0.45, 0.44, 0.54, 0.05, 0.31, 1.00, 1.00, 0.47, 0.31, 0.59, 0.61, 1.00, 1.00]
Event Rate: [0.96, 0.34, 0.28, 0.37, 0.59, 0.67, 0.39, 0.45, 0.44, 0.54, 0.05, 0.31, 1.00, 1.00, 0.47, 0.31, 0.60, 0.61, 1.00, 1.00]
Event Rate: [0.96, 0.34, 0.28, 0.37, 0.59, 0.66, 0.39, 0.45, 0.44, 0.54, 0.05, 0.31, 1.00, 1.00, 0.47, 0.31, 0.59, 0.61, 1.00, 1.00]
Event Rate: [0.96, 0.34, 0.28, 0.38, 0.59, 0.66, 0.40, 0.45, 0.44, 0.54, 0.05, 0.32, 1.00, 1.00, 0.48, 0.32, 0.60, 0.61, 1.00, 1.00]
Event Rate: [0.96, 0.34, 0.28, 0.38, 0.59, 0.66, 0.40, 0.45, 0.44, 0.54, 0.05, 0.32, 1.00, 1.00, 0.48, 0.32, 0.60, 0.61, 1.00, 1.00]
Event Rate: [0.96, 0.34, 0.28, 0.37, 0.59, 0.66, 0.39, 0.45, 0.44, 0.54, 0.05, 0.31, 1.00, 1.00, 0.47, 0.31, 0.59, 0.61, 1.00, 1.00]
Event Rate: [0.96, 0.34, 0.27, 0.37, 0.58, 0.66, 0.39, 0.45, 0.43, 0.54, 0.05, 0.31, 1.00, 1.00, 0.47, 0.31, 0.59, 0.60, 1.00, 1.00]
Event Rate: [0.95, 0.32, 0.26, 0.36, 0.57, 0.65, 0.38, 0.44, 0.43, 0.53, 0.05, 0.31, 1.00, 1.00, 0.46, 0.31, 0.58, 0.59, 1.00, 1.00]
Event Rate: [0.96, 0.35, 0.28, 0.37, 0.59, 0.67, 0.39, 0.45, 0.44, 0.54, 0.05, 0.31, 1.00, 1.00, 0.48, 0.32, 0.60, 0.61, 1.00, 1.00]
Event Rate: [0.96, 0.34, 0.28, 0.37, 0.58, 0.66, 0.39, 0.45, 0.44, 0.54, 0.05, 0.31, 1.00, 1.00, 0.47, 0.31, 0.59, 0.60, 1.00, 1.00]
Event Rate: [0.96, 0.34, 0.28, 0.37, 0.58, 0.65, 0.39, 0.44, 0.43, 0.54, 0.05, 0.31, 1.00, 1.00, 0.47, 0.31, 0.59, 0.60, 1.00, 1.00]
Event Rate: [0.96, 0.34, 0.27, 0.37, 0.58, 0.66, 0.39, 0.45, 0.43, 0.54, 0.05, 0.31, 1.00, 1.00, 0.47, 0.31, 0.59, 0.60, 1.00, 1.00]
Event Rate: [0.96, 0.34, 0.28, 0.38, 0.59, 0.66, 0.39, 0.45, 0.44, 0.54, 0.05, 0.31, 1.00, 1.00, 0.47, 0.31, 0.59, 0.61, 1.00, 1.00]
Event Rate: [0.96, 0.34, 0.28, 0.38, 0.59, 0.66, 0.39, 0.45, 0.44, 0.54, 0.05, 0.31, 1.00, 1.00, 0.47, 0.31, 0.60, 0.61, 1.00, 1.00]
Event Rate: [0.96, 0.34, 0.27, 0.37, 0.59, 0.66, 0.39, 0.45, 0.44, 0.54, 0.05, 0.31, 1.00, 1.00, 0.47, 0.31, 0.59, 0.61, 1.00, 1.00]
Event Rate: [0.96, 0.35, 0.29, 0.38, 0.60, 0.67, 0.40, 0.45, 0.44, 0.54, 0.05, 0.31, 1.00, 1.00, 0.48, 0.32, 0.60, 0.62, 1.00, 1.00]
Event Rate: [0.96, 0.34, 0.28, 0.37, 0.59, 0.66, 0.39, 0.45, 0.44, 0.54, 0.05, 0.31, 1.00, 1.00, 0.47, 0.31, 0.60, 0.61, 1.00, 1.00]
Event Rate: [0.96, 0.34, 0.29, 0.38, 0.59, 0.66, 0.39, 0.45, 0.44, 0.54, 0.05, 0.31, 1.00, 1.00, 0.47, 0.31, 0.59, 0.61, 1.00, 1.00]
Event Rate: [0.95, 0.34, 0.28, 0.37, 0.59, 0.66, 0.39, 0.45, 0.43, 0.54, 0.05, 0.31, 1.00, 1.00, 0.47, 0.31, 0.59, 0.61, 1.00, 1.00]
Event Rate: [0.96, 0.34, 0.28, 0.38, 0.59, 0.66, 0.39, 0.45, 0.44, 0.54, 0.05, 0.31, 1.00, 1.00, 0.47, 0.31, 0.60, 0.61, 1.00, 1.00]
Event Rate: [0.96, 0.34, 0.28, 0.37, 0.59, 0.66, 0.39, 0.45, 0.44, 0.54, 0.05, 0.31, 1.00, 1.00, 0.47, 0.31, 0.59, 0.60, 1.00, 1.00]
Event Rate: [0.96, 0.34, 0.28, 0.37, 0.59, 0.67, 0.39, 0.45, 0.44, 0.54, 0.05, 0.31, 1.00, 1.00, 0.48, 0.31, 0.60, 0.61, 1.00, 1.00]
Event Rate: [0.96, 0.33, 0.27, 0.36, 0.58, 0.65, 0.38, 0.45, 0.43, 0.54, 0.05, 0.31, 1.00, 1.00, 0.47, 0.31, 0.59, 0.60, 1.00, 1.00]
Event Rate: [0.96, 0.34, 0.28, 0.37, 0.59, 0.66, 0.39, 0.45, 0.43, 0.54, 0.05, 0.31, 1.00, 1.00, 0.47, 0.31, 0.59, 0.60, 1.00, 1.00]
Event Rate: [0.96, 0.34, 0.28, 0.38, 0.59, 0.66, 0.39, 0.45, 0.44, 0.54, 0.05, 0.31, 1.00, 1.00, 0.47, 0.31, 0.59, 0.61, 1.00, 1.00]
Event Rate: [0.96, 0.33, 0.28, 0.37, 0.58, 0.66, 0.39, 0.45, 0.43, 0.54, 0.05, 0.31, 1.00, 1.00, 0.47, 0.31, 0.59, 0.60, 1.00, 1.00]
Event Rate: [0.96, 0.34, 0.28, 0.37, 0.58, 0.66, 0.39, 0.45, 0.44, 0.54, 0.05, 0.31, 1.00, 1.00, 0.47, 0.31, 0.59, 0.61, 1.00, 1.00]
Event Rate: [0.96, 0.35, 0.29, 0.39, 0.60, 0.67, 0.40, 0.45, 0.44, 0.54, 0.05, 0.31, 1.00, 1.00, 0.48, 0.32, 0.60, 0.62, 1.00, 1.00]
Event Rate: [0.96, 0.34, 0.28, 0.37, 0.59, 0.67, 0.39, 0.45, 0.44, 0.54, 0.05, 0.31, 1.00, 1.00, 0.47, 0.31, 0.60, 0.61, 1.00, 1.00]
Event Rate: [0.96, 0.34, 0.28, 0.37, 0.59, 0.66, 0.39, 0.45, 0.43, 0.54, 0.05, 0.31, 1.00, 1.00, 0.47, 0.31, 0.59, 0.61, 1.00, 1.00]
Event Rate: [0.96, 0.35, 0.28, 0.38, 0.60, 0.67, 0.40, 0.45, 0.44, 0.54, 0.05, 0.31, 1.00, 1.00, 0.47, 0.31, 0.60, 0.61, 1.00, 1.00]
Event Rate: [0.96, 0.33, 0.27, 0.37, 0.58, 0.66, 0.39, 0.45, 0.44, 0.54, 0.05, 0.32, 1.00, 1.00, 0.47, 0.31, 0.59, 0.60, 1.00, 1.00]
Event Rate: [0.96, 0.34, 0.28, 0.37, 0.58, 0.66, 0.39, 0.45, 0.44, 0.54, 0.05, 0.31, 1.00, 1.00, 0.47, 0.31, 0.59, 0.60, 1.00, 1.00]
Event Rate: [0.96, 0.35, 0.28, 0.38, 0.60, 0.67, 0.40, 0.45, 0.43, 0.54, 0.05, 0.31, 1.00, 1.00, 0.47, 0.31, 0.60, 0.61, 1.00, 1.00]
Event Rate: [0.96, 0.35, 0.28, 0.38, 0.60, 0.67, 0.40, 0.45, 0.44, 0.54, 0.05, 0.31, 1.00, 1.00, 0.47, 0.31, 0.60, 0.61, 1.00, 1.00]
Event Rate: [0.95, 0.35, 0.28, 0.38, 0.59, 0.67, 0.39, 0.45, 0.44, 0.54, 0.05, 0.31, 1.00, 1.00, 0.47, 0.31, 0.60, 0.61, 1.00, 1.00]
Event Rate: [0.96, 0.35, 0.29, 0.38, 0.60, 0.67, 0.40, 0.45, 0.44, 0.54, 0.05, 0.31, 1.00, 1.00, 0.47, 0.31, 0.60, 0.61, 1.00, 1.00]
Event Rate: [0.95, 0.34, 0.28, 0.37, 0.59, 0.66, 0.39, 0.45, 0.43, 0.54, 0.05, 0.31, 1.00, 1.00, 0.47, 0.31, 0.59, 0.60, 1.00, 1.00]
Event Rate: [0.95, 0.34, 0.28, 0.37, 0.59, 0.66, 0.39, 0.45, 0.44, 0.54, 0.05, 0.31, 1.00, 1.00, 0.47, 0.31, 0.59, 0.60, 1.00, 1.00]
Event Rate: [0.96, 0.34, 0.28, 0.37, 0.59, 0.66, 0.39, 0.45, 0.44, 0.54, 0.05, 0.31, 1.00, 1.00, 0.47, 0.31, 0.59, 0.60, 1.00, 1.00]
Event Rate: [0.96, 0.34, 0.28, 0.38, 0.59, 0.66, 0.39, 0.45, 0.44, 0.54, 0.05, 0.31, 1.00, 1.00, 0.47, 0.31, 0.59, 0.61, 1.00, 1.00]
Event Rate: [0.96, 0.34, 0.28, 0.37, 0.58, 0.66, 0.39, 0.45, 0.44, 0.54, 0.05, 0.31, 1.00, 1.00, 0.48, 0.31, 0.59, 0.61, 1.00, 1.00]
Event Rate: [0.96, 0.34, 0.28, 0.37, 0.59, 0.66, 0.39, 0.45, 0.44, 0.54, 0.05, 0.31, 1.00, 1.00, 0.47, 0.31, 0.59, 0.61, 1.00, 1.00]
Event Rate: [0.96, 0.34, 0.28, 0.38, 0.59, 0.67, 0.39, 0.45, 0.44, 0.54, 0.05, 0.31, 1.00, 1.00, 0.47, 0.31, 0.60, 0.61, 1.00, 1.00]
Event Rate: [0.96, 0.34, 0.28, 0.37, 0.59, 0.66, 0.39, 0.45, 0.43, 0.54, 0.05, 0.31, 1.00, 1.00, 0.47, 0.31, 0.59, 0.61, 1.00, 1.00]
Event Rate: [0.96, 0.33, 0.28, 0.37, 0.58, 0.66, 0.39, 0.45, 0.43, 0.53, 0.05, 0.31, 1.00, 1.00, 0.47, 0.31, 0.59, 0.60, 1.00, 1.00]
Event Rate: [0.96, 0.34, 0.28, 0.38, 0.59, 0.67, 0.40, 0.45, 0.44, 0.54, 0.05, 0.31, 1.00, 1.00, 0.47, 0.31, 0.60, 0.61, 1.00, 1.00]
Event Rate: [0.96, 0.34, 0.28, 0.37, 0.59, 0.66, 0.39, 0.45, 0.44, 0.54, 0.05, 0.31, 1.00, 1.00, 0.47, 0.31, 0.59, 0.61, 1.00, 1.00]
Event Rate: [0.96, 0.33, 0.27, 0.37, 0.58, 0.65, 0.39, 0.45, 0.43, 0.53, 0.05, 0.31, 1.00, 1.00, 0.47, 0.31, 0.59, 0.60, 1.00, 1.00]
Event Rate: [0.96, 0.35, 0.28, 0.38, 0.59, 0.67, 0.40, 0.45, 0.44, 0.54, 0.05, 0.31, 1.00, 1.00, 0.47, 0.31, 0.60, 0.61, 1.00, 1.00]
Event Rate: [0.96, 0.34, 0.28, 0.37, 0.58, 0.66, 0.39, 0.45, 0.44, 0.54, 0.05, 0.31, 1.00, 1.00, 0.47, 0.31, 0.59, 0.60, 1.00, 1.00]
Event Rate: [0.96, 0.34, 0.28, 0.38, 0.59, 0.66, 0.39, 0.45, 0.44, 0.54, 0.05, 0.31, 1.00, 1.00, 0.48, 0.31, 0.59, 0.61, 1.00, 1.00]
Event Rate: [0.96, 0.34, 0.28, 0.37, 0.59, 0.66, 0.39, 0.45, 0.43, 0.54, 0.05, 0.31, 1.00, 1.00, 0.47, 0.31, 0.59, 0.61, 1.00, 1.00]
Event Rate: [0.96, 0.35, 0.28, 0.38, 0.60, 0.67, 0.40, 0.45, 0.44, 0.54, 0.05, 0.31, 1.00, 1.00, 0.48, 0.32, 0.60, 0.61, 1.00, 1.00]
Event Rate: [0.96, 0.34, 0.27, 0.36, 0.58, 0.66, 0.39, 0.45, 0.43, 0.54, 0.05, 0.31, 1.00, 1.00, 0.47, 0.31, 0.59, 0.60, 1.00, 1.00]
Event Rate: [0.96, 0.34, 0.28, 0.38, 0.59, 0.66, 0.39, 0.45, 0.44, 0.54, 0.05, 0.31, 1.00, 1.00, 0.47, 0.32, 0.59, 0.61, 1.00, 1.00]
Event Rate: [0.96, 0.34, 0.28, 0.37, 0.59, 0.66, 0.39, 0.45, 0.44, 0.54, 0.05, 0.31, 1.00, 1.00, 0.47, 0.31, 0.59, 0.61, 1.00, 1.00]
Event Rate: [0.96, 0.33, 0.27, 0.37, 0.58, 0.66, 0.39, 0.45, 0.44, 0.54, 0.05, 0.31, 1.00, 1.00, 0.47, 0.31, 0.59, 0.61, 1.00, 1.00]
Event Rate: [0.96, 0.35, 0.29, 0.38, 0.60, 0.67, 0.40, 0.45, 0.44, 0.54, 0.05, 0.31, 1.00, 1.00, 0.48, 0.31, 0.60, 0.62, 1.00, 1.00]
Event Rate: [0.96, 0.34, 0.28, 0.37, 0.59, 0.66, 0.39, 0.45, 0.43, 0.54, 0.05, 0.31, 1.00, 1.00, 0.47, 0.31, 0.59, 0.61, 1.00, 1.00]
Event Rate: [0.95, 0.34, 0.28, 0.37, 0.58, 0.66, 0.39, 0.45, 0.44, 0.54, 0.05, 0.31, 1.00, 1.00, 0.47, 0.31, 0.59, 0.60, 1.00, 1.00]
Event Rate: [0.95, 0.34, 0.28, 0.37, 0.59, 0.66, 0.39, 0.45, 0.43, 0.54, 0.05, 0.31, 1.00, 1.00, 0.47, 0.31, 0.59, 0.61, 1.00, 1.00]
Event Rate: [0.96, 0.35, 0.29, 0.38, 0.60, 0.67, 0.40, 0.45, 0.44, 0.54, 0.05, 0.31, 1.00, 1.00, 0.48, 0.31, 0.60, 0.61, 1.00, 1.00]
Event Rate: [0.95, 0.35, 0.28, 0.38, 0.59, 0.66, 0.40, 0.45, 0.44, 0.54, 0.05, 0.31, 1.00, 1.00, 0.48, 0.31, 0.60, 0.61, 1.00, 1.00]
Event Rate: [0.96, 0.34, 0.28, 0.37, 0.58, 0.66, 0.39, 0.45, 0.43, 0.54, 0.05, 0.31, 1.00, 1.00, 0.47, 0.31, 0.59, 0.60, 1.00, 1.00]
Event Rate: [0.96, 0.33, 0.27, 0.37, 0.58, 0.66, 0.39, 0.45, 0.43, 0.54, 0.05, 0.31, 1.00, 1.00, 0.47, 0.31, 0.59, 0.61, 1.00, 1.00]
Event Rate: [0.95, 0.35, 0.28, 0.38, 0.59, 0.66, 0.40, 0.45, 0.44, 0.54, 0.05, 0.31, 1.00, 1.00, 0.47, 0.31, 0.60, 0.61, 1.00, 1.00]
Event Rate: [0.96, 0.34, 0.28, 0.38, 0.59, 0.66, 0.39, 0.45, 0.44, 0.54, 0.05, 0.31, 1.00, 1.00, 0.47, 0.31, 0.60, 0.61, 1.00, 1.00]
Event Rate: [0.96, 0.35, 0.28, 0.38, 0.60, 0.67, 0.40, 0.45, 0.44, 0.54, 0.05, 0.31, 1.00, 1.00, 0.48, 0.32, 0.60, 0.61, 1.00, 1.00]
Event Rate: [0.96, 0.34, 0.28, 0.37, 0.59, 0.66, 0.39, 0.45, 0.44, 0.54, 0.05, 0.31, 1.00, 1.00, 0.47, 0.31, 0.59, 0.61, 1.00, 1.00]
Event Rate: [0.96, 0.33, 0.28, 0.37, 0.58, 0.66, 0.39, 0.45, 0.44, 0.54, 0.05, 0.31, 1.00, 1.00, 0.47, 0.31, 0.59, 0.60, 1.00, 1.00]
Event Rate: [0.96, 0.34, 0.28, 0.38, 0.59, 0.66, 0.39, 0.45, 0.44, 0.54, 0.05, 0.31, 1.00, 1.00, 0.47, 0.31, 0.59, 0.61, 1.00, 1.00]
Event Rate: [0.96, 0.34, 0.28, 0.38, 0.59, 0.66, 0.40, 0.45, 0.44, 0.54, 0.05, 0.31, 1.00, 1.00, 0.47, 0.31, 0.59, 0.61, 1.00, 1.00]
Event Rate: [0.96, 0.34, 0.28, 0.38, 0.59, 0.66, 0.39, 0.45, 0.44, 0.54, 0.05, 0.31, 1.00, 1.00, 0.47, 0.31, 0.59, 0.61, 1.00, 1.00]
Event Rate: [0.96, 0.34, 0.28, 0.37, 0.59, 0.66, 0.39, 0.45, 0.44, 0.54, 0.05, 0.31, 1.00, 1.00, 0.47, 0.31, 0.59, 0.61, 1.00, 1.00]
Event Rate: [0.96, 0.35, 0.29, 0.38, 0.60, 0.67, 0.40, 0.45, 0.44, 0.54, 0.05, 0.31, 1.00, 1.00, 0.47, 0.31, 0.60, 0.61, 1.00, 1.00]
Event Rate: [0.96, 0.35, 0.28, 0.38, 0.60, 0.67, 0.40, 0.45, 0.44, 0.54, 0.05, 0.31, 1.00, 1.00, 0.48, 0.32, 0.60, 0.61, 1.00, 1.00]
Event Rate: [0.96, 0.34, 0.28, 0.38, 0.59, 0.67, 0.39, 0.45, 0.44, 0.54, 0.05, 0.31, 1.00, 1.00, 0.47, 0.31, 0.60, 0.61, 1.00, 1.00]
Event Rate: [0.96, 0.35, 0.29, 0.38, 0.60, 0.67, 0.40, 0.45, 0.44, 0.54, 0.05, 0.31, 1.00, 1.00, 0.48, 0.32, 0.60, 0.62, 1.00, 1.00]
Event Rate: [0.96, 0.34, 0.27, 0.37, 0.59, 0.66, 0.39, 0.45, 0.43, 0.54, 0.05, 0.31, 1.00, 1.00, 0.47, 0.31, 0.59, 0.61, 1.00, 1.00]
Event Rate: [0.96, 0.33, 0.27, 0.36, 0.58, 0.66, 0.39, 0.45, 0.44, 0.54, 0.05, 0.31, 1.00, 1.00, 0.47, 0.31, 0.59, 0.60, 1.00, 1.00]
Event Rate: [0.96, 0.34, 0.28, 0.38, 0.59, 0.66, 0.40, 0.45, 0.44, 0.54, 0.05, 0.31, 1.00, 1.00, 0.47, 0.31, 0.60, 0.61, 1.00, 1.00]
Event Rate: [0.96, 0.35, 0.28, 0.38, 0.60, 0.67, 0.40, 0.45, 0.44, 0.54, 0.05, 0.32, 1.00, 1.00, 0.48, 0.32, 0.60, 0.61, 1.00, 1.00]
Event Rate: [0.96, 0.35, 0.28, 0.37, 0.59, 0.67, 0.39, 0.45, 0.44, 0.54, 0.05, 0.31, 1.00, 1.00, 0.47, 0.31, 0.59, 0.61, 1.00, 1.00]
Event Rate: [0.95, 0.35, 0.28, 0.38, 0.60, 0.67, 0.40, 0.45, 0.44, 0.54, 0.05, 0.31, 1.00, 1.00, 0.47, 0.31, 0.60, 0.61, 1.00, 1.00]
Event Rate: [0.96, 0.35, 0.29, 0.38, 0.59, 0.66, 0.39, 0.45, 0.44, 0.54, 0.05, 0.31, 1.00, 1.00, 0.47, 0.31, 0.60, 0.61, 1.00, 1.00]
Event Rate: [0.95, 0.33, 0.27, 0.36, 0.58, 0.65, 0.38, 0.44, 0.43, 0.54, 0.05, 0.31, 1.00, 1.00, 0.47, 0.31, 0.58, 0.60, 1.00, 1.00]
Event Rate: [0.95, 0.34, 0.28, 0.37, 0.58, 0.66, 0.39, 0.45, 0.43, 0.54, 0.05, 0.31, 1.00, 1.00, 0.47, 0.31, 0.59, 0.60, 1.00, 1.00]
Event Rate: [0.96, 0.34, 0.28, 0.37, 0.58, 0.66, 0.39, 0.45, 0.43, 0.53, 0.05, 0.31, 1.00, 1.00, 0.47, 0.31, 0.59, 0.60, 1.00, 1.00]
Event Rate: [0.96, 0.34, 0.28, 0.37, 0.59, 0.66, 0.39, 0.45, 0.43, 0.53, 0.05, 0.31, 1.00, 1.00, 0.47, 0.31, 0.60, 0.61, 1.00, 1.00]
Event Rate: [0.96, 0.34, 0.28, 0.37, 0.59, 0.66, 0.39, 0.45, 0.44, 0.54, 0.05, 0.31, 1.00, 1.00, 0.48, 0.32, 0.59, 0.61, 1.00, 1.00]
Event Rate: [0.96, 0.34, 0.28, 0.37, 0.59, 0.66, 0.39, 0.45, 0.44, 0.54, 0.05, 0.31, 1.00, 1.00, 0.48, 0.32, 0.59, 0.61, 1.00, 1.00]
Event Rate: [0.96, 0.34, 0.28, 0.37, 0.59, 0.66, 0.39, 0.45, 0.44, 0.54, 0.05, 0.31, 1.00, 1.00, 0.47, 0.31, 0.59, 0.61, 1.00, 1.00]
Event Rate: [0.96, 0.34, 0.28, 0.37, 0.59, 0.67, 0.39, 0.45, 0.44, 0.54, 0.05, 0.31, 1.00, 1.00, 0.47, 0.32, 0.60, 0.61, 1.00, 1.00]
Event Rate: [0.96, 0.34, 0.28, 0.38, 0.59, 0.66, 0.39, 0.45, 0.44, 0.54, 0.05, 0.31, 1.00, 1.00, 0.47, 0.31, 0.59, 0.61, 1.00, 1.00]
Event Rate: [0.96, 0.35, 0.28, 0.38, 0.59, 0.67, 0.40, 0.45, 0.44, 0.54, 0.05, 0.31, 1.00, 1.00, 0.47, 0.32, 0.60, 0.61, 1.00, 1.00]
Event Rate: [0.96, 0.35, 0.28, 0.38, 0.59, 0.66, 0.39, 0.45, 0.44, 0.54, 0.05, 0.31, 1.00, 1.00, 0.47, 0.31, 0.59, 0.61, 1.00, 1.00]
Event Rate: [0.96, 0.34, 0.28, 0.37, 0.59, 0.66, 0.39, 0.45, 0.44, 0.54, 0.05, 0.31, 1.00, 1.00, 0.47, 0.31, 0.59, 0.61, 1.00, 1.00]
Event Rate: [0.96, 0.34, 0.28, 0.37, 0.59, 0.66, 0.39, 0.45, 0.44, 0.54, 0.05, 0.31, 1.00, 1.00, 0.48, 0.32, 0.59, 0.61, 1.00, 1.00]
Event Rate: [0.96, 0.34, 0.28, 0.37, 0.59, 0.66, 0.39, 0.45, 0.43, 0.54, 0.05, 0.31, 1.00, 1.00, 0.47, 0.31, 0.59, 0.61, 1.00, 1.00]
Event Rate: [0.95, 0.34, 0.28, 0.37, 0.59, 0.67, 0.39, 0.45, 0.44, 0.54, 0.05, 0.31, 1.00, 1.00, 0.47, 0.31, 0.60, 0.61, 1.00, 1.00]
Event Rate: [0.96, 0.34, 0.28, 0.37, 0.59, 0.66, 0.39, 0.45, 0.43, 0.54, 0.05, 0.31, 1.00, 1.00, 0.47, 0.31, 0.59, 0.61, 1.00, 1.00]
Event Rate: [0.96, 0.34, 0.28, 0.38, 0.59, 0.66, 0.39, 0.45, 0.43, 0.54, 0.05, 0.31, 1.00, 1.00, 0.47, 0.31, 0.59, 0.61, 1.00, 1.00]
Event Rate: [0.96, 0.33, 0.27, 0.37, 0.58, 0.65, 0.39, 0.44, 0.43, 0.54, 0.05, 0.31, 1.00, 1.00, 0.47, 0.31, 0.59, 0.60, 1.00, 1.00]
Event Rate: [0.96, 0.34, 0.28, 0.37, 0.59, 0.66, 0.39, 0.45, 0.44, 0.54, 0.05, 0.31, 1.00, 1.00, 0.47, 0.31, 0.59, 0.61, 1.00, 1.00]
Event Rate: [0.96, 0.32, 0.27, 0.36, 0.57, 0.65, 0.38, 0.44, 0.43, 0.54, 0.05, 0.31, 1.00, 1.00, 0.47, 0.31, 0.58, 0.60, 1.00, 1.00]
Event Rate: [0.96, 0.34, 0.27, 0.37, 0.58, 0.66, 0.39, 0.45, 0.43, 0.54, 0.05, 0.31, 1.00, 1.00, 0.47, 0.31, 0.59, 0.60, 1.00, 1.00]
Event Rate: [0.95, 0.34, 0.28, 0.37, 0.58, 0.66, 0.39, 0.45, 0.44, 0.54, 0.05, 0.31, 1.00, 1.00, 0.47, 0.31, 0.59, 0.60, 1.00, 1.00]
Event Rate: [0.96, 0.33, 0.27, 0.36, 0.58, 0.66, 0.39, 0.45, 0.43, 0.54, 0.05, 0.31, 1.00, 1.00, 0.46, 0.31, 0.59, 0.60, 1.00, 1.00]
Event Rate: [0.96, 0.34, 0.28, 0.37, 0.59, 0.66, 0.39, 0.45, 0.44, 0.54, 0.05, 0.31, 1.00, 1.00, 0.47, 0.31, 0.59, 0.61, 1.00, 1.00]
Event Rate: [0.96, 0.34, 0.28, 0.37, 0.59, 0.66, 0.39, 0.45, 0.43, 0.54, 0.05, 0.31, 1.00, 1.00, 0.47, 0.31, 0.59, 0.60, 1.00, 1.00]
Event Rate: [0.96, 0.34, 0.28, 0.38, 0.59, 0.66, 0.39, 0.45, 0.43, 0.54, 0.05, 0.31, 1.00, 1.00, 0.47, 0.31, 0.59, 0.61, 1.00, 1.00]
Event Rate: [0.96, 0.33, 0.27, 0.37, 0.58, 0.65, 0.39, 0.45, 0.43, 0.54, 0.05, 0.31, 1.00, 1.00, 0.47, 0.31, 0.58, 0.60, 1.00, 1.00]
Event Rate: [0.96, 0.35, 0.29, 0.38, 0.60, 0.67, 0.40, 0.45, 0.44, 0.54, 0.05, 0.31, 1.00, 1.00, 0.48, 0.32, 0.60, 0.61, 1.00, 1.00]
Event Rate: [0.96, 0.35, 0.28, 0.38, 0.59, 0.66, 0.40, 0.45, 0.44, 0.54, 0.05, 0.31, 1.00, 1.00, 0.47, 0.31, 0.60, 0.61, 1.00, 1.00]
Event Rate: [0.96, 0.35, 0.28, 0.38, 0.59, 0.67, 0.39, 0.45, 0.44, 0.54, 0.05, 0.31, 1.00, 1.00, 0.47, 0.31, 0.60, 0.61, 1.00, 1.00]
Event Rate: [0.96, 0.35, 0.28, 0.38, 0.59, 0.67, 0.39, 0.45, 0.44, 0.54, 0.05, 0.31, 1.00, 1.00, 0.47, 0.31, 0.60, 0.61, 1.00, 1.00]
Event Rate: [0.95, 0.35, 0.28, 0.38, 0.60, 0.67, 0.39, 0.45, 0.44, 0.54, 0.05, 0.31, 1.00, 1.00, 0.47, 0.31, 0.60, 0.61, 1.00, 1.00]
Event Rate: [0.96, 0.35, 0.28, 0.38, 0.59, 0.66, 0.39, 0.45, 0.44, 0.54, 0.05, 0.31, 1.00, 1.00, 0.47, 0.31, 0.60, 0.61, 1.00, 1.00]
Event Rate: [0.96, 0.33, 0.28, 0.37, 0.58, 0.66, 0.38, 0.45, 0.44, 0.54, 0.05, 0.31, 1.00, 1.00, 0.47, 0.31, 0.59, 0.60, 1.00, 1.00]
Event Rate: [0.95, 0.33, 0.27, 0.37, 0.59, 0.66, 0.39, 0.45, 0.43, 0.54, 0.05, 0.31, 1.00, 1.00, 0.47, 0.31, 0.59, 0.60, 1.00, 1.00]
Event Rate: [0.96, 0.35, 0.28, 0.38, 0.59, 0.66, 0.39, 0.45, 0.44, 0.54, 0.05, 0.31, 1.00, 1.00, 0.47, 0.31, 0.60, 0.61, 1.00, 1.00]
Event Rate: [0.96, 0.34, 0.28, 0.38, 0.59, 0.66, 0.39, 0.45, 0.44, 0.54, 0.05, 0.31, 1.00, 1.00, 0.47, 0.31, 0.59, 0.61, 1.00, 1.00]
Event Rate: [0.96, 0.34, 0.28, 0.37, 0.59, 0.66, 0.39, 0.45, 0.43, 0.54, 0.05, 0.31, 1.00, 1.00, 0.47, 0.31, 0.59, 0.61, 1.00, 1.00]
Event Rate: [0.96, 0.34, 0.28, 0.37, 0.59, 0.66, 0.39, 0.45, 0.43, 0.54, 0.05, 0.31, 1.00, 1.00, 0.47, 0.31, 0.59, 0.60, 1.00, 1.00]
Event Rate: [0.96, 0.34, 0.28, 0.38, 0.59, 0.66, 0.39, 0.45, 0.43, 0.54, 0.05, 0.31, 1.00, 1.00, 0.47, 0.31, 0.59, 0.61, 1.00, 1.00]
Event Rate: [0.96, 0.33, 0.27, 0.37, 0.58, 0.66, 0.39, 0.45, 0.44, 0.54, 0.05, 0.31, 1.00, 1.00, 0.47, 0.31, 0.59, 0.61, 1.00, 1.00]
Event Rate: [0.96, 0.33, 0.27, 0.36, 0.58, 0.65, 0.38, 0.44, 0.43, 0.54, 0.05, 0.31, 1.00, 1.00, 0.47, 0.31, 0.58, 0.60, 1.00, 1.00]
Event Rate: [0.96, 0.33, 0.28, 0.37, 0.58, 0.66, 0.39, 0.45, 0.44, 0.54, 0.05, 0.31, 1.00, 1.00, 0.47, 0.31, 0.59, 0.60, 1.00, 1.00]
Event Rate: [0.95, 0.34, 0.27, 0.37, 0.58, 0.66, 0.39, 0.45, 0.43, 0.54, 0.05, 0.31, 1.00, 1.00, 0.47, 0.31, 0.59, 0.61, 1.00, 1.00]
Event Rate: [0.96, 0.35, 0.28, 0.38, 0.60, 0.67, 0.40, 0.45, 0.44, 0.54, 0.05, 0.31, 1.00, 1.00, 0.47, 0.31, 0.60, 0.61, 1.00, 1.00]
Event Rate: [0.96, 0.34, 0.28, 0.37, 0.58, 0.66, 0.39, 0.45, 0.43, 0.54, 0.05, 0.31, 1.00, 1.00, 0.47, 0.31, 0.59, 0.60, 1.00, 1.00]
Event Rate: [0.95, 0.34, 0.28, 0.37, 0.59, 0.66, 0.39, 0.45, 0.43, 0.54, 0.05, 0.31, 1.00, 1.00, 0.47, 0.31, 0.59, 0.60, 1.00, 1.00]
Event Rate: [0.95, 0.34, 0.28, 0.37, 0.59, 0.66, 0.39, 0.45, 0.43, 0.53, 0.05, 0.31, 1.00, 1.00, 0.47, 0.31, 0.59, 0.60, 1.00, 1.00]
Event Rate: [0.96, 0.34, 0.27, 0.37, 0.58, 0.66, 0.39, 0.45, 0.43, 0.53, 0.05, 0.31, 1.00, 1.00, 0.47, 0.31, 0.59, 0.60, 1.00, 1.00]
Event Rate: [0.96, 0.33, 0.27, 0.37, 0.58, 0.66, 0.39, 0.45, 0.43, 0.54, 0.05, 0.31, 1.00, 1.00, 0.47, 0.31, 0.59, 0.60, 1.00, 1.00]
Event Rate: [0.96, 0.34, 0.28, 0.38, 0.59, 0.66, 0.39, 0.45, 0.43, 0.54, 0.05, 0.31, 1.00, 1.00, 0.47, 0.31, 0.59, 0.60, 1.00, 1.00]
Event Rate: [0.96, 0.34, 0.28, 0.38, 0.59, 0.66, 0.39, 0.45, 0.44, 0.54, 0.05, 0.31, 1.00, 1.00, 0.47, 0.31, 0.59, 0.61, 1.00, 1.00]
Event Rate: [0.96, 0.34, 0.28, 0.37, 0.59, 0.66, 0.39, 0.45, 0.44, 0.54, 0.05, 0.31, 1.00, 1.00, 0.47, 0.31, 0.60, 0.61, 1.00, 1.00]
Event Rate: [0.96, 0.34, 0.28, 0.37, 0.59, 0.66, 0.39, 0.45, 0.44, 0.54, 0.05, 0.31, 1.00, 1.00, 0.48, 0.32, 0.59, 0.61, 1.00, 1.00]
Event Rate: [0.96, 0.34, 0.28, 0.37, 0.58, 0.66, 0.39, 0.45, 0.43, 0.54, 0.05, 0.31, 1.00, 1.00, 0.47, 0.31, 0.59, 0.60, 1.00, 1.00]
Event Rate: [0.95, 0.33, 0.27, 0.37, 0.58, 0.65, 0.39, 0.44, 0.43, 0.54, 0.05, 0.31, 1.00, 1.00, 0.47, 0.31, 0.59, 0.60, 1.00, 1.00]
Event Rate: [0.95, 0.34, 0.28, 0.37, 0.59, 0.66, 0.39, 0.45, 0.43, 0.54, 0.05, 0.31, 1.00, 1.00, 0.47, 0.31, 0.59, 0.61, 1.00, 1.00]
Event Rate: [0.96, 0.35, 0.29, 0.38, 0.60, 0.67, 0.40, 0.45, 0.44, 0.54, 0.05, 0.31, 1.00, 1.00, 0.48, 0.32, 0.60, 0.62, 1.00, 1.00]
Event Rate: [0.96, 0.35, 0.28, 0.38, 0.59, 0.66, 0.40, 0.45, 0.44, 0.54, 0.05, 0.31, 1.00, 1.00, 0.48, 0.32, 0.60, 0.61, 1.00, 1.00]
Event Rate: [0.96, 0.34, 0.28, 0.37, 0.59, 0.67, 0.39, 0.45, 0.44, 0.54, 0.05, 0.31, 1.00, 1.00, 0.47, 0.31, 0.60, 0.61, 1.00, 1.00]
Event Rate: [0.96, 0.33, 0.27, 0.37, 0.58, 0.66, 0.38, 0.44, 0.43, 0.54, 0.05, 0.31, 1.00, 1.00, 0.47, 0.31, 0.59, 0.60, 1.00, 1.00]
Event Rate: [0.95, 0.34, 0.28, 0.37, 0.59, 0.66, 0.39, 0.45, 0.43, 0.54, 0.05, 0.31, 1.00, 1.00, 0.47, 0.31, 0.59, 0.61, 1.00, 1.00]
Event Rate: [0.96, 0.34, 0.28, 0.37, 0.59, 0.66, 0.39, 0.45, 0.43, 0.53, 0.05, 0.31, 1.00, 1.00, 0.47, 0.31, 0.59, 0.61, 1.00, 1.00]
Event Rate: [0.96, 0.35, 0.28, 0.38, 0.60, 0.67, 0.40, 0.45, 0.44, 0.54, 0.05, 0.31, 1.00, 1.00, 0.47, 0.31, 0.60, 0.61, 1.00, 1.00]
Event Rate: [0.96, 0.35, 0.28, 0.38, 0.59, 0.66, 0.39, 0.45, 0.44, 0.54, 0.05, 0.31, 1.00, 1.00, 0.47, 0.32, 0.60, 0.61, 1.00, 1.00]
Event Rate: [0.96, 0.35, 0.28, 0.38, 0.60, 0.67, 0.40, 0.45, 0.44, 0.54, 0.05, 0.31, 1.00, 1.00, 0.47, 0.31, 0.60, 0.61, 1.00, 1.00]
Event Rate: [0.96, 0.33, 0.27, 0.37, 0.58, 0.66, 0.38, 0.45, 0.43, 0.54, 0.05, 0.31, 1.00, 1.00, 0.47, 0.31, 0.59, 0.60, 1.00, 1.00]
Event Rate: [0.96, 0.34, 0.28, 0.37, 0.59, 0.67, 0.39, 0.45, 0.44, 0.54, 0.05, 0.31, 1.00, 1.00, 0.47, 0.31, 0.59, 0.61, 1.00, 1.00]
Event Rate: [0.96, 0.34, 0.28, 0.38, 0.59, 0.66, 0.39, 0.45, 0.44, 0.54, 0.05, 0.31, 1.00, 1.00, 0.47, 0.31, 0.59, 0.61, 1.00, 1.00]
Event Rate: [0.95, 0.33, 0.27, 0.37, 0.58, 0.66, 0.39, 0.45, 0.44, 0.54, 0.05, 0.31, 1.00, 1.00, 0.47, 0.31, 0.59, 0.61, 1.00, 1.00]
Event Rate: [0.96, 0.34, 0.28, 0.38, 0.59, 0.66, 0.39, 0.45, 0.44, 0.54, 0.05, 0.31, 1.00, 1.00, 0.47, 0.31, 0.59, 0.61, 1.00, 1.00]
Event Rate: [0.96, 0.34, 0.28, 0.38, 0.59, 0.67, 0.39, 0.45, 0.44, 0.54, 0.05, 0.31, 1.00, 1.00, 0.47, 0.31, 0.60, 0.61, 1.00, 1.00]
Event Rate: [0.96, 0.34, 0.28, 0.37, 0.58, 0.66, 0.39, 0.45, 0.43, 0.53, 0.05, 0.31, 1.00, 1.00, 0.47, 0.31, 0.59, 0.60, 1.00, 1.00]
Event Rate: [0.96, 0.35, 0.28, 0.38, 0.59, 0.66, 0.40, 0.45, 0.44, 0.54, 0.05, 0.31, 1.00, 1.00, 0.47, 0.31, 0.60, 0.61, 1.00, 1.00]
Event Rate: [0.96, 0.34, 0.28, 0.37, 0.59, 0.66, 0.39, 0.45, 0.43, 0.53, 0.05, 0.31, 1.00, 1.00, 0.47, 0.31, 0.59, 0.60, 1.00, 1.00]
Event Rate: [0.96, 0.34, 0.28, 0.37, 0.59, 0.66, 0.39, 0.45, 0.44, 0.54, 0.05, 0.31, 1.00, 1.00, 0.47, 0.31, 0.59, 0.61, 1.00, 1.00]
Event Rate: [0.96, 0.35, 0.29, 0.39, 0.60, 0.67, 0.40, 0.45, 0.44, 0.54, 0.05, 0.31, 1.00, 1.00, 0.48, 0.32, 0.60, 0.62, 1.00, 1.00]
Event Rate: [0.96, 0.36, 0.29, 0.38, 0.60, 0.67, 0.40, 0.45, 0.44, 0.54, 0.05, 0.31, 1.00, 1.00, 0.48, 0.32, 0.60, 0.62, 1.00, 1.00]
Event Rate: [0.96, 0.34, 0.27, 0.37, 0.58, 0.66, 0.39, 0.45, 0.43, 0.54, 0.05, 0.31, 1.00, 1.00, 0.47, 0.31, 0.59, 0.60, 1.00, 1.00]
Event Rate: [0.96, 0.35, 0.28, 0.38, 0.59, 0.66, 0.39, 0.45, 0.44, 0.54, 0.05, 0.32, 1.00, 1.00, 0.48, 0.32, 0.60, 0.61, 1.00, 1.00]
Event Rate: [0.96, 0.34, 0.28, 0.37, 0.59, 0.66, 0.39, 0.45, 0.44, 0.54, 0.05, 0.31, 1.00, 1.00, 0.47, 0.31, 0.59, 0.61, 1.00, 1.00]
Event Rate: [0.95, 0.33, 0.27, 0.36, 0.58, 0.65, 0.38, 0.44, 0.43, 0.53, 0.05, 0.31, 1.00, 1.00, 0.46, 0.31, 0.58, 0.60, 1.00, 1.00]
Event Rate: [0.96, 0.34, 0.28, 0.38, 0.59, 0.66, 0.40, 0.45, 0.44, 0.54, 0.05, 0.31, 1.00, 1.00, 0.47, 0.31, 0.60, 0.61, 1.00, 1.00]
Event Rate: [0.96, 0.33, 0.28, 0.37, 0.58, 0.66, 0.39, 0.45, 0.44, 0.54, 0.05, 0.31, 1.00, 1.00, 0.47, 0.31, 0.59, 0.60, 1.00, 1.00]
Event Rate: [0.95, 0.34, 0.28, 0.37, 0.59, 0.66, 0.39, 0.45, 0.44, 0.54, 0.05, 0.31, 1.00, 1.00, 0.47, 0.31, 0.60, 0.61, 1.00, 1.00]
Event Rate: [0.96, 0.35, 0.29, 0.38, 0.59, 0.66, 0.39, 0.45, 0.43, 0.54, 0.05, 0.31, 1.00, 1.00, 0.47, 0.31, 0.60, 0.61, 1.00, 1.00]
Event Rate: [0.96, 0.34, 0.28, 0.37, 0.59, 0.66, 0.39, 0.45, 0.44, 0.54, 0.05, 0.31, 1.00, 1.00, 0.47, 0.31, 0.59, 0.61, 1.00, 1.00]
Event Rate: [0.95, 0.33, 0.27, 0.36, 0.58, 0.65, 0.38, 0.44, 0.43, 0.54, 0.05, 0.31, 1.00, 1.00, 0.47, 0.31, 0.58, 0.60, 1.00, 1.00]
Event Rate: [0.96, 0.34, 0.28, 0.37, 0.58, 0.66, 0.39, 0.45, 0.44, 0.54, 0.05, 0.31, 1.00, 1.00, 0.47, 0.31, 0.59, 0.61, 1.00, 1.00]
Event Rate: [0.96, 0.34, 0.28, 0.37, 0.59, 0.67, 0.39, 0.45, 0.44, 0.54, 0.05, 0.31, 1.00, 1.00, 0.47, 0.31, 0.60, 0.61, 1.00, 1.00]
Event Rate: [0.96, 0.33, 0.27, 0.37, 0.58, 0.66, 0.39, 0.45, 0.44, 0.54, 0.05, 0.31, 1.00, 1.00, 0.47, 0.31, 0.59, 0.60, 1.00, 1.00]
Event Rate: [0.96, 0.34, 0.28, 0.37, 0.59, 0.66, 0.39, 0.45, 0.44, 0.54, 0.05, 0.31, 1.00, 1.00, 0.47, 0.31, 0.59, 0.61, 1.00, 1.00]
Event Rate: [0.95, 0.33, 0.27, 0.37, 0.58, 0.66, 0.39, 0.45, 0.43, 0.54, 0.05, 0.31, 1.00, 1.00, 0.47, 0.31, 0.59, 0.60, 1.00, 1.00]
Event Rate: [0.96, 0.35, 0.28, 0.38, 0.59, 0.66, 0.40, 0.45, 0.44, 0.54, 0.05, 0.31, 1.00, 1.00, 0.47, 0.31, 0.60, 0.61, 1.00, 1.00]
Event Rate: [0.96, 0.34, 0.28, 0.38, 0.59, 0.66, 0.39, 0.45, 0.44, 0.54, 0.05, 0.31, 1.00, 1.00, 0.47, 0.31, 0.59, 0.61, 1.00, 1.00]
Event Rate: [0.96, 0.34, 0.28, 0.37, 0.59, 0.66, 0.39, 0.45, 0.44, 0.54, 0.05, 0.31, 1.00, 1.00, 0.47, 0.31, 0.59, 0.61, 1.00, 1.00]
Event Rate: [0.96, 0.34, 0.28, 0.38, 0.59, 0.66, 0.39, 0.45, 0.44, 0.54, 0.05, 0.31, 1.00, 1.00, 0.47, 0.31, 0.59, 0.61, 1.00, 1.00]
Event Rate: [0.95, 0.34, 0.28, 0.37, 0.59, 0.66, 0.39, 0.45, 0.44, 0.54, 0.05, 0.31, 1.00, 1.00, 0.47, 0.31, 0.59, 0.61, 1.00, 1.00]
Event Rate: [0.96, 0.35, 0.28, 0.38, 0.60, 0.67, 0.40, 0.45, 0.44, 0.54, 0.05, 0.31, 1.00, 1.00, 0.48, 0.31, 0.60, 0.61, 1.00, 1.00]
Event Rate: [0.96, 0.34, 0.28, 0.37, 0.59, 0.67, 0.39, 0.45, 0.44, 0.54, 0.05, 0.31, 1.00, 1.00, 0.47, 0.31, 0.60, 0.61, 1.00, 1.00]
Event Rate: [0.96, 0.34, 0.28, 0.37, 0.59, 0.66, 0.39, 0.45, 0.43, 0.54, 0.05, 0.31, 1.00, 1.00, 0.47, 0.31, 0.59, 0.61, 1.00, 1.00]
Event Rate: [0.96, 0.33, 0.27, 0.37, 0.58, 0.66, 0.39, 0.45, 0.44, 0.54, 0.05, 0.31, 1.00, 1.00, 0.47, 0.31, 0.59, 0.60, 1.00, 1.00]
Event Rate: [0.96, 0.34, 0.28, 0.37, 0.59, 0.66, 0.39, 0.45, 0.43, 0.54, 0.05, 0.31, 1.00, 1.00, 0.47, 0.31, 0.59, 0.61, 1.00, 1.00]
Event Rate: [0.96, 0.35, 0.29, 0.38, 0.59, 0.66, 0.39, 0.45, 0.44, 0.54, 0.05, 0.31, 1.00, 1.00, 0.47, 0.31, 0.60, 0.61, 1.00, 1.00]
Event Rate: [0.96, 0.35, 0.28, 0.38, 0.60, 0.67, 0.40, 0.45, 0.44, 0.54, 0.05, 0.31, 1.00, 1.00, 0.47, 0.31, 0.60, 0.61, 1.00, 1.00]
Event Rate: [0.96, 0.34, 0.28, 0.38, 0.59, 0.66, 0.39, 0.45, 0.44, 0.54, 0.05, 0.31, 1.00, 1.00, 0.47, 0.31, 0.59, 0.61, 1.00, 1.00]
Event Rate: [0.96, 0.35, 0.28, 0.38, 0.59, 0.66, 0.39, 0.45, 0.44, 0.54, 0.05, 0.31, 1.00, 1.00, 0.47, 0.31, 0.59, 0.61, 1.00, 1.00]
Event Rate: [0.96, 0.34, 0.28, 0.37, 0.59, 0.67, 0.39, 0.45, 0.44, 0.54, 0.05, 0.31, 1.00, 1.00, 0.47, 0.31, 0.60, 0.61, 1.00, 1.00]
Event Rate: [0.95, 0.34, 0.28, 0.38, 0.59, 0.66, 0.40, 0.45, 0.43, 0.54, 0.05, 0.31, 1.00, 1.00, 0.47, 0.31, 0.60, 0.61, 1.00, 1.00]
Event Rate: [0.96, 0.34, 0.28, 0.37, 0.59, 0.66, 0.39, 0.45, 0.44, 0.54, 0.05, 0.31, 1.00, 1.00, 0.47, 0.31, 0.60, 0.61, 1.00, 1.00]
Event Rate: [0.96, 0.35, 0.28, 0.38, 0.59, 0.67, 0.40, 0.45, 0.44, 0.54, 0.05, 0.31, 1.00, 1.00, 0.47, 0.31, 0.60, 0.61, 1.00, 1.00]
Event Rate: [0.96, 0.34, 0.28, 0.38, 0.59, 0.66, 0.39, 0.45, 0.44, 0.54, 0.05, 0.31, 1.00, 1.00, 0.47, 0.31, 0.60, 0.61, 1.00, 1.00]
Event Rate: [0.96, 0.35, 0.28, 0.38, 0.59, 0.67, 0.40, 0.45, 0.44, 0.54, 0.05, 0.31, 1.00, 1.00, 0.47, 0.31, 0.60, 0.61, 1.00, 1.00]
Event Rate: [0.96, 0.34, 0.28, 0.37, 0.59, 0.66, 0.39, 0.45, 0.44, 0.54, 0.05, 0.31, 1.00, 1.00, 0.48, 0.31, 0.59, 0.61, 1.00, 1.00]
Event Rate: [0.96, 0.34, 0.27, 0.37, 0.59, 0.66, 0.39, 0.45, 0.44, 0.54, 0.05, 0.31, 1.00, 1.00, 0.47, 0.31, 0.59, 0.61, 1.00, 1.00]
Event Rate: [0.96, 0.34, 0.28, 0.38, 0.59, 0.66, 0.39, 0.45, 0.44, 0.54, 0.05, 0.31, 1.00, 1.00, 0.48, 0.32, 0.59, 0.61, 1.00, 1.00]
Event Rate: [0.95, 0.35, 0.29, 0.38, 0.60, 0.66, 0.40, 0.45, 0.44, 0.54, 0.05, 0.31, 1.00, 1.00, 0.47, 0.31, 0.60, 0.61, 1.00, 1.00]
Event Rate: [0.96, 0.34, 0.28, 0.37, 0.59, 0.66, 0.39, 0.45, 0.44, 0.54, 0.05, 0.31, 1.00, 1.00, 0.48, 0.32, 0.60, 0.61, 1.00, 1.00]
Event Rate: [0.96, 0.34, 0.28, 0.37, 0.59, 0.66, 0.39, 0.45, 0.43, 0.54, 0.05, 0.31, 1.00, 1.00, 0.47, 0.31, 0.59, 0.61, 1.00, 1.00]
Event Rate: [0.96, 0.33, 0.27, 0.37, 0.58, 0.66, 0.39, 0.45, 0.44, 0.54, 0.05, 0.31, 1.00, 1.00, 0.47, 0.31, 0.59, 0.60, 1.00, 1.00]
Event Rate: [0.96, 0.34, 0.28, 0.37, 0.59, 0.66, 0.39, 0.45, 0.44, 0.54, 0.05, 0.31, 1.00, 1.00, 0.47, 0.31, 0.59, 0.61, 1.00, 1.00]
Event Rate: [0.96, 0.34, 0.28, 0.38, 0.59, 0.67, 0.40, 0.45, 0.44, 0.54, 0.05, 0.31, 1.00, 1.00, 0.48, 0.32, 0.60, 0.61, 1.00, 1.00]
Event Rate: [0.96, 0.35, 0.28, 0.38, 0.59, 0.66, 0.40, 0.45, 0.43, 0.53, 0.05, 0.31, 1.00, 1.00, 0.47, 0.31, 0.60, 0.61, 1.00, 1.00]
Event Rate: [0.95, 0.35, 0.29, 0.38, 0.59, 0.66, 0.40, 0.45, 0.44, 0.54, 0.05, 0.31, 1.00, 1.00, 0.47, 0.31, 0.59, 0.61, 1.00, 1.00]
Event Rate: [0.96, 0.34, 0.28, 0.38, 0.59, 0.66, 0.39, 0.45, 0.44, 0.54, 0.05, 0.31, 1.00, 1.00, 0.47, 0.31, 0.59, 0.61, 1.00, 1.00]
Event Rate: [0.96, 0.34, 0.28, 0.37, 0.59, 0.66, 0.39, 0.45, 0.43, 0.54, 0.05, 0.31, 1.00, 1.00, 0.47, 0.31, 0.59, 0.61, 1.00, 1.00]
Event Rate: [0.96, 0.34, 0.28, 0.37, 0.58, 0.66, 0.39, 0.45, 0.44, 0.54, 0.05, 0.31, 1.00, 1.00, 0.47, 0.31, 0.59, 0.61, 1.00, 1.00]
Event Rate: [0.96, 0.34, 0.28, 0.38, 0.59, 0.66, 0.39, 0.45, 0.44, 0.54, 0.05, 0.31, 1.00, 1.00, 0.48, 0.31, 0.59, 0.61, 1.00, 1.00]
Event Rate: [0.96, 0.34, 0.28, 0.38, 0.59, 0.66, 0.39, 0.45, 0.43, 0.54, 0.05, 0.31, 1.00, 1.00, 0.47, 0.31, 0.59, 0.61, 1.00, 1.00]
Event Rate: [0.96, 0.34, 0.28, 0.37, 0.59, 0.66, 0.39, 0.45, 0.44, 0.54, 0.05, 0.31, 1.00, 1.00, 0.48, 0.31, 0.59, 0.61, 1.00, 1.00]
Event Rate: [0.96, 0.34, 0.28, 0.37, 0.59, 0.66, 0.39, 0.45, 0.43, 0.54, 0.05, 0.31, 1.00, 1.00, 0.47, 0.31, 0.59, 0.60, 1.00, 1.00]
Event Rate: [0.96, 0.33, 0.27, 0.36, 0.58, 0.66, 0.38, 0.44, 0.43, 0.54, 0.05, 0.31, 1.00, 1.00, 0.47, 0.31, 0.59, 0.60, 1.00, 1.00]
Event Rate: [0.95, 0.34, 0.28, 0.37, 0.59, 0.66, 0.39, 0.45, 0.43, 0.54, 0.05, 0.31, 1.00, 1.00, 0.47, 0.31, 0.59, 0.61, 1.00, 1.00]
Event Rate: [0.96, 0.34, 0.28, 0.38, 0.59, 0.66, 0.39, 0.45, 0.44, 0.54, 0.05, 0.31, 1.00, 1.00, 0.47, 0.31, 0.60, 0.61, 1.00, 1.00]
Event Rate: [0.96, 0.34, 0.28, 0.37, 0.59, 0.66, 0.39, 0.45, 0.43, 0.54, 0.05, 0.31, 1.00, 1.00, 0.47, 0.31, 0.59, 0.61, 1.00, 1.00]
Event Rate: [0.96, 0.33, 0.27, 0.36, 0.58, 0.66, 0.39, 0.45, 0.43, 0.54, 0.05, 0.31, 1.00, 1.00, 0.47, 0.31, 0.59, 0.60, 1.00, 1.00]
Event Rate: [0.96, 0.35, 0.28, 0.37, 0.59, 0.66, 0.39, 0.45, 0.44, 0.54, 0.05, 0.31, 1.00, 1.00, 0.47, 0.31, 0.59, 0.61, 1.00, 1.00]
Event Rate: [0.96, 0.34, 0.28, 0.38, 0.59, 0.67, 0.40, 0.45, 0.44, 0.54, 0.05, 0.31, 1.00, 1.00, 0.47, 0.31, 0.60, 0.61, 1.00, 1.00]
Event Rate: [0.96, 0.34, 0.28, 0.38, 0.59, 0.66, 0.40, 0.45, 0.44, 0.54, 0.05, 0.31, 1.00, 1.00, 0.47, 0.31, 0.60, 0.61, 1.00, 1.00]
Event Rate: [0.96, 0.33, 0.27, 0.37, 0.58, 0.66, 0.39, 0.45, 0.43, 0.54, 0.05, 0.31, 1.00, 1.00, 0.47, 0.31, 0.59, 0.60, 1.00, 1.00]
Event Rate: [0.96, 0.35, 0.29, 0.38, 0.59, 0.66, 0.40, 0.45, 0.44, 0.54, 0.05, 0.31, 1.00, 1.00, 0.47, 0.31, 0.60, 0.61, 1.00, 1.00]
Event Rate: [0.96, 0.35, 0.29, 0.38, 0.60, 0.67, 0.39, 0.45, 0.44, 0.54, 0.05, 0.31, 1.00, 1.00, 0.47, 0.31, 0.60, 0.61, 1.00, 1.00]
Event Rate: [0.96, 0.34, 0.28, 0.37, 0.59, 0.66, 0.39, 0.45, 0.44, 0.54, 0.05, 0.31, 1.00, 1.00, 0.47, 0.31, 0.59, 0.61, 1.00, 1.00]
Event Rate: [0.96, 0.33, 0.27, 0.37, 0.58, 0.65, 0.39, 0.45, 0.43, 0.54, 0.05, 0.31, 1.00, 1.00, 0.47, 0.31, 0.59, 0.60, 1.00, 1.00]
Event Rate: [0.96, 0.34, 0.28, 0.37, 0.58, 0.66, 0.39, 0.45, 0.44, 0.54, 0.05, 0.31, 1.00, 1.00, 0.47, 0.31, 0.59, 0.60, 1.00, 1.00]
Event Rate: [0.96, 0.34, 0.28, 0.38, 0.59, 0.67, 0.40, 0.45, 0.44, 0.54, 0.05, 0.31, 1.00, 1.00, 0.47, 0.31, 0.60, 0.61, 1.00, 1.00]
Event Rate: [0.96, 0.34, 0.28, 0.37, 0.59, 0.67, 0.39, 0.45, 0.44, 0.54, 0.05, 0.31, 1.00, 1.00, 0.47, 0.31, 0.60, 0.61, 1.00, 1.00]
Event Rate: [0.96, 0.33, 0.27, 0.37, 0.58, 0.66, 0.39, 0.45, 0.43, 0.54, 0.05, 0.31, 1.00, 1.00, 0.47, 0.31, 0.59, 0.60, 1.00, 1.00]
Event Rate: [0.96, 0.35, 0.29, 0.38, 0.59, 0.66, 0.39, 0.45, 0.44, 0.54, 0.05, 0.31, 1.00, 1.00, 0.47, 0.31, 0.60, 0.61, 1.00, 1.00]
Event Rate: [0.96, 0.34, 0.28, 0.37, 0.59, 0.66, 0.39, 0.45, 0.44, 0.54, 0.05, 0.31, 1.00, 1.00, 0.47, 0.32, 0.59, 0.61, 1.00, 1.00]
Event Rate: [0.96, 0.34, 0.27, 0.37, 0.59, 0.66, 0.39, 0.45, 0.44, 0.54, 0.05, 0.31, 1.00, 1.00, 0.47, 0.31, 0.59, 0.60, 1.00, 1.00]
Event Rate: [0.96, 0.35, 0.28, 0.38, 0.59, 0.66, 0.39, 0.45, 0.44, 0.54, 0.05, 0.31, 1.00, 1.00, 0.47, 0.31, 0.59, 0.61, 1.00, 1.00]
Event Rate: [0.96, 0.35, 0.28, 0.38, 0.60, 0.67, 0.40, 0.45, 0.44, 0.54, 0.05, 0.31, 1.00, 1.00, 0.48, 0.31, 0.60, 0.61, 1.00, 1.00]
Event Rate: [0.96, 0.34, 0.28, 0.37, 0.58, 0.66, 0.39, 0.45, 0.44, 0.54, 0.05, 0.31, 1.00, 1.00, 0.47, 0.31, 0.59, 0.61, 1.00, 1.00]
Event Rate: [0.96, 0.34, 0.28, 0.37, 0.59, 0.66, 0.39, 0.45, 0.44, 0.54, 0.05, 0.31, 1.00, 1.00, 0.47, 0.31, 0.59, 0.61, 1.00, 1.00]
Event Rate: [0.96, 0.34, 0.28, 0.37, 0.59, 0.66, 0.39, 0.45, 0.43, 0.54, 0.05, 0.31, 1.00, 1.00, 0.47, 0.31, 0.59, 0.61, 1.00, 1.00]
Event Rate: [0.96, 0.35, 0.29, 0.38, 0.60, 0.67, 0.40, 0.45, 0.44, 0.54, 0.05, 0.31, 1.00, 1.00, 0.47, 0.31, 0.60, 0.61, 1.00, 1.00]
Event Rate: [0.96, 0.34, 0.28, 0.37, 0.59, 0.66, 0.39, 0.45, 0.44, 0.54, 0.05, 0.31, 1.00, 1.00, 0.47, 0.31, 0.59, 0.61, 1.00, 1.00]
Event Rate: [0.96, 0.35, 0.29, 0.38, 0.59, 0.67, 0.40, 0.45, 0.44, 0.54, 0.05, 0.31, 1.00, 1.00, 0.48, 0.31, 0.60, 0.61, 1.00, 1.00]
Event Rate: [0.96, 0.35, 0.29, 0.39, 0.60, 0.67, 0.40, 0.46, 0.44, 0.54, 0.05, 0.32, 1.00, 1.00, 0.48, 0.32, 0.60, 0.61, 1.00, 1.00]
Event Rate: [0.95, 0.34, 0.28, 0.37, 0.59, 0.66, 0.39, 0.45, 0.43, 0.54, 0.05, 0.31, 1.00, 1.00, 0.47, 0.31, 0.59, 0.61, 1.00, 1.00]
Event Rate: [0.96, 0.34, 0.28, 0.37, 0.59, 0.66, 0.39, 0.45, 0.44, 0.54, 0.05, 0.31, 1.00, 1.00, 0.47, 0.31, 0.59, 0.61, 1.00, 1.00]
Event Rate: [0.96, 0.34, 0.28, 0.37, 0.59, 0.66, 0.39, 0.45, 0.44, 0.54, 0.05, 0.31, 1.00, 1.00, 0.47, 0.31, 0.59, 0.61, 1.00, 1.00]
Event Rate: [0.96, 0.34, 0.28, 0.38, 0.59, 0.66, 0.39, 0.45, 0.44, 0.54, 0.05, 0.31, 1.00, 1.00, 0.47, 0.31, 0.60, 0.61, 1.00, 1.00]
Event Rate: [0.96, 0.34, 0.28, 0.37, 0.59, 0.66, 0.39, 0.45, 0.44, 0.54, 0.05, 0.31, 1.00, 1.00, 0.47, 0.31, 0.59, 0.61, 1.00, 1.00]
Event Rate: [0.95, 0.34, 0.28, 0.37, 0.59, 0.66, 0.39, 0.45, 0.44, 0.54, 0.05, 0.31, 1.00, 1.00, 0.47, 0.31, 0.59, 0.61, 1.00, 1.00]
Event Rate: [0.96, 0.34, 0.28, 0.37, 0.59, 0.66, 0.39, 0.45, 0.44, 0.54, 0.05, 0.31, 1.00, 1.00, 0.47, 0.31, 0.59, 0.61, 1.00, 1.00]
Event Rate: [0.95, 0.33, 0.27, 0.37, 0.58, 0.66, 0.39, 0.44, 0.43, 0.53, 0.05, 0.31, 1.00, 1.00, 0.47, 0.31, 0.59, 0.60, 1.00, 1.00]
Event Rate: [0.96, 0.34, 0.28, 0.37, 0.59, 0.67, 0.39, 0.45, 0.44, 0.54, 0.05, 0.31, 1.00, 1.00, 0.47, 0.31, 0.60, 0.61, 1.00, 1.00]
Event Rate: [0.96, 0.34, 0.28, 0.37, 0.59, 0.67, 0.39, 0.45, 0.44, 0.54, 0.05, 0.31, 1.00, 1.00, 0.47, 0.31, 0.60, 0.61, 1.00, 1.00]
Event Rate: [0.96, 0.34, 0.28, 0.37, 0.59, 0.67, 0.39, 0.45, 0.44, 0.54, 0.05, 0.31, 1.00, 1.00, 0.47, 0.31, 0.60, 0.61, 1.00, 1.00]
Event Rate: [0.96, 0.34, 0.28, 0.37, 0.58, 0.66, 0.39, 0.45, 0.44, 0.54, 0.05, 0.31, 1.00, 1.00, 0.47, 0.31, 0.59, 0.61, 1.00, 1.00]
Event Rate: [0.96, 0.34, 0.27, 0.37, 0.59, 0.66, 0.39, 0.45, 0.43, 0.54, 0.05, 0.31, 1.00, 1.00, 0.47, 0.31, 0.59, 0.61, 1.00, 1.00]
Event Rate: [0.96, 0.34, 0.28, 0.37, 0.59, 0.67, 0.39, 0.45, 0.44, 0.54, 0.05, 0.31, 1.00, 1.00, 0.47, 0.31, 0.59, 0.61, 1.00, 1.00]
Event Rate: [0.96, 0.34, 0.28, 0.37, 0.59, 0.66, 0.39, 0.45, 0.44, 0.54, 0.05, 0.31, 1.00, 1.00, 0.47, 0.31, 0.59, 0.60, 1.00, 1.00]
Event Rate: [0.96, 0.34, 0.28, 0.38, 0.59, 0.66, 0.40, 0.45, 0.44, 0.54, 0.05, 0.31, 1.00, 1.00, 0.48, 0.31, 0.60, 0.61, 1.00, 1.00]
Event Rate: [0.96, 0.33, 0.28, 0.37, 0.58, 0.65, 0.39, 0.44, 0.43, 0.53, 0.05, 0.31, 1.00, 1.00, 0.47, 0.31, 0.59, 0.60, 1.00, 1.00]
Event Rate: [0.96, 0.35, 0.28, 0.38, 0.59, 0.67, 0.39, 0.45, 0.44, 0.54, 0.05, 0.31, 1.00, 1.00, 0.47, 0.32, 0.60, 0.61, 1.00, 1.00]
Event Rate: [0.96, 0.33, 0.28, 0.37, 0.58, 0.66, 0.39, 0.45, 0.43, 0.54, 0.05, 0.31, 1.00, 1.00, 0.47, 0.31, 0.59, 0.60, 1.00, 1.00]
Event Rate: [0.96, 0.34, 0.28, 0.37, 0.59, 0.66, 0.39, 0.45, 0.44, 0.54, 0.05, 0.31, 1.00, 1.00, 0.47, 0.31, 0.59, 0.61, 1.00, 1.00]
Event Rate: [0.96, 0.34, 0.28, 0.37, 0.59, 0.66, 0.39, 0.45, 0.44, 0.54, 0.05, 0.31, 1.00, 1.00, 0.47, 0.31, 0.59, 0.61, 1.00, 1.00]
Event Rate: [0.96, 0.35, 0.28, 0.38, 0.59, 0.67, 0.39, 0.45, 0.44, 0.54, 0.05, 0.31, 1.00, 1.00, 0.47, 0.31, 0.60, 0.61, 1.00, 1.00]
Event Rate: [0.96, 0.34, 0.28, 0.37, 0.59, 0.66, 0.39, 0.45, 0.43, 0.53, 0.05, 0.31, 1.00, 1.00, 0.47, 0.31, 0.59, 0.61, 1.00, 1.00]
Event Rate: [0.96, 0.35, 0.28, 0.38, 0.59, 0.67, 0.39, 0.45, 0.44, 0.54, 0.05, 0.31, 1.00, 1.00, 0.47, 0.31, 0.60, 0.61, 1.00, 1.00]
Event Rate: [0.96, 0.34, 0.28, 0.37, 0.59, 0.66, 0.39, 0.45, 0.44, 0.54, 0.05, 0.31, 1.00, 1.00, 0.47, 0.31, 0.59, 0.61, 1.00, 1.00]
Event Rate: [0.96, 0.33, 0.27, 0.37, 0.58, 0.65, 0.39, 0.45, 0.43, 0.54, 0.05, 0.31, 1.00, 1.00, 0.47, 0.31, 0.59, 0.60, 1.00, 1.00]
Event Rate: [0.96, 0.34, 0.28, 0.37, 0.59, 0.66, 0.39, 0.45, 0.44, 0.54, 0.05, 0.31, 1.00, 1.00, 0.47, 0.31, 0.59, 0.61, 1.00, 1.00]
Event Rate: [0.96, 0.34, 0.28, 0.37, 0.59, 0.66, 0.39, 0.45, 0.44, 0.54, 0.05, 0.31, 1.00, 1.00, 0.47, 0.31, 0.59, 0.61, 1.00, 1.00]
Event Rate: [0.96, 0.35, 0.28, 0.37, 0.59, 0.66, 0.39, 0.45, 0.44, 0.54, 0.05, 0.31, 1.00, 1.00, 0.47, 0.31, 0.59, 0.61, 1.00, 1.00]
Event Rate: [0.96, 0.34, 0.28, 0.38, 0.59, 0.66, 0.39, 0.45, 0.44, 0.54, 0.05, 0.31, 1.00, 1.00, 0.47, 0.31, 0.59, 0.61, 1.00, 1.00]
Event Rate: [0.96, 0.34, 0.28, 0.37, 0.59, 0.66, 0.39, 0.45, 0.44, 0.54, 0.05, 0.31, 1.00, 1.00, 0.47, 0.31, 0.59, 0.61, 1.00, 1.00]
Event Rate: [0.96, 0.35, 0.29, 0.38, 0.60, 0.67, 0.40, 0.45, 0.44, 0.54, 0.05, 0.31, 1.00, 1.00, 0.48, 0.32, 0.60, 0.62, 1.00, 1.00]
Event Rate: [0.96, 0.34, 0.28, 0.37, 0.59, 0.66, 0.39, 0.45, 0.43, 0.54, 0.05, 0.31, 1.00, 1.00, 0.47, 0.31, 0.59, 0.61, 1.00, 1.00]
Event Rate: [0.95, 0.34, 0.28, 0.37, 0.59, 0.66, 0.39, 0.45, 0.44, 0.54, 0.05, 0.31, 1.00, 1.00, 0.47, 0.31, 0.59, 0.61, 1.00, 1.00]
Event Rate: [0.96, 0.34, 0.28, 0.37, 0.59, 0.66, 0.39, 0.45, 0.44, 0.54, 0.05, 0.31, 1.00, 1.00, 0.47, 0.31, 0.59, 0.61, 1.00, 1.00]
Event Rate: [0.96, 0.34, 0.28, 0.37, 0.59, 0.66, 0.39, 0.45, 0.44, 0.54, 0.05, 0.31, 1.00, 1.00, 0.47, 0.31, 0.59, 0.61, 1.00, 1.00]
Event Rate: [0.96, 0.34, 0.28, 0.38, 0.59, 0.66, 0.39, 0.45, 0.44, 0.54, 0.05, 0.31, 1.00, 1.00, 0.47, 0.31, 0.59, 0.61, 1.00, 1.00]
Event Rate: [0.95, 0.34, 0.28, 0.37, 0.59, 0.66, 0.39, 0.45, 0.44, 0.54, 0.05, 0.31, 1.00, 1.00, 0.47, 0.31, 0.59, 0.61, 1.00, 1.00]
Event Rate: [0.96, 0.34, 0.27, 0.36, 0.58, 0.66, 0.39, 0.45, 0.43, 0.54, 0.05, 0.31, 1.00, 1.00, 0.47, 0.31, 0.59, 0.60, 1.00, 1.00]
Event Rate: [0.96, 0.35, 0.29, 0.38, 0.60, 0.67, 0.40, 0.45, 0.44, 0.54, 0.05, 0.32, 1.00, 1.00, 0.48, 0.32, 0.60, 0.61, 1.00, 1.00]
Event Rate: [0.96, 0.33, 0.27, 0.37, 0.58, 0.66, 0.39, 0.45, 0.44, 0.54, 0.05, 0.31, 1.00, 1.00, 0.47, 0.31, 0.59, 0.61, 1.00, 1.00]
Event Rate: [0.95, 0.33, 0.27, 0.37, 0.58, 0.66, 0.39, 0.45, 0.43, 0.54, 0.05, 0.31, 1.00, 1.00, 0.47, 0.31, 0.59, 0.60, 1.00, 1.00]
Event Rate: [0.96, 0.34, 0.28, 0.38, 0.60, 0.67, 0.39, 0.45, 0.44, 0.54, 0.05, 0.31, 1.00, 1.00, 0.47, 0.31, 0.60, 0.61, 1.00, 1.00]
Event Rate: [0.96, 0.35, 0.28, 0.38, 0.59, 0.66, 0.40, 0.45, 0.44, 0.54, 0.05, 0.31, 1.00, 1.00, 0.48, 0.32, 0.60, 0.61, 1.00, 1.00]
Event Rate: [0.95, 0.34, 0.28, 0.37, 0.59, 0.66, 0.39, 0.45, 0.43, 0.53, 0.05, 0.31, 1.00, 1.00, 0.47, 0.31, 0.59, 0.61, 1.00, 1.00]
Event Rate: [0.96, 0.35, 0.28, 0.38, 0.60, 0.67, 0.40, 0.45, 0.44, 0.54, 0.05, 0.31, 1.00, 1.00, 0.48, 0.32, 0.60, 0.61, 1.00, 1.00]
Event Rate: [0.96, 0.35, 0.29, 0.38, 0.59, 0.67, 0.40, 0.45, 0.44, 0.54, 0.05, 0.31, 1.00, 1.00, 0.48, 0.32, 0.60, 0.61, 1.00, 1.00]
Event Rate: [0.96, 0.34, 0.28, 0.37, 0.59, 0.66, 0.39, 0.45, 0.43, 0.54, 0.05, 0.31, 1.00, 1.00, 0.47, 0.31, 0.59, 0.60, 1.00, 1.00]
Event Rate: [0.96, 0.34, 0.28, 0.37, 0.59, 0.66, 0.39, 0.45, 0.44, 0.54, 0.05, 0.31, 1.00, 1.00, 0.47, 0.31, 0.59, 0.60, 1.00, 1.00]
Event Rate: [0.95, 0.35, 0.29, 0.38, 0.59, 0.66, 0.40, 0.45, 0.44, 0.54, 0.05, 0.31, 1.00, 1.00, 0.47, 0.31, 0.60, 0.61, 1.00, 1.00]
Event Rate: [0.95, 0.34, 0.28, 0.37, 0.59, 0.66, 0.39, 0.45, 0.44, 0.54, 0.05, 0.31, 1.00, 1.00, 0.47, 0.31, 0.59, 0.61, 1.00, 1.00]
Event Rate: [0.96, 0.34, 0.28, 0.37, 0.59, 0.66, 0.39, 0.45, 0.43, 0.53, 0.05, 0.31, 1.00, 1.00, 0.47, 0.31, 0.59, 0.61, 1.00, 1.00]
Event Rate: [0.95, 0.34, 0.27, 0.37, 0.58, 0.66, 0.39, 0.45, 0.43, 0.54, 0.05, 0.31, 1.00, 1.00, 0.47, 0.31, 0.59, 0.60, 1.00, 1.00]
Event Rate: [0.96, 0.34, 0.28, 0.38, 0.59, 0.66, 0.40, 0.45, 0.44, 0.54, 0.05, 0.32, 1.00, 1.00, 0.48, 0.32, 0.60, 0.61, 1.00, 1.00]
Event Rate: [0.96, 0.34, 0.28, 0.37, 0.59, 0.66, 0.39, 0.45, 0.44, 0.54, 0.05, 0.31, 1.00, 1.00, 0.47, 0.31, 0.59, 0.60, 1.00, 1.00]
Event Rate: [0.96, 0.34, 0.28, 0.37, 0.59, 0.67, 0.39, 0.45, 0.44, 0.54, 0.05, 0.31, 1.00, 1.00, 0.47, 0.31, 0.60, 0.61, 1.00, 1.00]
Event Rate: [0.96, 0.34, 0.28, 0.38, 0.59, 0.66, 0.39, 0.45, 0.44, 0.54, 0.05, 0.31, 1.00, 1.00, 0.47, 0.31, 0.59, 0.61, 1.00, 1.00]
Event Rate: [0.95, 0.35, 0.28, 0.38, 0.59, 0.66, 0.39, 0.45, 0.44, 0.54, 0.05, 0.31, 1.00, 1.00, 0.47, 0.31, 0.59, 0.61, 1.00, 1.00]
Event Rate: [0.96, 0.34, 0.28, 0.37, 0.58, 0.66, 0.39, 0.45, 0.43, 0.54, 0.05, 0.31, 1.00, 1.00, 0.47, 0.31, 0.59, 0.60, 1.00, 1.00]
Event Rate: [0.96, 0.33, 0.28, 0.37, 0.58, 0.66, 0.39, 0.45, 0.44, 0.54, 0.05, 0.31, 1.00, 1.00, 0.47, 0.31, 0.59, 0.60, 1.00, 1.00]
Event Rate: [0.96, 0.34, 0.28, 0.38, 0.59, 0.66, 0.40, 0.45, 0.44, 0.54, 0.05, 0.31, 1.00, 1.00, 0.47, 0.31, 0.60, 0.61, 1.00, 1.00]
Event Rate: [0.95, 0.34, 0.28, 0.38, 0.59, 0.66, 0.39, 0.45, 0.44, 0.54, 0.05, 0.31, 1.00, 1.00, 0.47, 0.31, 0.60, 0.61, 1.00, 1.00]
Event Rate: [0.96, 0.34, 0.28, 0.37, 0.59, 0.66, 0.39, 0.45, 0.44, 0.54, 0.05, 0.31, 1.00, 1.00, 0.47, 0.31, 0.59, 0.61, 1.00, 1.00]
Event Rate: [0.96, 0.35, 0.29, 0.38, 0.59, 0.66, 0.40, 0.45, 0.44, 0.54, 0.05, 0.31, 1.00, 1.00, 0.47, 0.31, 0.60, 0.61, 1.00, 1.00]
Event Rate: [0.96, 0.34, 0.27, 0.37, 0.58, 0.66, 0.39, 0.45, 0.44, 0.54, 0.05, 0.31, 1.00, 1.00, 0.47, 0.31, 0.59, 0.61, 1.00, 1.00]
Event Rate: [0.95, 0.34, 0.28, 0.37, 0.59, 0.66, 0.39, 0.45, 0.44, 0.54, 0.05, 0.31, 1.00, 1.00, 0.47, 0.31, 0.59, 0.61, 1.00, 1.00]
Event Rate: [0.96, 0.34, 0.28, 0.38, 0.59, 0.66, 0.39, 0.45, 0.44, 0.54, 0.05, 0.31, 1.00, 1.00, 0.47, 0.31, 0.59, 0.61, 1.00, 1.00]
Event Rate: [0.96, 0.34, 0.28, 0.37, 0.59, 0.66, 0.39, 0.45, 0.44, 0.54, 0.05, 0.31, 1.00, 1.00, 0.47, 0.31, 0.59, 0.61, 1.00, 1.00]
Event Rate: [0.96, 0.34, 0.28, 0.37, 0.59, 0.66, 0.39, 0.45, 0.44, 0.54, 0.05, 0.31, 1.00, 1.00, 0.47, 0.31, 0.59, 0.61, 1.00, 1.00]
Event Rate: [0.96, 0.34, 0.28, 0.37, 0.59, 0.66, 0.39, 0.45, 0.44, 0.54, 0.05, 0.31, 1.00, 1.00, 0.47, 0.31, 0.59, 0.61, 1.00, 1.00]
Event Rate: [0.96, 0.35, 0.28, 0.37, 0.59, 0.66, 0.39, 0.45, 0.43, 0.54, 0.05, 0.31, 1.00, 1.00, 0.47, 0.31, 0.59, 0.61, 1.00, 1.00]
Event Rate: [0.96, 0.34, 0.28, 0.37, 0.58, 0.66, 0.39, 0.45, 0.43, 0.54, 0.05, 0.31, 1.00, 1.00, 0.47, 0.31, 0.59, 0.60, 1.00, 1.00]
Event Rate: [0.96, 0.33, 0.27, 0.37, 0.58, 0.66, 0.39, 0.45, 0.43, 0.54, 0.05, 0.31, 1.00, 1.00, 0.47, 0.31, 0.59, 0.60, 1.00, 1.00]
Event Rate: [0.96, 0.34, 0.27, 0.37, 0.58, 0.66, 0.39, 0.45, 0.43, 0.54, 0.05, 0.31, 1.00, 1.00, 0.46, 0.31, 0.59, 0.60, 1.00, 1.00]
Event Rate: [0.96, 0.35, 0.29, 0.38, 0.60, 0.67, 0.40, 0.45, 0.44, 0.54, 0.05, 0.31, 1.00, 1.00, 0.47, 0.31, 0.60, 0.61, 1.00, 1.00]
Event Rate: [0.96, 0.35, 0.29, 0.38, 0.60, 0.67, 0.40, 0.45, 0.44, 0.54, 0.05, 0.31, 1.00, 1.00, 0.48, 0.32, 0.60, 0.61, 1.00, 1.00]
Event Rate: [0.95, 0.34, 0.28, 0.37, 0.59, 0.66, 0.39, 0.45, 0.44, 0.54, 0.05, 0.31, 1.00, 1.00, 0.47, 0.31, 0.59, 0.61, 1.00, 1.00]
Event Rate: [0.95, 0.34, 0.28, 0.37, 0.59, 0.66, 0.39, 0.45, 0.44, 0.54, 0.05, 0.31, 1.00, 1.00, 0.47, 0.31, 0.59, 0.61, 1.00, 1.00]
Event Rate: [0.96, 0.34, 0.28, 0.38, 0.59, 0.66, 0.40, 0.45, 0.44, 0.54, 0.05, 0.31, 1.00, 1.00, 0.47, 0.31, 0.60, 0.61, 1.00, 1.00]
Event Rate: [0.96, 0.34, 0.28, 0.38, 0.59, 0.66, 0.39, 0.45, 0.44, 0.54, 0.05, 0.31, 1.00, 1.00, 0.47, 0.31, 0.59, 0.61, 1.00, 1.00]
Event Rate: [0.96, 0.34, 0.28, 0.37, 0.59, 0.66, 0.39, 0.45, 0.43, 0.54, 0.05, 0.31, 1.00, 1.00, 0.47, 0.31, 0.59, 0.60, 1.00, 1.00]
Event Rate: [0.96, 0.33, 0.28, 0.37, 0.58, 0.66, 0.39, 0.45, 0.44, 0.54, 0.05, 0.31, 1.00, 1.00, 0.47, 0.31, 0.59, 0.61, 1.00, 1.00]
Event Rate: [0.96, 0.33, 0.28, 0.37, 0.59, 0.66, 0.39, 0.45, 0.43, 0.54, 0.05, 0.31, 1.00, 1.00, 0.47, 0.31, 0.59, 0.61, 1.00, 1.00]
Event Rate: [0.96, 0.33, 0.27, 0.37, 0.58, 0.66, 0.39, 0.45, 0.43, 0.54, 0.05, 0.31, 1.00, 1.00, 0.47, 0.31, 0.59, 0.60, 1.00, 1.00]
Event Rate: [0.96, 0.34, 0.28, 0.38, 0.59, 0.66, 0.39, 0.45, 0.44, 0.54, 0.05, 0.31, 1.00, 1.00, 0.47, 0.31, 0.59, 0.61, 1.00, 1.00]
Event Rate: [0.96, 0.34, 0.28, 0.37, 0.59, 0.66, 0.39, 0.45, 0.44, 0.54, 0.05, 0.31, 1.00, 1.00, 0.47, 0.31, 0.59, 0.61, 1.00, 1.00]
Event Rate: [0.96, 0.34, 0.28, 0.38, 0.59, 0.66, 0.39, 0.45, 0.44, 0.54, 0.05, 0.31, 1.00, 1.00, 0.47, 0.31, 0.59, 0.61, 1.00, 1.00]
Event Rate: [0.96, 0.34, 0.28, 0.38, 0.59, 0.66, 0.39, 0.45, 0.44, 0.54, 0.05, 0.31, 1.00, 1.00, 0.47, 0.31, 0.60, 0.61, 1.00, 1.00]
Event Rate: [0.96, 0.34, 0.28, 0.37, 0.58, 0.66, 0.39, 0.45, 0.43, 0.53, 0.05, 0.31, 1.00, 1.00, 0.47, 0.31, 0.59, 0.61, 1.00, 1.00]
Event Rate: [0.96, 0.33, 0.28, 0.37, 0.58, 0.65, 0.39, 0.45, 0.43, 0.54, 0.05, 0.31, 1.00, 1.00, 0.47, 0.31, 0.59, 0.60, 1.00, 1.00]
Event Rate: [0.96, 0.34, 0.28, 0.37, 0.58, 0.66, 0.39, 0.45, 0.44, 0.54, 0.05, 0.31, 1.00, 1.00, 0.48, 0.32, 0.59, 0.61, 1.00, 1.00]
Event Rate: [0.96, 0.34, 0.28, 0.37, 0.59, 0.66, 0.39, 0.45, 0.44, 0.54, 0.05, 0.31, 1.00, 1.00, 0.47, 0.31, 0.59, 0.61, 1.00, 1.00]
Event Rate: [0.96, 0.35, 0.28, 0.38, 0.60, 0.67, 0.40, 0.45, 0.44, 0.54, 0.05, 0.31, 1.00, 1.00, 0.48, 0.32, 0.60, 0.62, 1.00, 1.00]
Event Rate: [0.96, 0.34, 0.28, 0.38, 0.59, 0.66, 0.39, 0.45, 0.43, 0.54, 0.05, 0.31, 1.00, 1.00, 0.47, 0.31, 0.60, 0.61, 1.00, 1.00]
Event Rate: [0.96, 0.33, 0.27, 0.37, 0.58, 0.65, 0.39, 0.45, 0.43, 0.54, 0.05, 0.31, 1.00, 1.00, 0.47, 0.31, 0.59, 0.60, 1.00, 1.00]
Event Rate: [0.96, 0.35, 0.28, 0.38, 0.59, 0.66, 0.39, 0.45, 0.44, 0.54, 0.05, 0.31, 1.00, 1.00, 0.47, 0.31, 0.59, 0.61, 1.00, 1.00]
Event Rate: [0.96, 0.33, 0.28, 0.37, 0.58, 0.66, 0.39, 0.45, 0.44, 0.54, 0.05, 0.31, 1.00, 1.00, 0.47, 0.31, 0.59, 0.61, 1.00, 1.00]
Event Rate: [0.96, 0.33, 0.28, 0.37, 0.58, 0.66, 0.39, 0.45, 0.44, 0.54, 0.05, 0.31, 1.00, 1.00, 0.47, 0.31, 0.59, 0.60, 1.00, 1.00]
Event Rate: [0.96, 0.34, 0.28, 0.38, 0.59, 0.66, 0.39, 0.45, 0.44, 0.54, 0.05, 0.31, 1.00, 1.00, 0.47, 0.31, 0.59, 0.61, 1.00, 1.00]
Event Rate: [0.96, 0.34, 0.27, 0.37, 0.58, 0.66, 0.39, 0.44, 0.43, 0.53, 0.05, 0.31, 1.00, 1.00, 0.47, 0.31, 0.59, 0.60, 1.00, 1.00]
Event Rate: [0.96, 0.33, 0.27, 0.36, 0.58, 0.66, 0.39, 0.45, 0.43, 0.54, 0.05, 0.31, 1.00, 1.00, 0.47, 0.31, 0.59, 0.60, 1.00, 1.00]
Event Rate: [0.95, 0.34, 0.28, 0.37, 0.59, 0.66, 0.39, 0.45, 0.43, 0.53, 0.05, 0.31, 1.00, 1.00, 0.47, 0.31, 0.59, 0.60, 1.00, 1.00]
Event Rate: [0.96, 0.34, 0.28, 0.37, 0.59, 0.66, 0.39, 0.45, 0.44, 0.54, 0.05, 0.31, 1.00, 1.00, 0.47, 0.31, 0.59, 0.61, 1.00, 1.00]
Event Rate: [0.96, 0.35, 0.29, 0.38, 0.60, 0.67, 0.40, 0.45, 0.44, 0.54, 0.05, 0.31, 1.00, 1.00, 0.47, 0.31, 0.60, 0.61, 1.00, 1.00]
Event Rate: [0.96, 0.34, 0.28, 0.38, 0.59, 0.67, 0.40, 0.45, 0.44, 0.54, 0.05, 0.31, 1.00, 1.00, 0.47, 0.31, 0.60, 0.61, 1.00, 1.00]
Event Rate: [0.95, 0.34, 0.28, 0.38, 0.59, 0.66, 0.40, 0.45, 0.44, 0.54, 0.05, 0.31, 1.00, 1.00, 0.47, 0.31, 0.59, 0.61, 1.00, 1.00]
Event Rate: [0.95, 0.34, 0.28, 0.37, 0.58, 0.66, 0.39, 0.45, 0.43, 0.54, 0.05, 0.31, 1.00, 1.00, 0.47, 0.31, 0.59, 0.60, 1.00, 1.00]
Event Rate: [0.96, 0.33, 0.27, 0.37, 0.58, 0.65, 0.39, 0.45, 0.43, 0.53, 0.05, 0.31, 1.00, 1.00, 0.47, 0.31, 0.59, 0.60, 1.00, 1.00]
Event Rate: [0.95, 0.34, 0.28, 0.37, 0.59, 0.66, 0.39, 0.45, 0.43, 0.54, 0.05, 0.31, 1.00, 1.00, 0.47, 0.31, 0.59, 0.61, 1.00, 1.00]
Event Rate: [0.96, 0.35, 0.28, 0.38, 0.60, 0.67, 0.40, 0.45, 0.44, 0.54, 0.05, 0.31, 1.00, 1.00, 0.47, 0.31, 0.60, 0.61, 1.00, 1.00]
Event Rate: [0.96, 0.34, 0.28, 0.37, 0.59, 0.66, 0.39, 0.45, 0.44, 0.54, 0.05, 0.31, 1.00, 1.00, 0.47, 0.31, 0.59, 0.61, 1.00, 1.00]
Event Rate: [0.96, 0.34, 0.28, 0.38, 0.59, 0.67, 0.40, 0.45, 0.44, 0.54, 0.05, 0.31, 1.00, 1.00, 0.48, 0.32, 0.60, 0.61, 1.00, 1.00]
Event Rate: [0.96, 0.35, 0.28, 0.38, 0.59, 0.66, 0.39, 0.45, 0.44, 0.54, 0.05, 0.31, 1.00, 1.00, 0.47, 0.31, 0.60, 0.61, 1.00, 1.00]
Event Rate: [0.96, 0.35, 0.29, 0.38, 0.60, 0.67, 0.40, 0.45, 0.44, 0.54, 0.05, 0.31, 1.00, 1.00, 0.48, 0.32, 0.60, 0.62, 1.00, 1.00]
Event Rate: [0.96, 0.34, 0.28, 0.37, 0.59, 0.66, 0.39, 0.45, 0.44, 0.54, 0.05, 0.31, 1.00, 1.00, 0.47, 0.31, 0.59, 0.61, 1.00, 1.00]
Event Rate: [0.96, 0.34, 0.28, 0.37, 0.59, 0.67, 0.39, 0.45, 0.44, 0.54, 0.05, 0.31, 1.00, 1.00, 0.47, 0.31, 0.60, 0.61, 1.00, 1.00]
Event Rate: [0.96, 0.34, 0.28, 0.37, 0.59, 0.66, 0.39, 0.45, 0.44, 0.54, 0.05, 0.31, 1.00, 1.00, 0.47, 0.32, 0.59, 0.61, 1.00, 1.00]
Event Rate: [0.96, 0.33, 0.28, 0.37, 0.58, 0.66, 0.39, 0.45, 0.43, 0.54, 0.05, 0.31, 1.00, 1.00, 0.47, 0.31, 0.59, 0.60, 1.00, 1.00]
Event Rate: [0.96, 0.35, 0.28, 0.38, 0.59, 0.66, 0.39, 0.45, 0.44, 0.54, 0.05, 0.31, 1.00, 1.00, 0.47, 0.31, 0.59, 0.61, 1.00, 1.00]
Event Rate: [0.96, 0.34, 0.28, 0.38, 0.59, 0.66, 0.40, 0.45, 0.44, 0.54, 0.05, 0.31, 1.00, 1.00, 0.48, 0.31, 0.60, 0.61, 1.00, 1.00]
Event Rate: [0.96, 0.34, 0.28, 0.37, 0.59, 0.66, 0.39, 0.45, 0.44, 0.54, 0.05, 0.31, 1.00, 1.00, 0.47, 0.31, 0.59, 0.61, 1.00, 1.00]
Event Rate: [0.96, 0.34, 0.28, 0.38, 0.59, 0.66, 0.39, 0.45, 0.44, 0.54, 0.05, 0.31, 1.00, 1.00, 0.47, 0.31, 0.59, 0.61, 1.00, 1.00]
Event Rate: [0.95, 0.34, 0.28, 0.37, 0.59, 0.66, 0.39, 0.45, 0.43, 0.53, 0.05, 0.31, 1.00, 1.00, 0.47, 0.31, 0.59, 0.61, 1.00, 1.00]
Event Rate: [0.96, 0.33, 0.27, 0.37, 0.58, 0.66, 0.39, 0.44, 0.43, 0.54, 0.05, 0.31, 1.00, 1.00, 0.47, 0.31, 0.59, 0.60, 1.00, 1.00]
Event Rate: [0.96, 0.34, 0.28, 0.38, 0.59, 0.67, 0.40, 0.45, 0.44, 0.54, 0.05, 0.31, 1.00, 1.00, 0.48, 0.32, 0.60, 0.61, 1.00, 1.00]
Event Rate: [0.96, 0.34, 0.28, 0.37, 0.58, 0.66, 0.39, 0.45, 0.44, 0.54, 0.05, 0.31, 1.00, 1.00, 0.47, 0.31, 0.59, 0.60, 1.00, 1.00]
Event Rate: [0.96, 0.33, 0.28, 0.37, 0.58, 0.66, 0.39, 0.45, 0.44, 0.54, 0.05, 0.31, 1.00, 1.00, 0.47, 0.31, 0.59, 0.60, 1.00, 1.00]
Event Rate: [0.96, 0.34, 0.28, 0.37, 0.58, 0.66, 0.39, 0.45, 0.44, 0.54, 0.05, 0.31, 1.00, 1.00, 0.47, 0.31, 0.59, 0.60, 1.00, 1.00]
Event Rate: [0.96, 0.35, 0.29, 0.38, 0.60, 0.67, 0.40, 0.45, 0.44, 0.54, 0.05, 0.31, 1.00, 1.00, 0.47, 0.31, 0.60, 0.61, 1.00, 1.00]
Event Rate: [0.95, 0.34, 0.28, 0.37, 0.59, 0.66, 0.39, 0.45, 0.44, 0.54, 0.05, 0.31, 1.00, 1.00, 0.47, 0.31, 0.59, 0.61, 1.00, 1.00]
Event Rate: [0.96, 0.33, 0.27, 0.37, 0.58, 0.66, 0.39, 0.45, 0.43, 0.54, 0.05, 0.31, 1.00, 1.00, 0.47, 0.31, 0.59, 0.61, 1.00, 1.00]
Event Rate: [0.96, 0.35, 0.28, 0.38, 0.60, 0.67, 0.40, 0.45, 0.44, 0.54, 0.05, 0.32, 1.00, 1.00, 0.48, 0.32, 0.60, 0.62, 1.00, 1.00]
Event Rate: [0.96, 0.34, 0.28, 0.37, 0.59, 0.66, 0.39, 0.45, 0.44, 0.54, 0.05, 0.31, 1.00, 1.00, 0.47, 0.31, 0.59, 0.61, 1.00, 1.00]
Event Rate: [0.96, 0.34, 0.28, 0.37, 0.59, 0.66, 0.39, 0.45, 0.43, 0.53, 0.05, 0.31, 1.00, 1.00, 0.47, 0.31, 0.59, 0.61, 1.00, 1.00]
Event Rate: [0.96, 0.34, 0.28, 0.37, 0.58, 0.66, 0.39, 0.45, 0.43, 0.53, 0.05, 0.31, 1.00, 1.00, 0.47, 0.31, 0.59, 0.61, 1.00, 1.00]
Event Rate: [0.96, 0.34, 0.28, 0.37, 0.59, 0.66, 0.39, 0.45, 0.44, 0.54, 0.05, 0.31, 1.00, 1.00, 0.47, 0.31, 0.59, 0.61, 1.00, 1.00]
Event Rate: [0.96, 0.35, 0.28, 0.38, 0.59, 0.67, 0.39, 0.45, 0.44, 0.54, 0.05, 0.31, 1.00, 1.00, 0.47, 0.31, 0.60, 0.61, 1.00, 1.00]
Event Rate: [0.96, 0.34, 0.27, 0.37, 0.58, 0.66, 0.39, 0.45, 0.44, 0.54, 0.05, 0.31, 1.00, 1.00, 0.47, 0.31, 0.59, 0.61, 1.00, 1.00]
Event Rate: [0.96, 0.35, 0.28, 0.38, 0.59, 0.67, 0.39, 0.45, 0.44, 0.54, 0.05, 0.31, 1.00, 1.00, 0.47, 0.31, 0.60, 0.61, 1.00, 1.00]
Event Rate: [0.96, 0.33, 0.28, 0.37, 0.58, 0.66, 0.39, 0.45, 0.44, 0.54, 0.05, 0.31, 1.00, 1.00, 0.47, 0.31, 0.59, 0.60, 1.00, 1.00]
Event Rate: [0.96, 0.35, 0.28, 0.38, 0.59, 0.66, 0.39, 0.45, 0.44, 0.54, 0.05, 0.31, 1.00, 1.00, 0.47, 0.31, 0.59, 0.61, 1.00, 1.00]
Event Rate: [0.96, 0.34, 0.28, 0.37, 0.59, 0.66, 0.39, 0.45, 0.43, 0.54, 0.05, 0.31, 1.00, 1.00, 0.47, 0.31, 0.59, 0.61, 1.00, 1.00]
Event Rate: [0.96, 0.33, 0.27, 0.37, 0.58, 0.66, 0.39, 0.45, 0.43, 0.54, 0.05, 0.31, 1.00, 1.00, 0.47, 0.31, 0.59, 0.60, 1.00, 1.00]
Event Rate: [0.96, 0.34, 0.28, 0.38, 0.59, 0.66, 0.39, 0.45, 0.44, 0.54, 0.05, 0.31, 1.00, 1.00, 0.47, 0.31, 0.59, 0.61, 1.00, 1.00]
Event Rate: [0.96, 0.35, 0.28, 0.38, 0.59, 0.67, 0.39, 0.45, 0.44, 0.54, 0.05, 0.31, 1.00, 1.00, 0.47, 0.31, 0.60, 0.61, 1.00, 1.00]
Event Rate: [0.96, 0.34, 0.28, 0.38, 0.59, 0.67, 0.39, 0.45, 0.44, 0.54, 0.05, 0.31, 1.00, 1.00, 0.47, 0.31, 0.60, 0.61, 1.00, 1.00]
Event Rate: [0.95, 0.34, 0.28, 0.37, 0.59, 0.67, 0.40, 0.45, 0.44, 0.54, 0.05, 0.31, 1.00, 1.00, 0.47, 0.31, 0.60, 0.61, 1.00, 1.00]
Event Rate: [0.96, 0.34, 0.28, 0.37, 0.59, 0.66, 0.39, 0.45, 0.43, 0.53, 0.05, 0.31, 1.00, 1.00, 0.47, 0.31, 0.59, 0.60, 1.00, 1.00]
Event Rate: [0.96, 0.34, 0.28, 0.37, 0.59, 0.66, 0.39, 0.45, 0.44, 0.54, 0.05, 0.31, 1.00, 1.00, 0.47, 0.31, 0.59, 0.61, 1.00, 1.00]
Event Rate: [0.96, 0.34, 0.28, 0.37, 0.59, 0.66, 0.39, 0.45, 0.43, 0.54, 0.05, 0.31, 1.00, 1.00, 0.47, 0.31, 0.59, 0.60, 1.00, 1.00]
Event Rate: [0.96, 0.35, 0.28, 0.38, 0.60, 0.67, 0.40, 0.45, 0.44, 0.54, 0.05, 0.31, 1.00, 1.00, 0.48, 0.31, 0.60, 0.61, 1.00, 1.00]
Event Rate: [0.96, 0.34, 0.28, 0.37, 0.59, 0.66, 0.39, 0.45, 0.44, 0.54, 0.05, 0.31, 1.00, 1.00, 0.47, 0.31, 0.59, 0.61, 1.00, 1.00]
Event Rate: [0.96, 0.34, 0.28, 0.38, 0.59, 0.66, 0.39, 0.45, 0.44, 0.54, 0.05, 0.31, 1.00, 1.00, 0.47, 0.31, 0.59, 0.61, 1.00, 1.00]
Event Rate: [0.96, 0.35, 0.28, 0.38, 0.60, 0.67, 0.40, 0.45, 0.44, 0.54, 0.05, 0.31, 1.00, 1.00, 0.48, 0.31, 0.60, 0.61, 1.00, 1.00]
Event Rate: [0.96, 0.35, 0.28, 0.38, 0.59, 0.67, 0.39, 0.45, 0.44, 0.54, 0.05, 0.31, 1.00, 1.00, 0.47, 0.31, 0.60, 0.61, 1.00, 1.00]
Event Rate: [0.96, 0.34, 0.28, 0.38, 0.59, 0.66, 0.39, 0.45, 0.44, 0.54, 0.05, 0.31, 1.00, 1.00, 0.47, 0.31, 0.59, 0.61, 1.00, 1.00]
Event Rate: [0.96, 0.35, 0.28, 0.38, 0.59, 0.66, 0.39, 0.45, 0.44, 0.54, 0.05, 0.31, 1.00, 1.00, 0.47, 0.31, 0.60, 0.61, 1.00, 1.00]
Event Rate: [0.96, 0.34, 0.27, 0.37, 0.59, 0.66, 0.39, 0.45, 0.44, 0.54, 0.05, 0.31, 1.00, 1.00, 0.47, 0.31, 0.59, 0.61, 1.00, 1.00]
Event Rate: [0.96, 0.34, 0.28, 0.37, 0.59, 0.66, 0.39, 0.45, 0.44, 0.54, 0.05, 0.31, 1.00, 1.00, 0.47, 0.31, 0.59, 0.60, 1.00, 1.00]
Event Rate: [0.96, 0.34, 0.28, 0.38, 0.59, 0.67, 0.40, 0.45, 0.44, 0.54, 0.05, 0.31, 1.00, 1.00, 0.48, 0.31, 0.60, 0.61, 1.00, 1.00]
Event Rate: [0.96, 0.34, 0.28, 0.38, 0.59, 0.66, 0.39, 0.45, 0.44, 0.54, 0.05, 0.31, 1.00, 1.00, 0.47, 0.31, 0.59, 0.61, 1.00, 1.00]
Event Rate: [0.96, 0.34, 0.28, 0.37, 0.59, 0.66, 0.39, 0.45, 0.44, 0.54, 0.05, 0.31, 1.00, 1.00, 0.47, 0.31, 0.60, 0.61, 1.00, 1.00]
Event Rate: [0.96, 0.34, 0.28, 0.38, 0.59, 0.66, 0.39, 0.45, 0.44, 0.54, 0.05, 0.31, 1.00, 1.00, 0.48, 0.31, 0.59, 0.61, 1.00, 1.00]
Event Rate: [0.96, 0.34, 0.28, 0.38, 0.59, 0.67, 0.40, 0.45, 0.44, 0.54, 0.05, 0.32, 1.00, 1.00, 0.48, 0.32, 0.60, 0.61, 1.00, 1.00]
Event Rate: [0.96, 0.34, 0.28, 0.37, 0.59, 0.66, 0.39, 0.45, 0.44, 0.54, 0.05, 0.31, 1.00, 1.00, 0.47, 0.31, 0.59, 0.61, 1.00, 1.00]
Event Rate: [0.96, 0.35, 0.28, 0.37, 0.59, 0.66, 0.39, 0.45, 0.44, 0.54, 0.05, 0.31, 1.00, 1.00, 0.47, 0.31, 0.59, 0.61, 1.00, 1.00]
Event Rate: [0.96, 0.34, 0.28, 0.37, 0.58, 0.66, 0.39, 0.45, 0.43, 0.54, 0.05, 0.31, 1.00, 1.00, 0.47, 0.31, 0.59, 0.60, 1.00, 1.00]
Event Rate: [0.96, 0.33, 0.27, 0.37, 0.58, 0.65, 0.39, 0.44, 0.43, 0.54, 0.05, 0.31, 1.00, 1.00, 0.47, 0.31, 0.59, 0.60, 1.00, 1.00]
Event Rate: [0.95, 0.33, 0.27, 0.37, 0.58, 0.66, 0.39, 0.45, 0.43, 0.53, 0.05, 0.31, 1.00, 1.00, 0.47, 0.31, 0.59, 0.60, 1.00, 1.00]
Event Rate: [0.96, 0.34, 0.28, 0.37, 0.59, 0.67, 0.39, 0.45, 0.44, 0.54, 0.05, 0.31, 1.00, 1.00, 0.47, 0.31, 0.59, 0.61, 1.00, 1.00]
Event Rate: [0.95, 0.34, 0.28, 0.37, 0.59, 0.66, 0.39, 0.45, 0.44, 0.54, 0.05, 0.31, 1.00, 1.00, 0.47, 0.31, 0.59, 0.61, 1.00, 1.00]
Event Rate: [0.96, 0.34, 0.28, 0.37, 0.59, 0.67, 0.39, 0.45, 0.44, 0.54, 0.05, 0.31, 1.00, 1.00, 0.47, 0.31, 0.59, 0.61, 1.00, 1.00]
Event Rate: [0.96, 0.34, 0.28, 0.37, 0.58, 0.66, 0.39, 0.45, 0.44, 0.54, 0.05, 0.31, 1.00, 1.00, 0.47, 0.31, 0.59, 0.61, 1.00, 1.00]
Event Rate: [0.96, 0.34, 0.28, 0.38, 0.59, 0.67, 0.40, 0.45, 0.44, 0.54, 0.05, 0.31, 1.00, 1.00, 0.48, 0.32, 0.60, 0.61, 1.00, 1.00]
Event Rate: [0.96, 0.35, 0.29, 0.38, 0.59, 0.66, 0.40, 0.45, 0.44, 0.54, 0.05, 0.31, 1.00, 1.00, 0.48, 0.31, 0.60, 0.61, 1.00, 1.00]
Event Rate: [0.96, 0.34, 0.28, 0.37, 0.58, 0.66, 0.39, 0.45, 0.44, 0.54, 0.05, 0.31, 1.00, 1.00, 0.47, 0.31, 0.59, 0.61, 1.00, 1.00]
Event Rate: [0.95, 0.34, 0.28, 0.37, 0.59, 0.66, 0.39, 0.45, 0.43, 0.54, 0.05, 0.31, 1.00, 1.00, 0.47, 0.31, 0.59, 0.60, 1.00, 1.00]
Event Rate: [0.96, 0.34, 0.28, 0.37, 0.59, 0.66, 0.39, 0.45, 0.44, 0.54, 0.05, 0.31, 1.00, 1.00, 0.47, 0.31, 0.59, 0.61, 1.00, 1.00]
Event Rate: [0.96, 0.34, 0.28, 0.37, 0.58, 0.66, 0.39, 0.45, 0.43, 0.54, 0.05, 0.31, 1.00, 1.00, 0.47, 0.31, 0.59, 0.60, 1.00, 1.00]
Event Rate: [0.96, 0.33, 0.27, 0.36, 0.58, 0.65, 0.38, 0.44, 0.43, 0.53, 0.05, 0.31, 1.00, 1.00, 0.46, 0.31, 0.58, 0.60, 1.00, 1.00]
Event Rate: [0.96, 0.34, 0.27, 0.37, 0.58, 0.66, 0.39, 0.45, 0.43, 0.53, 0.05, 0.31, 1.00, 1.00, 0.46, 0.31, 0.59, 0.60, 1.00, 1.00]
Event Rate: [0.96, 0.34, 0.28, 0.37, 0.59, 0.66, 0.39, 0.45, 0.43, 0.53, 0.05, 0.31, 1.00, 1.00, 0.47, 0.31, 0.59, 0.61, 1.00, 1.00]
Event Rate: [0.95, 0.34, 0.28, 0.37, 0.59, 0.66, 0.39, 0.45, 0.44, 0.54, 0.05, 0.31, 1.00, 1.00, 0.47, 0.31, 0.59, 0.61, 1.00, 1.00]
Event Rate: [0.96, 0.34, 0.28, 0.37, 0.59, 0.66, 0.39, 0.45, 0.44, 0.54, 0.05, 0.31, 1.00, 1.00, 0.48, 0.32, 0.59, 0.61, 1.00, 1.00]
Event Rate: [0.96, 0.34, 0.28, 0.38, 0.59, 0.66, 0.39, 0.45, 0.44, 0.54, 0.05, 0.31, 1.00, 1.00, 0.47, 0.31, 0.59, 0.61, 1.00, 1.00]
Event Rate: [0.96, 0.34, 0.28, 0.37, 0.59, 0.66, 0.39, 0.45, 0.44, 0.54, 0.05, 0.31, 1.00, 1.00, 0.47, 0.31, 0.59, 0.61, 1.00, 1.00]
Event Rate: [0.96, 0.34, 0.28, 0.37, 0.58, 0.66, 0.39, 0.45, 0.43, 0.54, 0.05, 0.31, 1.00, 1.00, 0.47, 0.31, 0.59, 0.61, 1.00, 1.00]
Event Rate: [0.96, 0.34, 0.28, 0.38, 0.59, 0.67, 0.39, 0.45, 0.43, 0.54, 0.05, 0.31, 1.00, 1.00, 0.47, 0.31, 0.60, 0.61, 1.00, 1.00]
Event Rate: [0.96, 0.33, 0.28, 0.37, 0.58, 0.65, 0.39, 0.45, 0.44, 0.54, 0.05, 0.31, 1.00, 1.00, 0.47, 0.31, 0.59, 0.60, 1.00, 1.00]
Event Rate: [0.96, 0.34, 0.27, 0.37, 0.58, 0.66, 0.39, 0.45, 0.43, 0.54, 0.05, 0.31, 1.00, 1.00, 0.47, 0.31, 0.59, 0.60, 1.00, 1.00]
Event Rate: [0.96, 0.34, 0.28, 0.38, 0.59, 0.66, 0.39, 0.45, 0.44, 0.54, 0.05, 0.31, 1.00, 1.00, 0.47, 0.31, 0.60, 0.61, 1.00, 1.00]
Event Rate: [0.96, 0.34, 0.28, 0.37, 0.59, 0.66, 0.39, 0.45, 0.44, 0.54, 0.05, 0.31, 1.00, 1.00, 0.47, 0.31, 0.59, 0.61, 1.00, 1.00]
Event Rate: [0.96, 0.35, 0.29, 0.38, 0.60, 0.67, 0.40, 0.45, 0.44, 0.54, 0.05, 0.31, 1.00, 1.00, 0.48, 0.32, 0.60, 0.61, 1.00, 1.00]
Event Rate: [0.96, 0.34, 0.27, 0.37, 0.58, 0.66, 0.39, 0.45, 0.43, 0.53, 0.05, 0.31, 1.00, 1.00, 0.46, 0.31, 0.59, 0.60, 1.00, 1.00]
Event Rate: [0.96, 0.35, 0.29, 0.38, 0.60, 0.67, 0.40, 0.45, 0.44, 0.54, 0.05, 0.31, 1.00, 1.00, 0.47, 0.31, 0.60, 0.61, 1.00, 1.00]
Event Rate: [0.95, 0.34, 0.28, 0.37, 0.59, 0.66, 0.39, 0.45, 0.44, 0.54, 0.05, 0.31, 1.00, 1.00, 0.47, 0.31, 0.59, 0.61, 1.00, 1.00]
Event Rate: [0.96, 0.34, 0.28, 0.37, 0.59, 0.66, 0.39, 0.45, 0.43, 0.54, 0.05, 0.31, 1.00, 1.00, 0.47, 0.31, 0.59, 0.60, 1.00, 1.00]
Event Rate: [0.96, 0.35, 0.28, 0.38, 0.60, 0.67, 0.40, 0.45, 0.44, 0.54, 0.05, 0.31, 1.00, 1.00, 0.47, 0.31, 0.60, 0.61, 1.00, 1.00]
Event Rate: [0.96, 0.33, 0.27, 0.36, 0.58, 0.66, 0.39, 0.45, 0.43, 0.54, 0.05, 0.31, 1.00, 1.00, 0.47, 0.31, 0.59, 0.60, 1.00, 1.00]
Event Rate: [0.96, 0.34, 0.28, 0.37, 0.59, 0.66, 0.39, 0.45, 0.44, 0.54, 0.05, 0.31, 1.00, 1.00, 0.47, 0.31, 0.59, 0.61, 1.00, 1.00]
Event Rate: [0.96, 0.34, 0.28, 0.37, 0.59, 0.66, 0.39, 0.45, 0.44, 0.54, 0.05, 0.31, 1.00, 1.00, 0.47, 0.31, 0.59, 0.61, 1.00, 1.00]
Event Rate: [0.96, 0.34, 0.28, 0.37, 0.58, 0.66, 0.39, 0.45, 0.44, 0.54, 0.05, 0.31, 1.00, 1.00, 0.47, 0.31, 0.59, 0.61, 1.00, 1.00]
Event Rate: [0.96, 0.34, 0.28, 0.38, 0.60, 0.67, 0.40, 0.45, 0.44, 0.54, 0.05, 0.31, 1.00, 1.00, 0.47, 0.31, 0.60, 0.61, 1.00, 1.00]
Event Rate: [0.96, 0.35, 0.29, 0.38, 0.59, 0.66, 0.40, 0.45, 0.44, 0.54, 0.05, 0.31, 1.00, 1.00, 0.48, 0.31, 0.60, 0.61, 1.00, 1.00]
Event Rate: [0.96, 0.34, 0.28, 0.37, 0.59, 0.66, 0.39, 0.45, 0.44, 0.54, 0.05, 0.31, 1.00, 1.00, 0.47, 0.31, 0.60, 0.61, 1.00, 1.00]
Event Rate: [0.95, 0.33, 0.28, 0.37, 0.58, 0.66, 0.39, 0.45, 0.43, 0.54, 0.05, 0.31, 1.00, 1.00, 0.47, 0.31, 0.59, 0.60, 1.00, 1.00]
Event Rate: [0.96, 0.34, 0.27, 0.37, 0.58, 0.66, 0.39, 0.45, 0.44, 0.54, 0.05, 0.31, 1.00, 1.00, 0.47, 0.31, 0.59, 0.61, 1.00, 1.00]
Event Rate: [0.96, 0.35, 0.28, 0.37, 0.59, 0.67, 0.39, 0.45, 0.44, 0.54, 0.05, 0.31, 1.00, 1.00, 0.47, 0.31, 0.60, 0.61, 1.00, 1.00]
Event Rate: [0.96, 0.34, 0.28, 0.37, 0.59, 0.66, 0.39, 0.45, 0.44, 0.54, 0.05, 0.31, 1.00, 1.00, 0.47, 0.31, 0.59, 0.61, 1.00, 1.00]
Event Rate: [0.96, 0.34, 0.28, 0.37, 0.58, 0.66, 0.39, 0.45, 0.44, 0.54, 0.05, 0.31, 1.00, 1.00, 0.47, 0.31, 0.59, 0.60, 1.00, 1.00]
Event Rate: [0.95, 0.33, 0.27, 0.36, 0.58, 0.66, 0.38, 0.45, 0.43, 0.54, 0.05, 0.31, 1.00, 1.00, 0.47, 0.31, 0.59, 0.60, 1.00, 1.00]
Event Rate: [0.96, 0.33, 0.27, 0.36, 0.58, 0.66, 0.38, 0.44, 0.43, 0.53, 0.05, 0.31, 1.00, 1.00, 0.47, 0.31, 0.59, 0.60, 1.00, 1.00]
Event Rate: [0.95, 0.34, 0.28, 0.37, 0.59, 0.66, 0.39, 0.45, 0.43, 0.53, 0.05, 0.31, 1.00, 1.00, 0.47, 0.31, 0.59, 0.61, 1.00, 1.00]
Event Rate: [0.96, 0.34, 0.28, 0.37, 0.59, 0.66, 0.39, 0.45, 0.43, 0.54, 0.05, 0.31, 1.00, 1.00, 0.47, 0.31, 0.59, 0.61, 1.00, 1.00]
Event Rate: [0.96, 0.34, 0.28, 0.37, 0.58, 0.66, 0.39, 0.45, 0.43, 0.54, 0.05, 0.31, 1.00, 1.00, 0.47, 0.31, 0.59, 0.60, 1.00, 1.00]
Event Rate: [0.96, 0.33, 0.28, 0.37, 0.58, 0.66, 0.39, 0.45, 0.44, 0.54, 0.05, 0.31, 1.00, 1.00, 0.47, 0.31, 0.59, 0.60, 1.00, 1.00]
Event Rate: [0.96, 0.34, 0.28, 0.37, 0.59, 0.66, 0.39, 0.45, 0.44, 0.54, 0.05, 0.31, 1.00, 1.00, 0.47, 0.31, 0.59, 0.61, 1.00, 1.00]
Event Rate: [0.96, 0.35, 0.29, 0.38, 0.60, 0.67, 0.40, 0.45, 0.44, 0.54, 0.05, 0.31, 1.00, 1.00, 0.47, 0.31, 0.60, 0.61, 1.00, 1.00]
Event Rate: [0.96, 0.34, 0.28, 0.37, 0.58, 0.66, 0.39, 0.45, 0.43, 0.54, 0.05, 0.31, 1.00, 1.00, 0.47, 0.31, 0.59, 0.60, 1.00, 1.00]
Event Rate: [0.96, 0.35, 0.28, 0.38, 0.59, 0.67, 0.40, 0.45, 0.44, 0.54, 0.05, 0.31, 1.00, 1.00, 0.48, 0.32, 0.60, 0.61, 1.00, 1.00]
Event Rate: [0.96, 0.34, 0.28, 0.37, 0.58, 0.66, 0.39, 0.45, 0.43, 0.53, 0.05, 0.31, 1.00, 1.00, 0.47, 0.31, 0.59, 0.60, 1.00, 1.00]
Event Rate: [0.95, 0.33, 0.27, 0.37, 0.58, 0.65, 0.38, 0.44, 0.43, 0.53, 0.05, 0.31, 1.00, 1.00, 0.46, 0.31, 0.59, 0.60, 1.00, 1.00]
Event Rate: [0.96, 0.34, 0.28, 0.38, 0.59, 0.66, 0.39, 0.45, 0.44, 0.54, 0.05, 0.31, 1.00, 1.00, 0.47, 0.31, 0.59, 0.61, 1.00, 1.00]
Event Rate: [0.95, 0.33, 0.27, 0.37, 0.58, 0.65, 0.39, 0.44, 0.43, 0.54, 0.05, 0.31, 1.00, 1.00, 0.47, 0.31, 0.59, 0.60, 1.00, 1.00]
Event Rate: [0.96, 0.35, 0.28, 0.38, 0.60, 0.67, 0.40, 0.45, 0.44, 0.54, 0.05, 0.31, 1.00, 1.00, 0.47, 0.31, 0.60, 0.61, 1.00, 1.00]
Event Rate: [0.96, 0.34, 0.28, 0.37, 0.59, 0.66, 0.39, 0.45, 0.44, 0.54, 0.05, 0.31, 1.00, 1.00, 0.47, 0.32, 0.59, 0.61, 1.00, 1.00]
Event Rate: [0.96, 0.34, 0.28, 0.38, 0.59, 0.66, 0.39, 0.45, 0.44, 0.54, 0.05, 0.31, 1.00, 1.00, 0.47, 0.31, 0.60, 0.61, 1.00, 1.00]
Event Rate: [0.96, 0.34, 0.28, 0.38, 0.59, 0.67, 0.40, 0.45, 0.44, 0.54, 0.05, 0.31, 1.00, 1.00, 0.47, 0.31, 0.60, 0.61, 1.00, 1.00]
Event Rate: [0.96, 0.33, 0.27, 0.36, 0.58, 0.66, 0.38, 0.45, 0.43, 0.54, 0.05, 0.31, 1.00, 1.00, 0.47, 0.31, 0.59, 0.60, 1.00, 1.00]
Event Rate: [0.96, 0.34, 0.28, 0.37, 0.58, 0.66, 0.39, 0.44, 0.43, 0.53, 0.05, 0.31, 1.00, 1.00, 0.47, 0.31, 0.59, 0.60, 1.00, 1.00]
Event Rate: [0.96, 0.34, 0.28, 0.37, 0.59, 0.66, 0.39, 0.45, 0.44, 0.54, 0.05, 0.31, 1.00, 1.00, 0.47, 0.31, 0.59, 0.61, 1.00, 1.00]
Event Rate: [0.96, 0.34, 0.28, 0.37, 0.59, 0.66, 0.39, 0.45, 0.43, 0.54, 0.05, 0.31, 1.00, 1.00, 0.47, 0.31, 0.59, 0.60, 1.00, 1.00]
Event Rate: [0.96, 0.34, 0.27, 0.37, 0.59, 0.66, 0.39, 0.45, 0.44, 0.54, 0.05, 0.31, 1.00, 1.00, 0.47, 0.31, 0.59, 0.61, 1.00, 1.00]
Event Rate: [0.96, 0.34, 0.28, 0.38, 0.59, 0.66, 0.39, 0.45, 0.44, 0.54, 0.05, 0.31, 1.00, 1.00, 0.47, 0.31, 0.60, 0.61, 1.00, 1.00]
Event Rate: [0.96, 0.35, 0.28, 0.37, 0.59, 0.67, 0.39, 0.45, 0.44, 0.54, 0.05, 0.31, 1.00, 1.00, 0.47, 0.31, 0.59, 0.61, 1.00, 1.00]
Event Rate: [0.95, 0.34, 0.28, 0.37, 0.59, 0.66, 0.39, 0.45, 0.43, 0.54, 0.05, 0.31, 1.00, 1.00, 0.47, 0.31, 0.59, 0.61, 1.00, 1.00]
Event Rate: [0.96, 0.33, 0.27, 0.37, 0.58, 0.66, 0.39, 0.45, 0.43, 0.54, 0.05, 0.31, 1.00, 1.00, 0.47, 0.31, 0.59, 0.60, 1.00, 1.00]
Event Rate: [0.96, 0.34, 0.28, 0.38, 0.59, 0.66, 0.39, 0.45, 0.44, 0.54, 0.05, 0.31, 1.00, 1.00, 0.47, 0.31, 0.60, 0.61, 1.00, 1.00]
Event Rate: [0.96, 0.34, 0.28, 0.38, 0.59, 0.67, 0.39, 0.45, 0.44, 0.54, 0.05, 0.31, 1.00, 1.00, 0.47, 0.31, 0.60, 0.61, 1.00, 1.00]
Event Rate: [0.96, 0.34, 0.28, 0.37, 0.58, 0.66, 0.39, 0.45, 0.43, 0.54, 0.05, 0.31, 1.00, 1.00, 0.47, 0.31, 0.59, 0.60, 1.00, 1.00]
Event Rate: [0.96, 0.34, 0.28, 0.37, 0.59, 0.66, 0.39, 0.45, 0.44, 0.54, 0.05, 0.31, 1.00, 1.00, 0.47, 0.31, 0.59, 0.61, 1.00, 1.00]
Event Rate: [0.96, 0.35, 0.29, 0.38, 0.60, 0.67, 0.40, 0.45, 0.44, 0.54, 0.05, 0.31, 1.00, 1.00, 0.47, 0.31, 0.60, 0.61, 1.00, 1.00]
Event Rate: [0.96, 0.34, 0.28, 0.38, 0.59, 0.66, 0.39, 0.45, 0.44, 0.54, 0.05, 0.31, 1.00, 1.00, 0.47, 0.31, 0.59, 0.61, 1.00, 1.00]
Event Rate: [0.96, 0.34, 0.28, 0.38, 0.59, 0.66, 0.39, 0.45, 0.44, 0.54, 0.05, 0.31, 1.00, 1.00, 0.47, 0.31, 0.60, 0.61, 1.00, 1.00]
Event Rate: [0.95, 0.34, 0.28, 0.37, 0.58, 0.66, 0.39, 0.45, 0.43, 0.53, 0.05, 0.31, 1.00, 1.00, 0.47, 0.31, 0.59, 0.60, 1.00, 1.00]
Event Rate: [0.95, 0.34, 0.28, 0.37, 0.59, 0.66, 0.39, 0.45, 0.44, 0.54, 0.05, 0.31, 1.00, 1.00, 0.47, 0.31, 0.59, 0.61, 1.00, 1.00]
Event Rate: [0.96, 0.34, 0.28, 0.38, 0.59, 0.66, 0.39, 0.45, 0.44, 0.54, 0.05, 0.31, 1.00, 1.00, 0.47, 0.32, 0.60, 0.61, 1.00, 1.00]
Event Rate: [0.95, 0.35, 0.29, 0.38, 0.59, 0.66, 0.40, 0.45, 0.44, 0.54, 0.05, 0.31, 1.00, 1.00, 0.47, 0.31, 0.60, 0.61, 1.00, 1.00]
Event Rate: [0.96, 0.33, 0.27, 0.37, 0.59, 0.66, 0.39, 0.45, 0.44, 0.54, 0.05, 0.31, 1.00, 1.00, 0.47, 0.32, 0.59, 0.61, 1.00, 1.00]
Event Rate: [0.96, 0.33, 0.27, 0.36, 0.58, 0.66, 0.39, 0.45, 0.43, 0.54, 0.05, 0.31, 1.00, 1.00, 0.47, 0.31, 0.59, 0.60, 1.00, 1.00]
Event Rate: [0.96, 0.34, 0.28, 0.38, 0.59, 0.66, 0.40, 0.45, 0.44, 0.54, 0.05, 0.31, 1.00, 1.00, 0.47, 0.31, 0.60, 0.61, 1.00, 1.00]
Event Rate: [0.96, 0.34, 0.27, 0.37, 0.58, 0.66, 0.39, 0.45, 0.43, 0.54, 0.05, 0.31, 1.00, 1.00, 0.47, 0.31, 0.59, 0.60, 1.00, 1.00]
Event Rate: [0.96, 0.34, 0.28, 0.37, 0.59, 0.66, 0.39, 0.45, 0.44, 0.54, 0.05, 0.31, 1.00, 1.00, 0.47, 0.31, 0.59, 0.61, 1.00, 1.00]
Event Rate: [0.96, 0.34, 0.28, 0.37, 0.59, 0.67, 0.40, 0.45, 0.44, 0.54, 0.05, 0.31, 1.00, 1.00, 0.47, 0.31, 0.60, 0.61, 1.00, 1.00]
Event Rate: [0.96, 0.35, 0.29, 0.38, 0.59, 0.67, 0.40, 0.45, 0.44, 0.54, 0.05, 0.32, 1.00, 1.00, 0.48, 0.32, 0.60, 0.61, 1.00, 1.00]
Event Rate: [0.96, 0.34, 0.28, 0.37, 0.58, 0.66, 0.39, 0.45, 0.43, 0.54, 0.05, 0.31, 1.00, 1.00, 0.47, 0.31, 0.59, 0.61, 1.00, 1.00]
Event Rate: [0.96, 0.34, 0.28, 0.37, 0.59, 0.66, 0.39, 0.45, 0.44, 0.54, 0.05, 0.31, 1.00, 1.00, 0.47, 0.31, 0.59, 0.60, 1.00, 1.00]
Event Rate: [0.95, 0.34, 0.28, 0.37, 0.59, 0.66, 0.39, 0.45, 0.44, 0.54, 0.05, 0.31, 1.00, 1.00, 0.47, 0.31, 0.59, 0.61, 1.00, 1.00]
Event Rate: [0.96, 0.36, 0.29, 0.38, 0.60, 0.67, 0.40, 0.45, 0.44, 0.54, 0.05, 0.31, 1.00, 1.00, 0.48, 0.32, 0.60, 0.62, 1.00, 1.00]
Event Rate: [0.96, 0.35, 0.28, 0.38, 0.60, 0.67, 0.40, 0.45, 0.44, 0.54, 0.05, 0.31, 1.00, 1.00, 0.47, 0.31, 0.60, 0.61, 1.00, 1.00]
Event Rate: [0.96, 0.34, 0.28, 0.37, 0.59, 0.66, 0.39, 0.45, 0.44, 0.54, 0.05, 0.31, 1.00, 1.00, 0.47, 0.31, 0.59, 0.61, 1.00, 1.00]
Event Rate: [0.96, 0.34, 0.28, 0.37, 0.59, 0.66, 0.39, 0.45, 0.44, 0.54, 0.05, 0.31, 1.00, 1.00, 0.47, 0.31, 0.59, 0.61, 1.00, 1.00]
Event Rate: [0.95, 0.34, 0.28, 0.37, 0.58, 0.66, 0.39, 0.45, 0.43, 0.54, 0.05, 0.31, 1.00, 1.00, 0.47, 0.31, 0.59, 0.61, 1.00, 1.00]
Event Rate: [0.96, 0.35, 0.28, 0.38, 0.59, 0.66, 0.39, 0.45, 0.44, 0.54, 0.05, 0.31, 1.00, 1.00, 0.47, 0.31, 0.59, 0.61, 1.00, 1.00]
Event Rate: [0.96, 0.34, 0.28, 0.38, 0.59, 0.66, 0.39, 0.45, 0.44, 0.54, 0.05, 0.31, 1.00, 1.00, 0.47, 0.31, 0.59, 0.61, 1.00, 1.00]
Event Rate: [0.96, 0.33, 0.27, 0.37, 0.58, 0.66, 0.39, 0.45, 0.44, 0.54, 0.05, 0.31, 1.00, 1.00, 0.47, 0.31, 0.59, 0.60, 1.00, 1.00]
Event Rate: [0.96, 0.34, 0.29, 0.38, 0.59, 0.66, 0.40, 0.45, 0.44, 0.54, 0.05, 0.31, 1.00, 1.00, 0.48, 0.32, 0.60, 0.61, 1.00, 1.00]
Event Rate: [0.96, 0.34, 0.28, 0.37, 0.58, 0.66, 0.39, 0.45, 0.43, 0.54, 0.05, 0.31, 1.00, 1.00, 0.47, 0.31, 0.59, 0.60, 1.00, 1.00]
Event Rate: [0.96, 0.35, 0.28, 0.38, 0.60, 0.67, 0.40, 0.45, 0.44, 0.54, 0.05, 0.31, 1.00, 1.00, 0.48, 0.31, 0.60, 0.61, 1.00, 1.00]
Event Rate: [0.95, 0.35, 0.28, 0.38, 0.59, 0.67, 0.40, 0.45, 0.44, 0.54, 0.05, 0.31, 1.00, 1.00, 0.47, 0.31, 0.60, 0.61, 1.00, 1.00]
Event Rate: [0.96, 0.33, 0.28, 0.37, 0.58, 0.66, 0.39, 0.45, 0.44, 0.54, 0.05, 0.31, 1.00, 1.00, 0.47, 0.31, 0.59, 0.60, 1.00, 1.00]
Event Rate: [0.96, 0.33, 0.28, 0.37, 0.59, 0.66, 0.39, 0.45, 0.43, 0.54, 0.05, 0.31, 1.00, 1.00, 0.47, 0.31, 0.59, 0.60, 1.00, 1.00]
Event Rate: [0.96, 0.34, 0.28, 0.37, 0.59, 0.66, 0.39, 0.45, 0.44, 0.54, 0.05, 0.31, 1.00, 1.00, 0.48, 0.31, 0.59, 0.61, 1.00, 1.00]
Event Rate: [0.96, 0.33, 0.27, 0.37, 0.58, 0.66, 0.39, 0.45, 0.44, 0.54, 0.05, 0.32, 1.00, 1.00, 0.47, 0.31, 0.59, 0.60, 1.00, 1.00]
Event Rate: [0.96, 0.33, 0.27, 0.37, 0.58, 0.66, 0.39, 0.45, 0.43, 0.54, 0.05, 0.31, 1.00, 1.00, 0.47, 0.31, 0.59, 0.60, 1.00, 1.00]
Event Rate: [0.96, 0.34, 0.27, 0.37, 0.58, 0.66, 0.39, 0.45, 0.44, 0.54, 0.05, 0.31, 1.00, 1.00, 0.47, 0.31, 0.59, 0.60, 1.00, 1.00]
Event Rate: [0.96, 0.33, 0.28, 0.37, 0.58, 0.66, 0.39, 0.45, 0.43, 0.54, 0.05, 0.31, 1.00, 1.00, 0.47, 0.31, 0.59, 0.60, 1.00, 1.00]
Event Rate: [0.96, 0.35, 0.28, 0.38, 0.59, 0.66, 0.39, 0.45, 0.44, 0.54, 0.05, 0.31, 1.00, 1.00, 0.47, 0.31, 0.59, 0.61, 1.00, 1.00]
Event Rate: [0.96, 0.34, 0.28, 0.38, 0.59, 0.66, 0.40, 0.45, 0.44, 0.54, 0.05, 0.31, 1.00, 1.00, 0.48, 0.32, 0.60, 0.61, 1.00, 1.00]
Event Rate: [0.96, 0.34, 0.28, 0.37, 0.58, 0.66, 0.39, 0.45, 0.43, 0.54, 0.05, 0.31, 1.00, 1.00, 0.47, 0.31, 0.59, 0.61, 1.00, 1.00]
Event Rate: [0.96, 0.34, 0.28, 0.37, 0.58, 0.66, 0.39, 0.45, 0.43, 0.53, 0.05, 0.31, 1.00, 1.00, 0.47, 0.31, 0.59, 0.61, 1.00, 1.00]
Event Rate: [0.96, 0.34, 0.28, 0.37, 0.59, 0.66, 0.39, 0.45, 0.43, 0.54, 0.05, 0.31, 1.00, 1.00, 0.47, 0.31, 0.59, 0.61, 1.00, 1.00]
Event Rate: [0.95, 0.35, 0.28, 0.38, 0.59, 0.67, 0.40, 0.45, 0.44, 0.54, 0.05, 0.31, 1.00, 1.00, 0.47, 0.31, 0.60, 0.61, 1.00, 1.00]
Event Rate: [0.96, 0.34, 0.28, 0.37, 0.59, 0.66, 0.39, 0.45, 0.44, 0.54, 0.05, 0.31, 1.00, 1.00, 0.47, 0.31, 0.59, 0.61, 1.00, 1.00]
Event Rate: [0.96, 0.34, 0.28, 0.38, 0.59, 0.66, 0.40, 0.45, 0.44, 0.54, 0.05, 0.31, 1.00, 1.00, 0.47, 0.31, 0.60, 0.61, 1.00, 1.00]
Event Rate: [0.96, 0.34, 0.28, 0.37, 0.59, 0.66, 0.39, 0.45, 0.44, 0.54, 0.05, 0.31, 1.00, 1.00, 0.47, 0.31, 0.59, 0.61, 1.00, 1.00]
Event Rate: [0.96, 0.35, 0.29, 0.38, 0.60, 0.67, 0.40, 0.45, 0.44, 0.54, 0.05, 0.31, 1.00, 1.00, 0.48, 0.32, 0.60, 0.61, 1.00, 1.00]
Event Rate: [0.96, 0.33, 0.28, 0.37, 0.59, 0.66, 0.39, 0.45, 0.43, 0.54, 0.05, 0.31, 1.00, 1.00, 0.47, 0.31, 0.59, 0.60, 1.00, 1.00]
Event Rate: [0.96, 0.35, 0.28, 0.38, 0.59, 0.67, 0.40, 0.45, 0.44, 0.54, 0.05, 0.31, 1.00, 1.00, 0.47, 0.31, 0.60, 0.61, 1.00, 1.00]
Event Rate: [0.95, 0.34, 0.28, 0.37, 0.59, 0.66, 0.39, 0.45, 0.43, 0.53, 0.05, 0.31, 1.00, 1.00, 0.47, 0.31, 0.59, 0.61, 1.00, 1.00]
Event Rate: [0.96, 0.36, 0.29, 0.39, 0.60, 0.67, 0.40, 0.45, 0.44, 0.54, 0.05, 0.32, 1.00, 1.00, 0.48, 0.32, 0.60, 0.62, 1.00, 1.00]
Event Rate: [0.96, 0.34, 0.28, 0.37, 0.59, 0.66, 0.39, 0.45, 0.44, 0.54, 0.05, 0.31, 1.00, 1.00, 0.47, 0.31, 0.59, 0.61, 1.00, 1.00]
Event Rate: [0.96, 0.35, 0.29, 0.38, 0.60, 0.67, 0.40, 0.45, 0.44, 0.54, 0.05, 0.31, 1.00, 1.00, 0.48, 0.32, 0.60, 0.61, 1.00, 1.00]
Event Rate: [0.96, 0.34, 0.28, 0.37, 0.59, 0.66, 0.39, 0.45, 0.44, 0.54, 0.05, 0.31, 1.00, 1.00, 0.47, 0.31, 0.59, 0.61, 1.00, 1.00]
Event Rate: [0.96, 0.35, 0.28, 0.38, 0.60, 0.67, 0.40, 0.45, 0.44, 0.54, 0.05, 0.31, 1.00, 1.00, 0.47, 0.31, 0.60, 0.61, 1.00, 1.00]
Event Rate: [0.95, 0.34, 0.28, 0.37, 0.59, 0.66, 0.39, 0.45, 0.44, 0.54, 0.05, 0.31, 1.00, 1.00, 0.47, 0.31, 0.59, 0.61, 1.00, 1.00]
Event Rate: [0.95, 0.34, 0.28, 0.38, 0.59, 0.66, 0.39, 0.45, 0.44, 0.54, 0.05, 0.31, 1.00, 1.00, 0.47, 0.31, 0.60, 0.61, 1.00, 1.00]
Event Rate: [0.96, 0.33, 0.27, 0.36, 0.58, 0.66, 0.39, 0.45, 0.43, 0.54, 0.05, 0.31, 1.00, 1.00, 0.47, 0.31, 0.59, 0.60, 1.00, 1.00]
Event Rate: [0.96, 0.34, 0.28, 0.38, 0.59, 0.66, 0.39, 0.45, 0.44, 0.54, 0.05, 0.31, 1.00, 1.00, 0.47, 0.31, 0.59, 0.61, 1.00, 1.00]
Event Rate: [0.96, 0.34, 0.28, 0.37, 0.58, 0.66, 0.39, 0.45, 0.43, 0.54, 0.05, 0.31, 1.00, 1.00, 0.47, 0.31, 0.59, 0.60, 1.00, 1.00]
Event Rate: [0.96, 0.34, 0.28, 0.37, 0.59, 0.66, 0.39, 0.45, 0.44, 0.54, 0.05, 0.31, 1.00, 1.00, 0.47, 0.31, 0.59, 0.61, 1.00, 1.00]
Event Rate: [0.96, 0.35, 0.28, 0.38, 0.59, 0.66, 0.39, 0.45, 0.44, 0.54, 0.05, 0.31, 1.00, 1.00, 0.47, 0.31, 0.60, 0.61, 1.00, 1.00]
Event Rate: [0.96, 0.33, 0.28, 0.37, 0.58, 0.66, 0.39, 0.45, 0.44, 0.54, 0.05, 0.31, 1.00, 1.00, 0.47, 0.31, 0.59, 0.61, 1.00, 1.00]
Event Rate: [0.95, 0.33, 0.27, 0.37, 0.58, 0.66, 0.39, 0.45, 0.43, 0.54, 0.05, 0.31, 1.00, 1.00, 0.47, 0.31, 0.59, 0.60, 1.00, 1.00]
Event Rate: [0.96, 0.34, 0.28, 0.38, 0.59, 0.66, 0.40, 0.45, 0.44, 0.54, 0.05, 0.31, 1.00, 1.00, 0.47, 0.31, 0.60, 0.61, 1.00, 1.00]
Event Rate: [0.96, 0.33, 0.27, 0.36, 0.58, 0.65, 0.38, 0.44, 0.43, 0.54, 0.05, 0.31, 1.00, 1.00, 0.47, 0.31, 0.58, 0.60, 1.00, 1.00]
Event Rate: [0.96, 0.34, 0.28, 0.38, 0.59, 0.66, 0.39, 0.45, 0.44, 0.54, 0.05, 0.31, 1.00, 1.00, 0.47, 0.31, 0.59, 0.61, 1.00, 1.00]
Event Rate: [0.96, 0.34, 0.28, 0.37, 0.59, 0.66, 0.39, 0.45, 0.43, 0.53, 0.05, 0.31, 1.00, 1.00, 0.47, 0.31, 0.59, 0.61, 1.00, 1.00]
Event Rate: [0.96, 0.34, 0.28, 0.37, 0.59, 0.66, 0.39, 0.45, 0.43, 0.54, 0.05, 0.31, 1.00, 1.00, 0.47, 0.31, 0.59, 0.60, 1.00, 1.00]
Event Rate: [0.96, 0.34, 0.27, 0.37, 0.59, 0.66, 0.39, 0.45, 0.44, 0.54, 0.05, 0.31, 1.00, 1.00, 0.47, 0.31, 0.59, 0.61, 1.00, 1.00]
Event Rate: [0.96, 0.33, 0.28, 0.37, 0.58, 0.66, 0.39, 0.45, 0.43, 0.54, 0.05, 0.31, 1.00, 1.00, 0.47, 0.31, 0.59, 0.60, 1.00, 1.00]
Event Rate: [0.96, 0.34, 0.28, 0.37, 0.59, 0.66, 0.39, 0.45, 0.44, 0.54, 0.05, 0.31, 1.00, 1.00, 0.47, 0.31, 0.59, 0.61, 1.00, 1.00]
Event Rate: [0.96, 0.34, 0.28, 0.37, 0.59, 0.66, 0.39, 0.45, 0.43, 0.54, 0.05, 0.31, 1.00, 1.00, 0.47, 0.31, 0.59, 0.60, 1.00, 1.00]
Event Rate: [0.96, 0.35, 0.28, 0.38, 0.59, 0.67, 0.40, 0.45, 0.44, 0.54, 0.05, 0.31, 1.00, 1.00, 0.48, 0.32, 0.60, 0.61, 1.00, 1.00]
Event Rate: [0.96, 0.35, 0.28, 0.37, 0.59, 0.67, 0.39, 0.45, 0.44, 0.54, 0.05, 0.31, 1.00, 1.00, 0.47, 0.31, 0.59, 0.61, 1.00, 1.00]
Event Rate: [0.96, 0.34, 0.28, 0.37, 0.59, 0.66, 0.39, 0.45, 0.44, 0.54, 0.05, 0.31, 1.00, 1.00, 0.47, 0.31, 0.59, 0.61, 1.00, 1.00]
Event Rate: [0.95, 0.33, 0.28, 0.37, 0.58, 0.66, 0.39, 0.45, 0.44, 0.54, 0.05, 0.31, 1.00, 1.00, 0.47, 0.31, 0.59, 0.60, 1.00, 1.00]
Event Rate: [0.96, 0.34, 0.28, 0.37, 0.59, 0.66, 0.39, 0.45, 0.43, 0.54, 0.05, 0.31, 1.00, 1.00, 0.47, 0.31, 0.59, 0.60, 1.00, 1.00]
Event Rate: [0.96, 0.33, 0.27, 0.37, 0.58, 0.66, 0.39, 0.45, 0.44, 0.54, 0.05, 0.31, 1.00, 1.00, 0.47, 0.31, 0.59, 0.60, 1.00, 1.00]
Event Rate: [0.96, 0.33, 0.27, 0.37, 0.58, 0.66, 0.39, 0.45, 0.44, 0.54, 0.05, 0.31, 1.00, 1.00, 0.47, 0.31, 0.59, 0.60, 1.00, 1.00]
Event Rate: [0.96, 0.33, 0.27, 0.37, 0.58, 0.65, 0.39, 0.45, 0.43, 0.54, 0.05, 0.31, 1.00, 1.00, 0.47, 0.31, 0.59, 0.60, 1.00, 1.00]
Event Rate: [0.96, 0.34, 0.28, 0.38, 0.60, 0.67, 0.40, 0.45, 0.44, 0.54, 0.05, 0.31, 1.00, 1.00, 0.48, 0.32, 0.60, 0.61, 1.00, 1.00]
Event Rate: [0.96, 0.34, 0.28, 0.38, 0.59, 0.66, 0.39, 0.45, 0.44, 0.54, 0.05, 0.31, 1.00, 1.00, 0.47, 0.31, 0.59, 0.61, 1.00, 1.00]
Event Rate: [0.96, 0.35, 0.28, 0.38, 0.59, 0.66, 0.40, 0.45, 0.43, 0.54, 0.05, 0.31, 1.00, 1.00, 0.47, 0.31, 0.60, 0.61, 1.00, 1.00]
Event Rate: [0.96, 0.33, 0.27, 0.37, 0.58, 0.66, 0.39, 0.45, 0.44, 0.54, 0.05, 0.31, 1.00, 1.00, 0.47, 0.31, 0.59, 0.60, 1.00, 1.00]
Event Rate: [0.96, 0.35, 0.28, 0.38, 0.59, 0.66, 0.39, 0.45, 0.44, 0.54, 0.05, 0.31, 1.00, 1.00, 0.48, 0.32, 0.60, 0.61, 1.00, 1.00]
Event Rate: [0.96, 0.34, 0.27, 0.37, 0.58, 0.66, 0.39, 0.45, 0.43, 0.54, 0.05, 0.31, 1.00, 1.00, 0.47, 0.31, 0.59, 0.60, 1.00, 1.00]
Event Rate: [0.96, 0.34, 0.28, 0.38, 0.59, 0.67, 0.39, 0.45, 0.44, 0.54, 0.05, 0.31, 1.00, 1.00, 0.47, 0.31, 0.60, 0.61, 1.00, 1.00]
Event Rate: [0.96, 0.35, 0.28, 0.38, 0.60, 0.67, 0.40, 0.45, 0.44, 0.54, 0.05, 0.31, 1.00, 1.00, 0.47, 0.31, 0.60, 0.61, 1.00, 1.00]
Event Rate: [0.96, 0.33, 0.27, 0.36, 0.58, 0.66, 0.38, 0.44, 0.43, 0.53, 0.05, 0.31, 1.00, 1.00, 0.46, 0.31, 0.58, 0.60, 1.00, 1.00]
Event Rate: [0.96, 0.33, 0.27, 0.36, 0.58, 0.66, 0.38, 0.45, 0.43, 0.54, 0.05, 0.31, 1.00, 1.00, 0.47, 0.31, 0.59, 0.60, 1.00, 1.00]
Event Rate: [0.96, 0.33, 0.27, 0.37, 0.58, 0.66, 0.39, 0.45, 0.43, 0.54, 0.05, 0.31, 1.00, 1.00, 0.47, 0.31, 0.59, 0.60, 1.00, 1.00]
Event Rate: [0.96, 0.35, 0.28, 0.38, 0.60, 0.67, 0.40, 0.45, 0.44, 0.54, 0.05, 0.31, 1.00, 1.00, 0.47, 0.31, 0.60, 0.61, 1.00, 1.00]
Event Rate: [0.96, 0.34, 0.28, 0.37, 0.59, 0.66, 0.39, 0.45, 0.43, 0.54, 0.05, 0.31, 1.00, 1.00, 0.47, 0.31, 0.59, 0.60, 1.00, 1.00]
Event Rate: [0.96, 0.34, 0.28, 0.37, 0.58, 0.66, 0.39, 0.45, 0.43, 0.54, 0.05, 0.31, 1.00, 1.00, 0.47, 0.31, 0.59, 0.60, 1.00, 1.00]
Event Rate: [0.96, 0.34, 0.28, 0.37, 0.58, 0.66, 0.39, 0.45, 0.44, 0.54, 0.05, 0.31, 1.00, 1.00, 0.47, 0.31, 0.59, 0.60, 1.00, 1.00]
Event Rate: [0.96, 0.34, 0.29, 0.38, 0.59, 0.66, 0.40, 0.45, 0.44, 0.54, 0.05, 0.31, 1.00, 1.00, 0.48, 0.32, 0.60, 0.61, 1.00, 1.00]
Event Rate: [0.96, 0.34, 0.28, 0.37, 0.58, 0.66, 0.39, 0.45, 0.43, 0.54, 0.05, 0.31, 1.00, 1.00, 0.47, 0.31, 0.59, 0.60, 1.00, 1.00]
Event Rate: [0.96, 0.35, 0.29, 0.38, 0.60, 0.67, 0.40, 0.45, 0.44, 0.54, 0.05, 0.31, 1.00, 1.00, 0.48, 0.32, 0.60, 0.61, 1.00, 1.00]
Event Rate: [0.95, 0.34, 0.28, 0.37, 0.59, 0.66, 0.39, 0.45, 0.43, 0.54, 0.05, 0.31, 1.00, 1.00, 0.47, 0.31, 0.59, 0.60, 1.00, 1.00]
Event Rate: [0.96, 0.33, 0.27, 0.37, 0.58, 0.66, 0.39, 0.45, 0.43, 0.54, 0.05, 0.31, 1.00, 1.00, 0.47, 0.31, 0.59, 0.60, 1.00, 1.00]
Event Rate: [0.96, 0.34, 0.28, 0.37, 0.59, 0.66, 0.39, 0.45, 0.44, 0.54, 0.05, 0.31, 1.00, 1.00, 0.47, 0.31, 0.59, 0.61, 1.00, 1.00]
Event Rate: [0.96, 0.34, 0.27, 0.37, 0.59, 0.66, 0.39, 0.45, 0.44, 0.54, 0.05, 0.31, 1.00, 1.00, 0.47, 0.31, 0.59, 0.61, 1.00, 1.00]
Event Rate: [0.96, 0.34, 0.28, 0.38, 0.59, 0.66, 0.39, 0.45, 0.44, 0.54, 0.05, 0.31, 1.00, 1.00, 0.47, 0.31, 0.59, 0.61, 1.00, 1.00]
Event Rate: [0.96, 0.34, 0.27, 0.37, 0.58, 0.66, 0.39, 0.45, 0.44, 0.54, 0.05, 0.31, 1.00, 1.00, 0.47, 0.31, 0.59, 0.60, 1.00, 1.00]
Event Rate: [0.96, 0.34, 0.28, 0.37, 0.58, 0.66, 0.39, 0.45, 0.44, 0.54, 0.05, 0.31, 1.00, 1.00, 0.47, 0.31, 0.59, 0.60, 1.00, 1.00]
Event Rate: [0.96, 0.34, 0.28, 0.38, 0.59, 0.66, 0.39, 0.45, 0.43, 0.54, 0.05, 0.31, 1.00, 1.00, 0.47, 0.31, 0.59, 0.61, 1.00, 1.00]
Event Rate: [0.96, 0.35, 0.28, 0.38, 0.60, 0.67, 0.40, 0.45, 0.44, 0.54, 0.05, 0.31, 1.00, 1.00, 0.47, 0.31, 0.60, 0.61, 1.00, 1.00]
Event Rate: [0.96, 0.35, 0.28, 0.38, 0.59, 0.66, 0.40, 0.45, 0.44, 0.54, 0.05, 0.31, 1.00, 1.00, 0.47, 0.31, 0.60, 0.61, 1.00, 1.00]
Event Rate: [0.96, 0.34, 0.28, 0.38, 0.59, 0.67, 0.40, 0.45, 0.44, 0.54, 0.05, 0.31, 1.00, 1.00, 0.47, 0.31, 0.60, 0.61, 1.00, 1.00]
Event Rate: [0.96, 0.34, 0.28, 0.37, 0.59, 0.66, 0.39, 0.45, 0.44, 0.54, 0.05, 0.31, 1.00, 1.00, 0.47, 0.31, 0.59, 0.61, 1.00, 1.00]
Event Rate: [0.96, 0.34, 0.28, 0.37, 0.59, 0.66, 0.39, 0.45, 0.44, 0.54, 0.05, 0.31, 1.00, 1.00, 0.47, 0.31, 0.59, 0.60, 1.00, 1.00]
Event Rate: [0.96, 0.33, 0.28, 0.37, 0.58, 0.66, 0.39, 0.45, 0.44, 0.54, 0.05, 0.31, 1.00, 1.00, 0.47, 0.31, 0.59, 0.60, 1.00, 1.00]
Event Rate: [0.96, 0.35, 0.28, 0.37, 0.59, 0.66, 0.39, 0.45, 0.43, 0.54, 0.05, 0.31, 1.00, 1.00, 0.47, 0.31, 0.59, 0.61, 1.00, 1.00]
Event Rate: [0.96, 0.33, 0.28, 0.37, 0.58, 0.66, 0.39, 0.45, 0.43, 0.54, 0.05, 0.31, 1.00, 1.00, 0.47, 0.31, 0.59, 0.60, 1.00, 1.00]
Event Rate: [0.96, 0.34, 0.28, 0.37, 0.59, 0.66, 0.39, 0.45, 0.44, 0.54, 0.05, 0.31, 1.00, 1.00, 0.47, 0.31, 0.59, 0.60, 1.00, 1.00]
Event Rate: [0.96, 0.34, 0.28, 0.37, 0.59, 0.66, 0.39, 0.45, 0.44, 0.54, 0.05, 0.31, 1.00, 1.00, 0.47, 0.31, 0.59, 0.61, 1.00, 1.00]
Event Rate: [0.96, 0.34, 0.27, 0.37, 0.59, 0.66, 0.39, 0.45, 0.44, 0.54, 0.05, 0.31, 1.00, 1.00, 0.47, 0.31, 0.59, 0.61, 1.00, 1.00]
Event Rate: [0.96, 0.34, 0.28, 0.37, 0.59, 0.66, 0.39, 0.45, 0.43, 0.53, 0.05, 0.31, 1.00, 1.00, 0.47, 0.31, 0.59, 0.60, 1.00, 1.00]
Event Rate: [0.96, 0.35, 0.29, 0.38, 0.60, 0.67, 0.40, 0.45, 0.44, 0.54, 0.05, 0.31, 1.00, 1.00, 0.47, 0.31, 0.60, 0.61, 1.00, 1.00]
Event Rate: [0.96, 0.34, 0.28, 0.37, 0.59, 0.66, 0.39, 0.45, 0.44, 0.54, 0.05, 0.31, 1.00, 1.00, 0.47, 0.31, 0.59, 0.61, 1.00, 1.00]
Event Rate: [0.96, 0.34, 0.28, 0.37, 0.58, 0.66, 0.39, 0.45, 0.43, 0.54, 0.05, 0.31, 1.00, 1.00, 0.47, 0.31, 0.59, 0.61, 1.00, 1.00]
Event Rate: [0.96, 0.34, 0.28, 0.37, 0.58, 0.66, 0.39, 0.45, 0.43, 0.54, 0.05, 0.31, 1.00, 1.00, 0.47, 0.31, 0.59, 0.60, 1.00, 1.00]
Event Rate: [0.95, 0.34, 0.28, 0.37, 0.58, 0.66, 0.39, 0.45, 0.44, 0.54, 0.05, 0.31, 1.00, 1.00, 0.47, 0.31, 0.59, 0.60, 1.00, 1.00]
Event Rate: [0.96, 0.34, 0.28, 0.38, 0.59, 0.67, 0.40, 0.45, 0.44, 0.54, 0.05, 0.31, 1.00, 1.00, 0.48, 0.32, 0.60, 0.61, 1.00, 1.00]
Event Rate: [0.96, 0.35, 0.28, 0.38, 0.60, 0.67, 0.40, 0.45, 0.44, 0.54, 0.05, 0.31, 1.00, 1.00, 0.47, 0.31, 0.60, 0.61, 1.00, 1.00]
Event Rate: [0.96, 0.34, 0.28, 0.37, 0.59, 0.66, 0.39, 0.45, 0.44, 0.54, 0.05, 0.31, 1.00, 1.00, 0.47, 0.31, 0.59, 0.61, 1.00, 1.00]
Event Rate: [0.96, 0.33, 0.27, 0.37, 0.59, 0.66, 0.39, 0.45, 0.43, 0.54, 0.05, 0.31, 1.00, 1.00, 0.47, 0.31, 0.59, 0.60, 1.00, 1.00]
Event Rate: [0.95, 0.34, 0.28, 0.37, 0.59, 0.67, 0.39, 0.45, 0.44, 0.54, 0.05, 0.31, 1.00, 1.00, 0.47, 0.31, 0.60, 0.61, 1.00, 1.00]
Event Rate: [0.96, 0.35, 0.29, 0.38, 0.60, 0.67, 0.40, 0.45, 0.44, 0.54, 0.05, 0.31, 1.00, 1.00, 0.47, 0.31, 0.60, 0.61, 1.00, 1.00]
Event Rate: [0.95, 0.34, 0.28, 0.37, 0.58, 0.66, 0.39, 0.45, 0.44, 0.54, 0.05, 0.31, 1.00, 1.00, 0.47, 0.31, 0.59, 0.61, 1.00, 1.00]
Event Rate: [0.96, 0.34, 0.28, 0.37, 0.59, 0.66, 0.39, 0.45, 0.44, 0.54, 0.05, 0.31, 1.00, 1.00, 0.48, 0.32, 0.59, 0.61, 1.00, 1.00]
Event Rate: [0.96, 0.34, 0.28, 0.38, 0.59, 0.66, 0.39, 0.45, 0.44, 0.54, 0.05, 0.31, 1.00, 1.00, 0.47, 0.31, 0.60, 0.61, 1.00, 1.00]
Event Rate: [0.96, 0.33, 0.27, 0.36, 0.58, 0.66, 0.39, 0.45, 0.44, 0.54, 0.05, 0.31, 1.00, 1.00, 0.47, 0.31, 0.59, 0.60, 1.00, 1.00]
Event Rate: [0.96, 0.34, 0.28, 0.37, 0.59, 0.66, 0.39, 0.45, 0.44, 0.54, 0.05, 0.31, 1.00, 1.00, 0.47, 0.31, 0.59, 0.61, 1.00, 1.00]
Event Rate: [0.96, 0.35, 0.29, 0.38, 0.60, 0.67, 0.40, 0.45, 0.44, 0.54, 0.05, 0.31, 1.00, 1.00, 0.47, 0.31, 0.60, 0.61, 1.00, 1.00]
Event Rate: [0.96, 0.34, 0.28, 0.38, 0.58, 0.65, 0.39, 0.45, 0.43, 0.54, 0.05, 0.31, 1.00, 1.00, 0.47, 0.31, 0.59, 0.60, 1.00, 1.00]
Event Rate: [0.95, 0.34, 0.28, 0.37, 0.58, 0.66, 0.39, 0.45, 0.44, 0.54, 0.05, 0.31, 1.00, 1.00, 0.47, 0.31, 0.59, 0.61, 1.00, 1.00]
Event Rate: [0.96, 0.34, 0.28, 0.37, 0.59, 0.66, 0.39, 0.45, 0.44, 0.54, 0.05, 0.31, 1.00, 1.00, 0.47, 0.31, 0.59, 0.61, 1.00, 1.00]
Event Rate: [0.95, 0.35, 0.28, 0.38, 0.59, 0.67, 0.40, 0.45, 0.44, 0.54, 0.05, 0.31, 1.00, 1.00, 0.47, 0.31, 0.60, 0.61, 1.00, 1.00]
Event Rate: [0.96, 0.34, 0.28, 0.38, 0.59, 0.66, 0.40, 0.45, 0.44, 0.54, 0.05, 0.31, 1.00, 1.00, 0.47, 0.31, 0.60, 0.61, 1.00, 1.00]
Event Rate: [0.96, 0.34, 0.28, 0.37, 0.59, 0.66, 0.39, 0.45, 0.44, 0.54, 0.05, 0.31, 1.00, 1.00, 0.47, 0.31, 0.59, 0.61, 1.00, 1.00]
Event Rate: [0.95, 0.34, 0.27, 0.37, 0.58, 0.66, 0.39, 0.45, 0.43, 0.53, 0.05, 0.31, 1.00, 1.00, 0.46, 0.31, 0.59, 0.60, 1.00, 1.00]
Event Rate: [0.96, 0.34, 0.28, 0.38, 0.59, 0.67, 0.39, 0.45, 0.44, 0.54, 0.05, 0.31, 1.00, 1.00, 0.47, 0.32, 0.60, 0.61, 1.00, 1.00]
Event Rate: [0.96, 0.35, 0.28, 0.38, 0.59, 0.67, 0.40, 0.45, 0.44, 0.54, 0.05, 0.32, 1.00, 1.00, 0.48, 0.32, 0.60, 0.61, 1.00, 1.00]
Event Rate: [0.96, 0.33, 0.27, 0.37, 0.58, 0.65, 0.38, 0.45, 0.43, 0.54, 0.05, 0.31, 1.00, 1.00, 0.47, 0.31, 0.59, 0.60, 1.00, 1.00]
Event Rate: [0.96, 0.35, 0.29, 0.38, 0.59, 0.67, 0.40, 0.45, 0.44, 0.54, 0.05, 0.31, 1.00, 1.00, 0.48, 0.32, 0.60, 0.61, 1.00, 1.00]
Event Rate: [0.96, 0.34, 0.28, 0.37, 0.58, 0.66, 0.39, 0.45, 0.43, 0.53, 0.05, 0.31, 1.00, 1.00, 0.47, 0.31, 0.59, 0.61, 1.00, 1.00]
Event Rate: [0.96, 0.35, 0.29, 0.38, 0.59, 0.67, 0.40, 0.45, 0.44, 0.54, 0.05, 0.32, 1.00, 1.00, 0.48, 0.32, 0.60, 0.61, 1.00, 1.00]
Event Rate: [0.96, 0.34, 0.27, 0.37, 0.59, 0.66, 0.39, 0.45, 0.43, 0.54, 0.05, 0.31, 1.00, 1.00, 0.47, 0.31, 0.59, 0.60, 1.00, 1.00]
Event Rate: [0.96, 0.35, 0.28, 0.38, 0.60, 0.67, 0.40, 0.45, 0.44, 0.54, 0.05, 0.31, 1.00, 1.00, 0.48, 0.32, 0.60, 0.61, 1.00, 1.00]
Event Rate: [0.95, 0.34, 0.28, 0.37, 0.59, 0.66, 0.39, 0.45, 0.44, 0.54, 0.05, 0.31, 1.00, 1.00, 0.47, 0.31, 0.59, 0.61, 1.00, 1.00]
Event Rate: [0.96, 0.34, 0.28, 0.37, 0.59, 0.66, 0.39, 0.45, 0.44, 0.54, 0.05, 0.31, 1.00, 1.00, 0.47, 0.31, 0.59, 0.61, 1.00, 1.00]
Event Rate: [0.96, 0.34, 0.28, 0.38, 0.59, 0.66, 0.39, 0.45, 0.43, 0.53, 0.05, 0.31, 1.00, 1.00, 0.47, 0.31, 0.59, 0.61, 1.00, 1.00]
Event Rate: [0.96, 0.34, 0.28, 0.37, 0.59, 0.67, 0.39, 0.45, 0.44, 0.54, 0.05, 0.31, 1.00, 1.00, 0.47, 0.31, 0.59, 0.61, 1.00, 1.00]
Event Rate: [0.96, 0.35, 0.28, 0.38, 0.59, 0.67, 0.40, 0.45, 0.44, 0.54, 0.05, 0.31, 1.00, 1.00, 0.47, 0.31, 0.60, 0.61, 1.00, 1.00]
Event Rate: [0.96, 0.34, 0.28, 0.37, 0.59, 0.66, 0.39, 0.45, 0.44, 0.54, 0.05, 0.31, 1.00, 1.00, 0.47, 0.31, 0.59, 0.61, 1.00, 1.00]
Event Rate: [0.96, 0.35, 0.28, 0.38, 0.59, 0.67, 0.39, 0.45, 0.44, 0.54, 0.05, 0.31, 1.00, 1.00, 0.47, 0.31, 0.59, 0.61, 1.00, 1.00]
Event Rate: [0.95, 0.33, 0.27, 0.36, 0.58, 0.65, 0.38, 0.44, 0.43, 0.54, 0.05, 0.31, 1.00, 1.00, 0.46, 0.31, 0.58, 0.60, 1.00, 1.00]
Event Rate: [0.96, 0.33, 0.27, 0.37, 0.58, 0.65, 0.38, 0.44, 0.43, 0.54, 0.05, 0.31, 1.00, 1.00, 0.47, 0.31, 0.58, 0.60, 1.00, 1.00]
Event Rate: [0.96, 0.34, 0.28, 0.38, 0.59, 0.66, 0.39, 0.45, 0.44, 0.54, 0.05, 0.31, 1.00, 1.00, 0.47, 0.31, 0.60, 0.61, 1.00, 1.00]
Event Rate: [0.96, 0.34, 0.28, 0.37, 0.59, 0.66, 0.39, 0.45, 0.44, 0.54, 0.05, 0.31, 1.00, 1.00, 0.47, 0.31, 0.59, 0.61, 1.00, 1.00]
Event Rate: [0.96, 0.34, 0.28, 0.37, 0.59, 0.66, 0.39, 0.45, 0.43, 0.54, 0.05, 0.31, 1.00, 1.00, 0.47, 0.31, 0.59, 0.61, 1.00, 1.00]
Event Rate: [0.96, 0.34, 0.28, 0.37, 0.58, 0.66, 0.39, 0.45, 0.44, 0.54, 0.05, 0.31, 1.00, 1.00, 0.47, 0.31, 0.59, 0.61, 1.00, 1.00]
Event Rate: [0.96, 0.34, 0.28, 0.37, 0.59, 0.66, 0.39, 0.45, 0.44, 0.54, 0.05, 0.31, 1.00, 1.00, 0.47, 0.31, 0.59, 0.61, 1.00, 1.00]
Event Rate: [0.96, 0.35, 0.28, 0.38, 0.60, 0.67, 0.40, 0.45, 0.44, 0.54, 0.05, 0.31, 1.00, 1.00, 0.47, 0.31, 0.60, 0.61, 1.00, 1.00]
Event Rate: [0.96, 0.34, 0.28, 0.38, 0.59, 0.66, 0.39, 0.45, 0.44, 0.54, 0.05, 0.31, 1.00, 1.00, 0.47, 0.31, 0.59, 0.61, 1.00, 1.00]
Event Rate: [0.96, 0.34, 0.28, 0.37, 0.59, 0.66, 0.39, 0.45, 0.44, 0.54, 0.05, 0.31, 1.00, 1.00, 0.47, 0.31, 0.59, 0.61, 1.00, 1.00]
Event Rate: [0.96, 0.35, 0.28, 0.38, 0.59, 0.66, 0.39, 0.45, 0.44, 0.54, 0.05, 0.31, 1.00, 1.00, 0.47, 0.31, 0.59, 0.61, 1.00, 1.00]
Event Rate: [0.95, 0.34, 0.28, 0.37, 0.58, 0.66, 0.39, 0.45, 0.43, 0.54, 0.05, 0.31, 1.00, 1.00, 0.47, 0.31, 0.59, 0.60, 1.00, 1.00]
Event Rate: [0.96, 0.34, 0.28, 0.37, 0.59, 0.66, 0.39, 0.45, 0.43, 0.54, 0.05, 0.31, 1.00, 1.00, 0.47, 0.31, 0.59, 0.61, 1.00, 1.00]
Event Rate: [0.96, 0.34, 0.29, 0.38, 0.59, 0.66, 0.40, 0.45, 0.44, 0.54, 0.05, 0.31, 1.00, 1.00, 0.48, 0.32, 0.60, 0.61, 1.00, 1.00]
Event Rate: [0.96, 0.34, 0.28, 0.37, 0.59, 0.66, 0.39, 0.45, 0.44, 0.54, 0.05, 0.31, 1.00, 1.00, 0.47, 0.31, 0.59, 0.61, 1.00, 1.00]
Event Rate: [0.96, 0.34, 0.28, 0.37, 0.59, 0.66, 0.39, 0.45, 0.44, 0.54, 0.05, 0.31, 1.00, 1.00, 0.47, 0.31, 0.59, 0.61, 1.00, 1.00]
Event Rate: [0.96, 0.35, 0.29, 0.38, 0.59, 0.67, 0.40, 0.45, 0.44, 0.54, 0.05, 0.31, 1.00, 1.00, 0.48, 0.32, 0.60, 0.61, 1.00, 1.00]
Event Rate: [0.96, 0.34, 0.28, 0.37, 0.58, 0.66, 0.39, 0.45, 0.44, 0.54, 0.05, 0.31, 1.00, 1.00, 0.47, 0.31, 0.59, 0.60, 1.00, 1.00]
Event Rate: [0.96, 0.35, 0.29, 0.38, 0.59, 0.66, 0.40, 0.45, 0.44, 0.54, 0.05, 0.31, 1.00, 1.00, 0.47, 0.31, 0.60, 0.61, 1.00, 1.00]
Event Rate: [0.95, 0.34, 0.28, 0.37, 0.58, 0.66, 0.39, 0.45, 0.43, 0.54, 0.05, 0.31, 1.00, 1.00, 0.47, 0.31, 0.59, 0.60, 1.00, 1.00]
Event Rate: [0.96, 0.33, 0.27, 0.37, 0.58, 0.66, 0.39, 0.45, 0.43, 0.54, 0.05, 0.31, 1.00, 1.00, 0.47, 0.31, 0.59, 0.60, 1.00, 1.00]
Event Rate: [0.95, 0.34, 0.28, 0.37, 0.59, 0.66, 0.39, 0.45, 0.44, 0.54, 0.05, 0.31, 1.00, 1.00, 0.47, 0.31, 0.59, 0.61, 1.00, 1.00]
Event Rate: [0.96, 0.34, 0.28, 0.37, 0.59, 0.66, 0.39, 0.45, 0.44, 0.54, 0.05, 0.31, 1.00, 1.00, 0.47, 0.31, 0.59, 0.61, 1.00, 1.00]
Event Rate: [0.96, 0.34, 0.28, 0.38, 0.59, 0.66, 0.39, 0.45, 0.44, 0.54, 0.05, 0.31, 1.00, 1.00, 0.47, 0.31, 0.60, 0.61, 1.00, 1.00]
Event Rate: [0.96, 0.35, 0.28, 0.38, 0.59, 0.67, 0.39, 0.45, 0.44, 0.54, 0.05, 0.31, 1.00, 1.00, 0.47, 0.31, 0.60, 0.61, 1.00, 1.00]
Event Rate: [0.96, 0.34, 0.28, 0.37, 0.59, 0.66, 0.39, 0.45, 0.43, 0.53, 0.05, 0.31, 1.00, 1.00, 0.47, 0.31, 0.59, 0.61, 1.00, 1.00]
Event Rate: [0.96, 0.34, 0.28, 0.37, 0.59, 0.66, 0.39, 0.45, 0.44, 0.54, 0.05, 0.31, 1.00, 1.00, 0.47, 0.31, 0.59, 0.61, 1.00, 1.00]
Event Rate: [0.96, 0.35, 0.28, 0.38, 0.59, 0.66, 0.39, 0.45, 0.43, 0.53, 0.05, 0.31, 1.00, 1.00, 0.47, 0.31, 0.59, 0.61, 1.00, 1.00]
Event Rate: [0.96, 0.34, 0.28, 0.37, 0.59, 0.66, 0.39, 0.45, 0.43, 0.54, 0.05, 0.31, 1.00, 1.00, 0.47, 0.31, 0.59, 0.61, 1.00, 1.00]
Event Rate: [0.96, 0.35, 0.28, 0.38, 0.59, 0.66, 0.39, 0.45, 0.44, 0.54, 0.05, 0.31, 1.00, 1.00, 0.48, 0.31, 0.59, 0.61, 1.00, 1.00]
Event Rate: [0.96, 0.35, 0.29, 0.38, 0.60, 0.67, 0.40, 0.45, 0.44, 0.54, 0.05, 0.31, 1.00, 1.00, 0.47, 0.31, 0.60, 0.61, 1.00, 1.00]
Event Rate: [0.96, 0.35, 0.28, 0.38, 0.59, 0.66, 0.40, 0.45, 0.44, 0.54, 0.05, 0.31, 1.00, 1.00, 0.47, 0.31, 0.60, 0.61, 1.00, 1.00]
Event Rate: [0.96, 0.34, 0.28, 0.38, 0.59, 0.67, 0.40, 0.45, 0.44, 0.54, 0.05, 0.32, 1.00, 1.00, 0.48, 0.32, 0.60, 0.61, 1.00, 1.00]
Event Rate: [0.96, 0.34, 0.28, 0.38, 0.59, 0.66, 0.40, 0.45, 0.44, 0.54, 0.05, 0.31, 1.00, 1.00, 0.48, 0.31, 0.59, 0.61, 1.00, 1.00]
Event Rate: [0.95, 0.33, 0.28, 0.37, 0.58, 0.65, 0.38, 0.45, 0.43, 0.54, 0.05, 0.31, 1.00, 1.00, 0.47, 0.31, 0.58, 0.60, 1.00, 1.00]
Event Rate: [0.95, 0.35, 0.29, 0.38, 0.60, 0.67, 0.40, 0.45, 0.44, 0.54, 0.05, 0.31, 1.00, 1.00, 0.48, 0.32, 0.60, 0.61, 1.00, 1.00]
Event Rate: [0.95, 0.33, 0.27, 0.37, 0.59, 0.66, 0.39, 0.45, 0.43, 0.54, 0.05, 0.31, 1.00, 1.00, 0.47, 0.31, 0.59, 0.60, 1.00, 1.00]
Event Rate: [0.96, 0.34, 0.28, 0.37, 0.59, 0.66, 0.39, 0.45, 0.43, 0.54, 0.05, 0.31, 1.00, 1.00, 0.47, 0.31, 0.59, 0.61, 1.00, 1.00]
Event Rate: [0.96, 0.35, 0.29, 0.38, 0.59, 0.66, 0.40, 0.45, 0.44, 0.54, 0.05, 0.31, 1.00, 1.00, 0.47, 0.31, 0.60, 0.61, 1.00, 1.00]
Event Rate: [0.96, 0.33, 0.27, 0.37, 0.58, 0.66, 0.39, 0.45, 0.43, 0.53, 0.05, 0.31, 1.00, 1.00, 0.46, 0.31, 0.59, 0.60, 1.00, 1.00]
Event Rate: [0.96, 0.35, 0.28, 0.38, 0.59, 0.66, 0.40, 0.45, 0.44, 0.54, 0.05, 0.31, 1.00, 1.00, 0.47, 0.31, 0.60, 0.61, 1.00, 1.00]
Event Rate: [0.96, 0.34, 0.27, 0.37, 0.59, 0.66, 0.39, 0.45, 0.44, 0.54, 0.05, 0.31, 1.00, 1.00, 0.47, 0.31, 0.59, 0.61, 1.00, 1.00]
Event Rate: [0.96, 0.33, 0.27, 0.36, 0.57, 0.65, 0.38, 0.45, 0.43, 0.54, 0.05, 0.31, 1.00, 1.00, 0.47, 0.31, 0.58, 0.60, 1.00, 1.00]
Event Rate: [0.96, 0.34, 0.28, 0.37, 0.59, 0.66, 0.39, 0.45, 0.44, 0.54, 0.05, 0.31, 1.00, 1.00, 0.47, 0.31, 0.59, 0.61, 1.00, 1.00]
Event Rate: [0.96, 0.34, 0.28, 0.37, 0.59, 0.66, 0.39, 0.45, 0.43, 0.54, 0.05, 0.31, 1.00, 1.00, 0.47, 0.31, 0.59, 0.60, 1.00, 1.00]
Event Rate: [0.96, 0.33, 0.27, 0.36, 0.58, 0.65, 0.38, 0.45, 0.43, 0.54, 0.05, 0.31, 1.00, 1.00, 0.47, 0.31, 0.59, 0.60, 1.00, 1.00]
Event Rate: [0.96, 0.34, 0.28, 0.37, 0.59, 0.66, 0.39, 0.45, 0.44, 0.54, 0.05, 0.31, 1.00, 1.00, 0.47, 0.31, 0.59, 0.61, 1.00, 1.00]
Event Rate: [0.96, 0.34, 0.27, 0.37, 0.58, 0.66, 0.38, 0.44, 0.43, 0.53, 0.05, 0.31, 1.00, 1.00, 0.46, 0.31, 0.59, 0.60, 1.00, 1.00]
Event Rate: [0.96, 0.35, 0.28, 0.38, 0.59, 0.67, 0.40, 0.45, 0.44, 0.54, 0.05, 0.31, 1.00, 1.00, 0.48, 0.31, 0.60, 0.61, 1.00, 1.00]
Event Rate: [0.96, 0.35, 0.29, 0.38, 0.60, 0.67, 0.40, 0.45, 0.44, 0.54, 0.05, 0.31, 1.00, 1.00, 0.47, 0.32, 0.60, 0.61, 1.00, 1.00]
Event Rate: [0.96, 0.33, 0.28, 0.37, 0.58, 0.66, 0.39, 0.45, 0.44, 0.54, 0.05, 0.31, 1.00, 1.00, 0.47, 0.31, 0.59, 0.60, 1.00, 1.00]
Event Rate: [0.96, 0.35, 0.29, 0.38, 0.59, 0.66, 0.40, 0.45, 0.44, 0.54, 0.05, 0.31, 1.00, 1.00, 0.48, 0.32, 0.60, 0.61, 1.00, 1.00]
Event Rate: [0.96, 0.34, 0.28, 0.38, 0.59, 0.66, 0.39, 0.45, 0.44, 0.54, 0.05, 0.31, 1.00, 1.00, 0.47, 0.31, 0.59, 0.61, 1.00, 1.00]
Event Rate: [0.96, 0.33, 0.27, 0.37, 0.58, 0.66, 0.39, 0.45, 0.43, 0.54, 0.05, 0.31, 1.00, 1.00, 0.47, 0.31, 0.59, 0.60, 1.00, 1.00]
Event Rate: [0.96, 0.34, 0.28, 0.37, 0.59, 0.66, 0.39, 0.45, 0.44, 0.54, 0.05, 0.31, 1.00, 1.00, 0.47, 0.31, 0.59, 0.61, 1.00, 1.00]
Event Rate: [0.96, 0.34, 0.28, 0.38, 0.59, 0.66, 0.40, 0.45, 0.44, 0.54, 0.05, 0.31, 1.00, 1.00, 0.48, 0.32, 0.60, 0.61, 1.00, 1.00]
Event Rate: [0.96, 0.34, 0.28, 0.38, 0.59, 0.67, 0.39, 0.45, 0.44, 0.54, 0.05, 0.31, 1.00, 1.00, 0.47, 0.31, 0.60, 0.61, 1.00, 1.00]
Event Rate: [0.96, 0.34, 0.28, 0.37, 0.59, 0.66, 0.39, 0.45, 0.44, 0.54, 0.05, 0.31, 1.00, 1.00, 0.47, 0.31, 0.59, 0.61, 1.00, 1.00]
Event Rate: [0.96, 0.34, 0.28, 0.38, 0.59, 0.66, 0.39, 0.45, 0.44, 0.54, 0.05, 0.31, 1.00, 1.00, 0.47, 0.31, 0.59, 0.61, 1.00, 1.00]
Event Rate: [0.96, 0.35, 0.28, 0.38, 0.59, 0.67, 0.40, 0.45, 0.44, 0.54, 0.05, 0.31, 1.00, 1.00, 0.47, 0.31, 0.60, 0.61, 1.00, 1.00]
Event Rate: [0.96, 0.33, 0.27, 0.37, 0.58, 0.66, 0.39, 0.45, 0.43, 0.54, 0.05, 0.31, 1.00, 1.00, 0.47, 0.31, 0.59, 0.60, 1.00, 1.00]
Event Rate: [0.95, 0.34, 0.28, 0.37, 0.59, 0.66, 0.39, 0.45, 0.43, 0.54, 0.05, 0.31, 1.00, 1.00, 0.47, 0.31, 0.59, 0.61, 1.00, 1.00]
Event Rate: [0.96, 0.34, 0.28, 0.37, 0.58, 0.66, 0.39, 0.45, 0.43, 0.54, 0.05, 0.31, 1.00, 1.00, 0.47, 0.31, 0.59, 0.60, 1.00, 1.00]
Event Rate: [0.96, 0.35, 0.28, 0.38, 0.60, 0.67, 0.40, 0.45, 0.44, 0.54, 0.05, 0.31, 1.00, 1.00, 0.48, 0.32, 0.60, 0.61, 1.00, 1.00]
Event Rate: [0.95, 0.34, 0.28, 0.37, 0.59, 0.66, 0.39, 0.45, 0.43, 0.54, 0.05, 0.31, 1.00, 1.00, 0.47, 0.31, 0.59, 0.61, 1.00, 1.00]
Event Rate: [0.96, 0.33, 0.27, 0.37, 0.58, 0.66, 0.39, 0.45, 0.44, 0.54, 0.05, 0.31, 1.00, 1.00, 0.47, 0.31, 0.59, 0.60, 1.00, 1.00]
Event Rate: [0.96, 0.34, 0.28, 0.37, 0.59, 0.66, 0.39, 0.45, 0.44, 0.54, 0.05, 0.31, 1.00, 1.00, 0.48, 0.32, 0.60, 0.61, 1.00, 1.00]
Event Rate: [0.95, 0.33, 0.27, 0.37, 0.58, 0.65, 0.39, 0.44, 0.43, 0.54, 0.05, 0.31, 1.00, 1.00, 0.47, 0.31, 0.59, 0.60, 1.00, 1.00]
Event Rate: [0.96, 0.34, 0.28, 0.37, 0.59, 0.66, 0.39, 0.45, 0.43, 0.54, 0.05, 0.31, 1.00, 1.00, 0.47, 0.31, 0.59, 0.60, 1.00, 1.00]
Event Rate: [0.96, 0.34, 0.28, 0.37, 0.59, 0.66, 0.39, 0.45, 0.44, 0.54, 0.05, 0.31, 1.00, 1.00, 0.47, 0.31, 0.59, 0.61, 1.00, 1.00]
Event Rate: [0.96, 0.34, 0.28, 0.38, 0.59, 0.66, 0.39, 0.45, 0.43, 0.53, 0.05, 0.31, 1.00, 1.00, 0.47, 0.31, 0.59, 0.61, 1.00, 1.00]
Event Rate: [0.96, 0.34, 0.28, 0.37, 0.58, 0.66, 0.39, 0.45, 0.43, 0.54, 0.05, 0.31, 1.00, 1.00, 0.47, 0.31, 0.59, 0.60, 1.00, 1.00]
Event Rate: [0.96, 0.34, 0.28, 0.37, 0.59, 0.66, 0.39, 0.45, 0.44, 0.54, 0.05, 0.31, 1.00, 1.00, 0.47, 0.31, 0.59, 0.61, 1.00, 1.00]
Event Rate: [0.96, 0.34, 0.28, 0.38, 0.59, 0.66, 0.39, 0.45, 0.43, 0.53, 0.05, 0.31, 1.00, 1.00, 0.47, 0.31, 0.59, 0.61, 1.00, 1.00]
Event Rate: [0.96, 0.34, 0.28, 0.38, 0.59, 0.66, 0.39, 0.45, 0.43, 0.54, 0.05, 0.31, 1.00, 1.00, 0.47, 0.31, 0.59, 0.61, 1.00, 1.00]
Event Rate: [0.96, 0.34, 0.28, 0.37, 0.59, 0.66, 0.39, 0.45, 0.44, 0.54, 0.05, 0.31, 1.00, 1.00, 0.47, 0.31, 0.59, 0.61, 1.00, 1.00]
Event Rate: [0.96, 0.35, 0.28, 0.38, 0.59, 0.66, 0.39, 0.45, 0.44, 0.54, 0.05, 0.31, 1.00, 1.00, 0.47, 0.31, 0.60, 0.61, 1.00, 1.00]
Event Rate: [0.96, 0.33, 0.27, 0.37, 0.58, 0.66, 0.39, 0.45, 0.43, 0.54, 0.05, 0.31, 1.00, 1.00, 0.47, 0.31, 0.59, 0.60, 1.00, 1.00]
Event Rate: [0.96, 0.34, 0.28, 0.37, 0.59, 0.66, 0.39, 0.45, 0.44, 0.54, 0.05, 0.31, 1.00, 1.00, 0.47, 0.31, 0.59, 0.61, 1.00, 1.00]
Event Rate: [0.96, 0.34, 0.27, 0.37, 0.58, 0.66, 0.39, 0.45, 0.43, 0.53, 0.05, 0.31, 1.00, 1.00, 0.46, 0.31, 0.59, 0.61, 1.00, 1.00]
Event Rate: [0.96, 0.33, 0.28, 0.37, 0.58, 0.66, 0.39, 0.45, 0.44, 0.54, 0.05, 0.31, 1.00, 1.00, 0.47, 0.31, 0.59, 0.60, 1.00, 1.00]
Event Rate: [0.96, 0.34, 0.28, 0.37, 0.58, 0.66, 0.39, 0.45, 0.44, 0.54, 0.05, 0.31, 1.00, 1.00, 0.47, 0.31, 0.59, 0.60, 1.00, 1.00]
Event Rate: [0.95, 0.34, 0.28, 0.37, 0.59, 0.66, 0.39, 0.45, 0.44, 0.54, 0.05, 0.31, 1.00, 1.00, 0.47, 0.31, 0.59, 0.61, 1.00, 1.00]
Event Rate: [0.96, 0.34, 0.28, 0.37, 0.59, 0.66, 0.39, 0.45, 0.43, 0.54, 0.05, 0.31, 1.00, 1.00, 0.47, 0.31, 0.59, 0.60, 1.00, 1.00]
Event Rate: [0.96, 0.34, 0.28, 0.37, 0.59, 0.66, 0.39, 0.45, 0.44, 0.54, 0.05, 0.31, 1.00, 1.00, 0.47, 0.31, 0.60, 0.61, 1.00, 1.00]
Event Rate: [0.96, 0.34, 0.28, 0.37, 0.59, 0.66, 0.39, 0.45, 0.44, 0.54, 0.05, 0.31, 1.00, 1.00, 0.47, 0.31, 0.60, 0.61, 1.00, 1.00]
Event Rate: [0.96, 0.35, 0.28, 0.37, 0.59, 0.67, 0.39, 0.45, 0.44, 0.54, 0.05, 0.31, 1.00, 1.00, 0.47, 0.31, 0.59, 0.61, 1.00, 1.00]
Event Rate: [0.96, 0.34, 0.28, 0.38, 0.59, 0.66, 0.39, 0.45, 0.43, 0.54, 0.05, 0.31, 1.00, 1.00, 0.47, 0.31, 0.59, 0.61, 1.00, 1.00]
Event Rate: [0.96, 0.33, 0.27, 0.37, 0.58, 0.66, 0.39, 0.45, 0.43, 0.54, 0.05, 0.31, 1.00, 1.00, 0.47, 0.31, 0.59, 0.60, 1.00, 1.00]
Event Rate: [0.96, 0.34, 0.28, 0.38, 0.59, 0.67, 0.39, 0.45, 0.44, 0.54, 0.05, 0.31, 1.00, 1.00, 0.47, 0.31, 0.60, 0.61, 1.00, 1.00]
Event Rate: [0.96, 0.34, 0.28, 0.37, 0.59, 0.66, 0.39, 0.45, 0.44, 0.54, 0.05, 0.31, 1.00, 1.00, 0.47, 0.31, 0.59, 0.61, 1.00, 1.00]
Event Rate: [0.95, 0.34, 0.28, 0.37, 0.59, 0.66, 0.39, 0.45, 0.43, 0.54, 0.05, 0.31, 1.00, 1.00, 0.47, 0.31, 0.59, 0.61, 1.00, 1.00]
Event Rate: [0.96, 0.35, 0.29, 0.38, 0.60, 0.67, 0.40, 0.45, 0.44, 0.54, 0.05, 0.31, 1.00, 1.00, 0.48, 0.32, 0.60, 0.62, 1.00, 1.00]
Event Rate: [0.96, 0.34, 0.28, 0.38, 0.59, 0.66, 0.39, 0.45, 0.44, 0.54, 0.05, 0.31, 1.00, 1.00, 0.47, 0.31, 0.59, 0.61, 1.00, 1.00]
Event Rate: [0.96, 0.34, 0.28, 0.37, 0.59, 0.66, 0.39, 0.45, 0.44, 0.54, 0.05, 0.31, 1.00, 1.00, 0.48, 0.31, 0.59, 0.61, 1.00, 1.00]
Event Rate: [0.96, 0.34, 0.28, 0.38, 0.59, 0.66, 0.39, 0.45, 0.43, 0.54, 0.05, 0.31, 1.00, 1.00, 0.47, 0.31, 0.59, 0.61, 1.00, 1.00]
Event Rate: [0.96, 0.34, 0.28, 0.37, 0.59, 0.66, 0.39, 0.45, 0.43, 0.54, 0.05, 0.31, 1.00, 1.00, 0.47, 0.31, 0.59, 0.61, 1.00, 1.00]
Event Rate: [0.96, 0.34, 0.28, 0.37, 0.59, 0.66, 0.39, 0.45, 0.44, 0.54, 0.05, 0.31, 1.00, 1.00, 0.47, 0.31, 0.59, 0.61, 1.00, 1.00]
Event Rate: [0.96, 0.34, 0.28, 0.37, 0.59, 0.66, 0.39, 0.45, 0.43, 0.54, 0.05, 0.31, 1.00, 1.00, 0.47, 0.31, 0.59, 0.61, 1.00, 1.00]
Event Rate: [0.96, 0.34, 0.28, 0.37, 0.59, 0.67, 0.39, 0.45, 0.44, 0.54, 0.05, 0.31, 1.00, 1.00, 0.47, 0.31, 0.59, 0.61, 1.00, 1.00]
Event Rate: [0.96, 0.34, 0.28, 0.37, 0.59, 0.67, 0.39, 0.45, 0.44, 0.54, 0.05, 0.31, 1.00, 1.00, 0.48, 0.32, 0.60, 0.61, 1.00, 1.00]
Event Rate: [0.96, 0.34, 0.28, 0.38, 0.59, 0.66, 0.39, 0.45, 0.44, 0.54, 0.05, 0.31, 1.00, 1.00, 0.47, 0.32, 0.59, 0.61, 1.00, 1.00]
Event Rate: [0.96, 0.35, 0.28, 0.38, 0.60, 0.67, 0.40, 0.45, 0.44, 0.54, 0.05, 0.31, 1.00, 1.00, 0.47, 0.31, 0.60, 0.61, 1.00, 1.00]
Event Rate: [0.96, 0.33, 0.27, 0.37, 0.58, 0.66, 0.39, 0.45, 0.44, 0.54, 0.05, 0.31, 1.00, 1.00, 0.47, 0.31, 0.59, 0.60, 1.00, 1.00]
Event Rate: [0.96, 0.34, 0.28, 0.38, 0.59, 0.66, 0.39, 0.45, 0.44, 0.54, 0.05, 0.31, 1.00, 1.00, 0.47, 0.31, 0.59, 0.61, 1.00, 1.00]
Event Rate: [0.96, 0.34, 0.28, 0.37, 0.58, 0.66, 0.39, 0.45, 0.43, 0.54, 0.05, 0.31, 1.00, 1.00, 0.47, 0.31, 0.59, 0.61, 1.00, 1.00]
Event Rate: [0.96, 0.34, 0.27, 0.37, 0.59, 0.66, 0.39, 0.45, 0.43, 0.54, 0.05, 0.31, 1.00, 1.00, 0.47, 0.31, 0.59, 0.61, 1.00, 1.00]
Event Rate: [0.96, 0.34, 0.28, 0.37, 0.59, 0.66, 0.39, 0.45, 0.44, 0.54, 0.05, 0.31, 1.00, 1.00, 0.47, 0.31, 0.59, 0.61, 1.00, 1.00]
Event Rate: [0.96, 0.34, 0.28, 0.37, 0.59, 0.66, 0.39, 0.45, 0.43, 0.54, 0.05, 0.31, 1.00, 1.00, 0.47, 0.31, 0.59, 0.60, 1.00, 1.00]
Event Rate: [0.96, 0.34, 0.28, 0.38, 0.59, 0.66, 0.39, 0.45, 0.44, 0.54, 0.05, 0.31, 1.00, 1.00, 0.47, 0.31, 0.59, 0.61, 1.00, 1.00]
Event Rate: [0.96, 0.34, 0.28, 0.37, 0.59, 0.66, 0.39, 0.45, 0.44, 0.54, 0.05, 0.31, 1.00, 1.00, 0.47, 0.31, 0.59, 0.61, 1.00, 1.00]
Event Rate: [0.96, 0.33, 0.27, 0.37, 0.58, 0.66, 0.39, 0.45, 0.43, 0.54, 0.05, 0.31, 1.00, 1.00, 0.47, 0.31, 0.59, 0.60, 1.00, 1.00]
Event Rate: [0.95, 0.34, 0.28, 0.38, 0.60, 0.67, 0.40, 0.45, 0.44, 0.54, 0.05, 0.31, 1.00, 1.00, 0.48, 0.32, 0.60, 0.61, 1.00, 1.00]
Event Rate: [0.95, 0.34, 0.27, 0.37, 0.58, 0.65, 0.39, 0.45, 0.43, 0.54, 0.05, 0.31, 1.00, 1.00, 0.47, 0.31, 0.59, 0.60, 1.00, 1.00]
Event Rate: [0.96, 0.33, 0.27, 0.36, 0.58, 0.66, 0.39, 0.45, 0.43, 0.53, 0.05, 0.31, 1.00, 1.00, 0.47, 0.31, 0.59, 0.60, 1.00, 1.00]
Event Rate: [0.96, 0.34, 0.28, 0.37, 0.59, 0.66, 0.39, 0.45, 0.44, 0.54, 0.05, 0.31, 1.00, 1.00, 0.47, 0.31, 0.59, 0.61, 1.00, 1.00]
Event Rate: [0.96, 0.34, 0.28, 0.37, 0.59, 0.66, 0.39, 0.45, 0.44, 0.54, 0.05, 0.31, 1.00, 1.00, 0.47, 0.31, 0.59, 0.61, 1.00, 1.00]
Event Rate: [0.95, 0.33, 0.28, 0.37, 0.58, 0.66, 0.39, 0.45, 0.43, 0.53, 0.05, 0.31, 1.00, 1.00, 0.47, 0.31, 0.59, 0.60, 1.00, 1.00]
Event Rate: [0.95, 0.35, 0.28, 0.38, 0.59, 0.67, 0.40, 0.45, 0.44, 0.54, 0.05, 0.31, 1.00, 1.00, 0.48, 0.32, 0.60, 0.61, 1.00, 1.00]
Event Rate: [0.96, 0.35, 0.29, 0.38, 0.60, 0.67, 0.40, 0.45, 0.44, 0.54, 0.05, 0.31, 1.00, 1.00, 0.47, 0.31, 0.60, 0.61, 1.00, 1.00]
Event Rate: [0.96, 0.33, 0.28, 0.37, 0.58, 0.66, 0.39, 0.45, 0.43, 0.54, 0.05, 0.31, 1.00, 1.00, 0.47, 0.31, 0.59, 0.60, 1.00, 1.00]
Event Rate: [0.96, 0.35, 0.28, 0.38, 0.59, 0.66, 0.40, 0.45, 0.44, 0.54, 0.05, 0.31, 1.00, 1.00, 0.47, 0.31, 0.60, 0.61, 1.00, 1.00]
Event Rate: [0.96, 0.34, 0.28, 0.37, 0.59, 0.66, 0.39, 0.45, 0.44, 0.54, 0.05, 0.31, 1.00, 1.00, 0.47, 0.31, 0.59, 0.61, 1.00, 1.00]
Event Rate: [0.96, 0.34, 0.28, 0.37, 0.58, 0.66, 0.39, 0.45, 0.43, 0.53, 0.05, 0.31, 1.00, 1.00, 0.47, 0.31, 0.59, 0.60, 1.00, 1.00]
Event Rate: [0.96, 0.34, 0.28, 0.37, 0.59, 0.66, 0.39, 0.45, 0.44, 0.54, 0.05, 0.31, 1.00, 1.00, 0.47, 0.31, 0.59, 0.61, 1.00, 1.00]
Event Rate: [0.96, 0.33, 0.28, 0.37, 0.58, 0.66, 0.39, 0.45, 0.43, 0.54, 0.05, 0.31, 1.00, 1.00, 0.47, 0.31, 0.59, 0.60, 1.00, 1.00]
Event Rate: [0.96, 0.35, 0.28, 0.38, 0.60, 0.67, 0.40, 0.45, 0.44, 0.54, 0.05, 0.31, 1.00, 1.00, 0.48, 0.32, 0.60, 0.61, 1.00, 1.00]
Event Rate: [0.96, 0.34, 0.28, 0.38, 0.59, 0.66, 0.39, 0.45, 0.44, 0.54, 0.05, 0.31, 1.00, 1.00, 0.47, 0.31, 0.59, 0.61, 1.00, 1.00]
Event Rate: [0.95, 0.34, 0.28, 0.37, 0.59, 0.66, 0.39, 0.45, 0.43, 0.54, 0.05, 0.31, 1.00, 1.00, 0.47, 0.31, 0.59, 0.61, 1.00, 1.00]
Event Rate: [0.96, 0.34, 0.28, 0.37, 0.58, 0.66, 0.39, 0.45, 0.44, 0.54, 0.05, 0.31, 1.00, 1.00, 0.47, 0.31, 0.59, 0.60, 1.00, 1.00]
Event Rate: [0.96, 0.34, 0.28, 0.37, 0.58, 0.66, 0.39, 0.45, 0.43, 0.54, 0.05, 0.31, 1.00, 1.00, 0.47, 0.31, 0.59, 0.60, 1.00, 1.00]
Event Rate: [0.96, 0.34, 0.28, 0.37, 0.58, 0.66, 0.39, 0.45, 0.43, 0.54, 0.05, 0.31, 1.00, 1.00, 0.47, 0.31, 0.59, 0.60, 1.00, 1.00]
Event Rate: [0.96, 0.35, 0.28, 0.38, 0.60, 0.67, 0.40, 0.45, 0.44, 0.54, 0.05, 0.31, 1.00, 1.00, 0.48, 0.32, 0.60, 0.62, 1.00, 1.00]
Event Rate: [0.96, 0.34, 0.27, 0.37, 0.58, 0.66, 0.39, 0.45, 0.44, 0.54, 0.05, 0.31, 1.00, 1.00, 0.47, 0.31, 0.59, 0.60, 1.00, 1.00]
Event Rate: [0.96, 0.34, 0.28, 0.38, 0.59, 0.66, 0.39, 0.45, 0.43, 0.54, 0.05, 0.31, 1.00, 1.00, 0.47, 0.31, 0.59, 0.61, 1.00, 1.00]
Event Rate: [0.95, 0.34, 0.28, 0.37, 0.59, 0.66, 0.39, 0.45, 0.44, 0.54, 0.05, 0.31, 1.00, 1.00, 0.47, 0.31, 0.59, 0.61, 1.00, 1.00]
Event Rate: [0.96, 0.34, 0.28, 0.37, 0.59, 0.66, 0.39, 0.45, 0.44, 0.54, 0.05, 0.31, 1.00, 1.00, 0.47, 0.31, 0.60, 0.61, 1.00, 1.00]
Event Rate: [0.96, 0.34, 0.28, 0.37, 0.59, 0.67, 0.39, 0.45, 0.44, 0.54, 0.05, 0.31, 1.00, 1.00, 0.47, 0.31, 0.60, 0.61, 1.00, 1.00]
Event Rate: [0.96, 0.35, 0.29, 0.38, 0.59, 0.67, 0.40, 0.45, 0.44, 0.54, 0.05, 0.31, 1.00, 1.00, 0.47, 0.31, 0.60, 0.61, 1.00, 1.00]
Event Rate: [0.96, 0.33, 0.27, 0.37, 0.59, 0.66, 0.39, 0.45, 0.44, 0.54, 0.05, 0.31, 1.00, 1.00, 0.47, 0.31, 0.59, 0.61, 1.00, 1.00]
Event Rate: [0.96, 0.35, 0.28, 0.38, 0.59, 0.66, 0.40, 0.45, 0.44, 0.54, 0.05, 0.31, 1.00, 1.00, 0.47, 0.31, 0.60, 0.61, 1.00, 1.00]
Event Rate: [0.96, 0.35, 0.28, 0.38, 0.59, 0.67, 0.39, 0.45, 0.44, 0.54, 0.05, 0.31, 1.00, 1.00, 0.47, 0.31, 0.60, 0.61, 1.00, 1.00]
Event Rate: [0.96, 0.35, 0.28, 0.38, 0.59, 0.66, 0.39, 0.45, 0.44, 0.54, 0.05, 0.31, 1.00, 1.00, 0.47, 0.31, 0.59, 0.61, 1.00, 1.00]
Event Rate: [0.96, 0.34, 0.28, 0.37, 0.59, 0.66, 0.39, 0.45, 0.44, 0.54, 0.05, 0.31, 1.00, 1.00, 0.47, 0.31, 0.59, 0.61, 1.00, 1.00]
Event Rate: [0.96, 0.33, 0.27, 0.37, 0.58, 0.66, 0.38, 0.45, 0.43, 0.54, 0.05, 0.31, 1.00, 1.00, 0.47, 0.31, 0.59, 0.60, 1.00, 1.00]
Event Rate: [0.96, 0.34, 0.28, 0.38, 0.59, 0.66, 0.39, 0.45, 0.44, 0.54, 0.05, 0.31, 1.00, 1.00, 0.47, 0.31, 0.60, 0.61, 1.00, 1.00]
Event Rate: [0.96, 0.34, 0.28, 0.37, 0.59, 0.66, 0.39, 0.45, 0.43, 0.54, 0.05, 0.31, 1.00, 1.00, 0.47, 0.31, 0.59, 0.61, 1.00, 1.00]
Event Rate: [0.96, 0.34, 0.27, 0.37, 0.58, 0.66, 0.39, 0.45, 0.43, 0.54, 0.05, 0.31, 1.00, 1.00, 0.47, 0.31, 0.59, 0.60, 1.00, 1.00]
Event Rate: [0.96, 0.34, 0.28, 0.37, 0.59, 0.66, 0.39, 0.45, 0.43, 0.53, 0.05, 0.31, 1.00, 1.00, 0.47, 0.31, 0.59, 0.60, 1.00, 1.00]
Event Rate: [0.96, 0.33, 0.27, 0.36, 0.58, 0.66, 0.38, 0.44, 0.43, 0.54, 0.05, 0.31, 1.00, 1.00, 0.47, 0.31, 0.58, 0.60, 1.00, 1.00]
Event Rate: [0.96, 0.34, 0.28, 0.37, 0.59, 0.67, 0.39, 0.45, 0.44, 0.54, 0.05, 0.31, 1.00, 1.00, 0.47, 0.31, 0.60, 0.61, 1.00, 1.00]
Event Rate: [0.96, 0.33, 0.27, 0.37, 0.58, 0.66, 0.38, 0.45, 0.43, 0.54, 0.05, 0.31, 1.00, 1.00, 0.47, 0.31, 0.59, 0.60, 1.00, 1.00]
Event Rate: [0.96, 0.35, 0.29, 0.38, 0.60, 0.67, 0.40, 0.45, 0.44, 0.54, 0.05, 0.31, 1.00, 1.00, 0.47, 0.31, 0.60, 0.62, 1.00, 1.00]
Event Rate: [0.96, 0.34, 0.28, 0.37, 0.59, 0.66, 0.39, 0.45, 0.43, 0.54, 0.05, 0.31, 1.00, 1.00, 0.47, 0.31, 0.59, 0.61, 1.00, 1.00]
Event Rate: [0.96, 0.33, 0.27, 0.36, 0.58, 0.66, 0.38, 0.45, 0.43, 0.54, 0.05, 0.31, 1.00, 1.00, 0.46, 0.31, 0.59, 0.60, 1.00, 1.00]
Event Rate: [0.96, 0.34, 0.29, 0.38, 0.59, 0.66, 0.40, 0.45, 0.44, 0.54, 0.05, 0.31, 1.00, 1.00, 0.47, 0.31, 0.60, 0.61, 1.00, 1.00]
Event Rate: [0.96, 0.34, 0.28, 0.38, 0.59, 0.66, 0.39, 0.45, 0.44, 0.54, 0.05, 0.31, 1.00, 1.00, 0.47, 0.31, 0.59, 0.61, 1.00, 1.00]
Event Rate: [0.96, 0.34, 0.28, 0.37, 0.59, 0.66, 0.39, 0.45, 0.44, 0.54, 0.05, 0.31, 1.00, 1.00, 0.47, 0.31, 0.59, 0.61, 1.00, 1.00]
Event Rate: [0.96, 0.34, 0.28, 0.37, 0.58, 0.66, 0.39, 0.45, 0.44, 0.54, 0.05, 0.31, 1.00, 1.00, 0.47, 0.31, 0.59, 0.61, 1.00, 1.00]
Event Rate: [0.96, 0.35, 0.28, 0.38, 0.59, 0.66, 0.40, 0.45, 0.44, 0.54, 0.05, 0.31, 1.00, 1.00, 0.47, 0.31, 0.60, 0.61, 1.00, 1.00]
Event Rate: [0.96, 0.34, 0.28, 0.38, 0.59, 0.66, 0.40, 0.45, 0.44, 0.54, 0.05, 0.31, 1.00, 1.00, 0.48, 0.32, 0.60, 0.61, 1.00, 1.00]
Event Rate: [0.96, 0.34, 0.28, 0.37, 0.59, 0.66, 0.39, 0.45, 0.44, 0.54, 0.05, 0.31, 1.00, 1.00, 0.47, 0.31, 0.59, 0.60, 1.00, 1.00]
Event Rate: [0.96, 0.34, 0.28, 0.37, 0.59, 0.66, 0.39, 0.45, 0.44, 0.54, 0.05, 0.32, 1.00, 1.00, 0.48, 0.32, 0.59, 0.61, 1.00, 1.00]
Event Rate: [0.96, 0.35, 0.28, 0.38, 0.60, 0.67, 0.40, 0.45, 0.44, 0.54, 0.05, 0.31, 1.00, 1.00, 0.47, 0.31, 0.60, 0.61, 1.00, 1.00]
Event Rate: [0.96, 0.34, 0.28, 0.38, 0.59, 0.66, 0.39, 0.45, 0.44, 0.54, 0.05, 0.31, 1.00, 1.00, 0.47, 0.31, 0.59, 0.61, 1.00, 1.00]
Event Rate: [0.96, 0.34, 0.28, 0.37, 0.59, 0.66, 0.39, 0.45, 0.44, 0.54, 0.05, 0.31, 1.00, 1.00, 0.47, 0.31, 0.59, 0.61, 1.00, 1.00]
Event Rate: [0.95, 0.34, 0.27, 0.37, 0.58, 0.66, 0.39, 0.45, 0.44, 0.54, 0.05, 0.31, 1.00, 1.00, 0.47, 0.31, 0.59, 0.60, 1.00, 1.00]
Event Rate: [0.96, 0.34, 0.28, 0.38, 0.59, 0.66, 0.39, 0.45, 0.43, 0.54, 0.05, 0.31, 1.00, 1.00, 0.47, 0.31, 0.59, 0.61, 1.00, 1.00]
Event Rate: [0.96, 0.34, 0.28, 0.38, 0.59, 0.66, 0.39, 0.45, 0.43, 0.54, 0.05, 0.31, 1.00, 1.00, 0.47, 0.31, 0.59, 0.61, 1.00, 1.00]
Event Rate: [0.96, 0.34, 0.28, 0.37, 0.58, 0.66, 0.39, 0.45, 0.43, 0.54, 0.05, 0.31, 1.00, 1.00, 0.47, 0.31, 0.59, 0.60, 1.00, 1.00]
Event Rate: [0.96, 0.34, 0.28, 0.38, 0.59, 0.66, 0.39, 0.45, 0.44, 0.54, 0.05, 0.31, 1.00, 1.00, 0.47, 0.32, 0.60, 0.61, 1.00, 1.00]
Event Rate: [0.95, 0.33, 0.27, 0.37, 0.58, 0.66, 0.39, 0.45, 0.43, 0.54, 0.05, 0.31, 1.00, 1.00, 0.47, 0.31, 0.59, 0.60, 1.00, 1.00]
Event Rate: [0.96, 0.34, 0.28, 0.37, 0.59, 0.66, 0.39, 0.45, 0.44, 0.54, 0.05, 0.31, 1.00, 1.00, 0.47, 0.31, 0.59, 0.61, 1.00, 1.00]
Event Rate: [0.96, 0.33, 0.28, 0.37, 0.58, 0.66, 0.39, 0.45, 0.44, 0.54, 0.05, 0.31, 1.00, 1.00, 0.47, 0.31, 0.59, 0.60, 1.00, 1.00]
Event Rate: [0.96, 0.34, 0.28, 0.37, 0.58, 0.66, 0.39, 0.45, 0.44, 0.54, 0.05, 0.31, 1.00, 1.00, 0.47, 0.31, 0.59, 0.60, 1.00, 1.00]
Event Rate: [0.96, 0.35, 0.28, 0.38, 0.59, 0.67, 0.40, 0.45, 0.44, 0.54, 0.05, 0.31, 1.00, 1.00, 0.47, 0.31, 0.60, 0.61, 1.00, 1.00]
Event Rate: [0.96, 0.34, 0.28, 0.37, 0.59, 0.66, 0.39, 0.45, 0.43, 0.54, 0.05, 0.31, 1.00, 1.00, 0.47, 0.31, 0.59, 0.60, 1.00, 1.00]
Event Rate: [0.95, 0.34, 0.27, 0.37, 0.58, 0.66, 0.39, 0.45, 0.43, 0.54, 0.05, 0.31, 1.00, 1.00, 0.47, 0.31, 0.59, 0.60, 1.00, 1.00]
Event Rate: [0.96, 0.34, 0.28, 0.37, 0.58, 0.66, 0.39, 0.45, 0.43, 0.54, 0.05, 0.31, 1.00, 1.00, 0.47, 0.31, 0.59, 0.60, 1.00, 1.00]
Event Rate: [0.96, 0.34, 0.28, 0.37, 0.58, 0.66, 0.39, 0.45, 0.44, 0.54, 0.05, 0.31, 1.00, 1.00, 0.47, 0.31, 0.59, 0.61, 1.00, 1.00]
Event Rate: [0.96, 0.35, 0.28, 0.38, 0.59, 0.66, 0.39, 0.45, 0.43, 0.54, 0.05, 0.31, 1.00, 1.00, 0.47, 0.31, 0.59, 0.61, 1.00, 1.00]
Event Rate: [0.96, 0.34, 0.28, 0.37, 0.59, 0.66, 0.39, 0.45, 0.44, 0.54, 0.05, 0.31, 1.00, 1.00, 0.47, 0.31, 0.59, 0.60, 1.00, 1.00]
Event Rate: [0.96, 0.34, 0.28, 0.37, 0.59, 0.67, 0.39, 0.45, 0.44, 0.54, 0.05, 0.31, 1.00, 1.00, 0.47, 0.31, 0.59, 0.61, 1.00, 1.00]
Event Rate: [0.96, 0.34, 0.28, 0.38, 0.60, 0.67, 0.40, 0.45, 0.44, 0.54, 0.05, 0.31, 1.00, 1.00, 0.48, 0.32, 0.60, 0.61, 1.00, 1.00]
Event Rate: [0.96, 0.34, 0.28, 0.37, 0.59, 0.66, 0.39, 0.45, 0.44, 0.54, 0.05, 0.31, 1.00, 1.00, 0.47, 0.31, 0.60, 0.61, 1.00, 1.00]
Event Rate: [0.95, 0.34, 0.28, 0.38, 0.59, 0.66, 0.39, 0.45, 0.44, 0.54, 0.05, 0.31, 1.00, 1.00, 0.47, 0.31, 0.59, 0.61, 1.00, 1.00]
Event Rate: [0.95, 0.34, 0.28, 0.37, 0.58, 0.66, 0.39, 0.45, 0.43, 0.54, 0.05, 0.31, 1.00, 1.00, 0.47, 0.31, 0.59, 0.60, 1.00, 1.00]
Event Rate: [0.95, 0.34, 0.28, 0.37, 0.59, 0.66, 0.39, 0.45, 0.43, 0.53, 0.05, 0.31, 1.00, 1.00, 0.47, 0.31, 0.59, 0.61, 1.00, 1.00]
Event Rate: [0.96, 0.35, 0.29, 0.38, 0.60, 0.67, 0.40, 0.46, 0.44, 0.54, 0.05, 0.32, 1.00, 1.00, 0.48, 0.32, 0.60, 0.62, 1.00, 1.00]
Event Rate: [0.95, 0.33, 0.27, 0.36, 0.58, 0.65, 0.38, 0.45, 0.43, 0.54, 0.05, 0.31, 1.00, 1.00, 0.47, 0.31, 0.58, 0.60, 1.00, 1.00]
Event Rate: [0.96, 0.34, 0.28, 0.38, 0.59, 0.66, 0.39, 0.45, 0.44, 0.54, 0.05, 0.31, 1.00, 1.00, 0.48, 0.32, 0.60, 0.61, 1.00, 1.00]
Event Rate: [0.96, 0.35, 0.29, 0.38, 0.60, 0.67, 0.40, 0.45, 0.44, 0.54, 0.05, 0.31, 1.00, 1.00, 0.47, 0.31, 0.60, 0.61, 1.00, 1.00]
Event Rate: [0.96, 0.34, 0.28, 0.37, 0.59, 0.66, 0.39, 0.45, 0.43, 0.54, 0.05, 0.31, 1.00, 1.00, 0.47, 0.31, 0.59, 0.61, 1.00, 1.00]
Event Rate: [0.96, 0.34, 0.28, 0.37, 0.58, 0.66, 0.39, 0.45, 0.43, 0.53, 0.05, 0.31, 1.00, 1.00, 0.47, 0.31, 0.59, 0.60, 1.00, 1.00]
Event Rate: [0.96, 0.34, 0.28, 0.37, 0.58, 0.66, 0.39, 0.45, 0.43, 0.54, 0.05, 0.31, 1.00, 1.00, 0.47, 0.31, 0.59, 0.60, 1.00, 1.00]
Event Rate: [0.96, 0.35, 0.29, 0.38, 0.60, 0.66, 0.40, 0.45, 0.43, 0.54, 0.05, 0.31, 1.00, 1.00, 0.47, 0.31, 0.60, 0.61, 1.00, 1.00]
Event Rate: [0.96, 0.34, 0.28, 0.37, 0.59, 0.66, 0.39, 0.45, 0.44, 0.54, 0.05, 0.31, 1.00, 1.00, 0.47, 0.31, 0.59, 0.61, 1.00, 1.00]
Event Rate: [0.96, 0.34, 0.28, 0.38, 0.59, 0.67, 0.40, 0.45, 0.44, 0.54, 0.05, 0.31, 1.00, 1.00, 0.48, 0.31, 0.60, 0.61, 1.00, 1.00]
Event Rate: [0.96, 0.34, 0.28, 0.38, 0.59, 0.66, 0.39, 0.45, 0.44, 0.54, 0.05, 0.31, 1.00, 1.00, 0.47, 0.31, 0.59, 0.61, 1.00, 1.00]
Event Rate: [0.96, 0.34, 0.28, 0.37, 0.59, 0.66, 0.39, 0.45, 0.44, 0.54, 0.05, 0.31, 1.00, 1.00, 0.47, 0.31, 0.59, 0.60, 1.00, 1.00]
Event Rate: [0.96, 0.35, 0.28, 0.38, 0.59, 0.67, 0.40, 0.45, 0.44, 0.54, 0.05, 0.31, 1.00, 1.00, 0.48, 0.32, 0.60, 0.61, 1.00, 1.00]
Event Rate: [0.96, 0.34, 0.28, 0.37, 0.59, 0.66, 0.39, 0.45, 0.43, 0.54, 0.05, 0.31, 1.00, 1.00, 0.47, 0.31, 0.59, 0.60, 1.00, 1.00]
Event Rate: [0.96, 0.34, 0.28, 0.38, 0.59, 0.67, 0.39, 0.45, 0.44, 0.54, 0.05, 0.31, 1.00, 1.00, 0.47, 0.31, 0.60, 0.61, 1.00, 1.00]
Event Rate: [0.96, 0.34, 0.28, 0.37, 0.59, 0.66, 0.39, 0.45, 0.44, 0.54, 0.05, 0.32, 1.00, 1.00, 0.48, 0.32, 0.59, 0.61, 1.00, 1.00]
Event Rate: [0.96, 0.34, 0.28, 0.37, 0.59, 0.66, 0.39, 0.45, 0.44, 0.54, 0.05, 0.31, 1.00, 1.00, 0.47, 0.31, 0.59, 0.61, 1.00, 1.00]
Event Rate: [0.96, 0.34, 0.28, 0.38, 0.59, 0.66, 0.39, 0.45, 0.44, 0.54, 0.05, 0.31, 1.00, 1.00, 0.47, 0.31, 0.59, 0.61, 1.00, 1.00]
Event Rate: [0.96, 0.33, 0.27, 0.37, 0.58, 0.66, 0.39, 0.45, 0.44, 0.54, 0.05, 0.31, 1.00, 1.00, 0.47, 0.31, 0.59, 0.61, 1.00, 1.00]
Event Rate: [0.96, 0.33, 0.27, 0.37, 0.58, 0.66, 0.39, 0.45, 0.43, 0.54, 0.05, 0.31, 1.00, 1.00, 0.47, 0.31, 0.59, 0.60, 1.00, 1.00]
Event Rate: [0.96, 0.34, 0.28, 0.38, 0.59, 0.66, 0.39, 0.45, 0.44, 0.54, 0.05, 0.31, 1.00, 1.00, 0.47, 0.31, 0.60, 0.61, 1.00, 1.00]
Event Rate: [0.95, 0.34, 0.28, 0.37, 0.58, 0.66, 0.39, 0.45, 0.43, 0.54, 0.05, 0.31, 1.00, 1.00, 0.47, 0.31, 0.59, 0.60, 1.00, 1.00]
Event Rate: [0.96, 0.33, 0.27, 0.36, 0.58, 0.66, 0.39, 0.45, 0.44, 0.54, 0.05, 0.31, 1.00, 1.00, 0.47, 0.31, 0.59, 0.60, 1.00, 1.00]
Event Rate: [0.96, 0.35, 0.29, 0.38, 0.60, 0.67, 0.40, 0.45, 0.44, 0.54, 0.05, 0.31, 1.00, 1.00, 0.47, 0.31, 0.60, 0.61, 1.00, 1.00]
Event Rate: [0.96, 0.34, 0.28, 0.38, 0.59, 0.66, 0.39, 0.45, 0.44, 0.54, 0.05, 0.31, 1.00, 1.00, 0.47, 0.31, 0.59, 0.61, 1.00, 1.00]
Event Rate: [0.96, 0.34, 0.28, 0.37, 0.59, 0.66, 0.39, 0.45, 0.44, 0.54, 0.05, 0.31, 1.00, 1.00, 0.47, 0.31, 0.59, 0.61, 1.00, 1.00]
Event Rate: [0.96, 0.34, 0.28, 0.37, 0.58, 0.66, 0.39, 0.45, 0.44, 0.54, 0.05, 0.31, 1.00, 1.00, 0.47, 0.31, 0.59, 0.61, 1.00, 1.00]
Event Rate: [0.95, 0.34, 0.28, 0.38, 0.59, 0.66, 0.40, 0.45, 0.44, 0.54, 0.05, 0.31, 1.00, 1.00, 0.47, 0.31, 0.60, 0.61, 1.00, 1.00]
Event Rate: [0.96, 0.33, 0.27, 0.36, 0.58, 0.66, 0.39, 0.45, 0.43, 0.53, 0.05, 0.31, 1.00, 1.00, 0.47, 0.31, 0.59, 0.60, 1.00, 1.00]
Event Rate: [0.96, 0.34, 0.28, 0.37, 0.59, 0.66, 0.39, 0.45, 0.43, 0.54, 0.05, 0.31, 1.00, 1.00, 0.47, 0.31, 0.59, 0.61, 1.00, 1.00]
Event Rate: [0.96, 0.34, 0.28, 0.37, 0.59, 0.66, 0.39, 0.45, 0.44, 0.54, 0.05, 0.31, 1.00, 1.00, 0.47, 0.31, 0.59, 0.61, 1.00, 1.00]
Event Rate: [0.96, 0.34, 0.28, 0.37, 0.59, 0.66, 0.39, 0.45, 0.44, 0.54, 0.05, 0.31, 1.00, 1.00, 0.47, 0.31, 0.59, 0.60, 1.00, 1.00]
Event Rate: [0.96, 0.35, 0.28, 0.38, 0.59, 0.67, 0.39, 0.45, 0.44, 0.54, 0.05, 0.31, 1.00, 1.00, 0.48, 0.32, 0.60, 0.61, 1.00, 1.00]
Event Rate: [0.96, 0.34, 0.28, 0.37, 0.59, 0.66, 0.39, 0.45, 0.44, 0.54, 0.05, 0.31, 1.00, 1.00, 0.47, 0.31, 0.59, 0.61, 1.00, 1.00]
Event Rate: [0.96, 0.35, 0.28, 0.38, 0.59, 0.66, 0.39, 0.45, 0.43, 0.54, 0.05, 0.31, 1.00, 1.00, 0.47, 0.31, 0.59, 0.61, 1.00, 1.00]
Event Rate: [0.96, 0.35, 0.28, 0.38, 0.59, 0.66, 0.39, 0.45, 0.44, 0.54, 0.05, 0.31, 1.00, 1.00, 0.47, 0.31, 0.60, 0.61, 1.00, 1.00]
Event Rate: [0.96, 0.35, 0.29, 0.38, 0.59, 0.67, 0.40, 0.45, 0.44, 0.54, 0.05, 0.31, 1.00, 1.00, 0.47, 0.31, 0.60, 0.61, 1.00, 1.00]
Event Rate: [0.96, 0.34, 0.28, 0.38, 0.59, 0.66, 0.40, 0.45, 0.44, 0.54, 0.05, 0.31, 1.00, 1.00, 0.48, 0.32, 0.60, 0.61, 1.00, 1.00]
Event Rate: [0.96, 0.34, 0.28, 0.37, 0.59, 0.66, 0.39, 0.45, 0.43, 0.54, 0.05, 0.31, 1.00, 1.00, 0.47, 0.31, 0.59, 0.61, 1.00, 1.00]
Event Rate: [0.96, 0.33, 0.27, 0.37, 0.58, 0.66, 0.39, 0.45, 0.43, 0.54, 0.05, 0.31, 1.00, 1.00, 0.47, 0.31, 0.59, 0.60, 1.00, 1.00]
Event Rate: [0.96, 0.34, 0.28, 0.37, 0.59, 0.66, 0.39, 0.45, 0.43, 0.53, 0.05, 0.31, 1.00, 1.00, 0.47, 0.31, 0.59, 0.61, 1.00, 1.00]
Event Rate: [0.96, 0.33, 0.27, 0.37, 0.58, 0.66, 0.39, 0.45, 0.43, 0.54, 0.05, 0.31, 1.00, 1.00, 0.47, 0.31, 0.59, 0.60, 1.00, 1.00]
Event Rate: [0.96, 0.34, 0.28, 0.38, 0.59, 0.66, 0.39, 0.45, 0.44, 0.54, 0.05, 0.31, 1.00, 1.00, 0.47, 0.31, 0.59, 0.60, 1.00, 1.00]
Event Rate: [0.96, 0.34, 0.28, 0.37, 0.59, 0.66, 0.39, 0.45, 0.44, 0.54, 0.05, 0.31, 1.00, 1.00, 0.47, 0.31, 0.59, 0.60, 1.00, 1.00]
Event Rate: [0.95, 0.34, 0.28, 0.37, 0.59, 0.66, 0.39, 0.45, 0.43, 0.53, 0.05, 0.31, 1.00, 1.00, 0.47, 0.31, 0.59, 0.61, 1.00, 1.00]
Event Rate: [0.96, 0.34, 0.28, 0.37, 0.58, 0.66, 0.39, 0.45, 0.44, 0.54, 0.05, 0.31, 1.00, 1.00, 0.47, 0.31, 0.59, 0.60, 1.00, 1.00]
Event Rate: [0.96, 0.34, 0.28, 0.38, 0.59, 0.66, 0.39, 0.45, 0.44, 0.54, 0.05, 0.31, 1.00, 1.00, 0.47, 0.31, 0.59, 0.61, 1.00, 1.00]
Event Rate: [0.96, 0.34, 0.28, 0.38, 0.59, 0.66, 0.39, 0.45, 0.43, 0.54, 0.05, 0.31, 1.00, 1.00, 0.47, 0.31, 0.60, 0.61, 1.00, 1.00]
Event Rate: [0.96, 0.34, 0.28, 0.37, 0.59, 0.66, 0.39, 0.45, 0.44, 0.54, 0.05, 0.31, 1.00, 1.00, 0.47, 0.31, 0.59, 0.61, 1.00, 1.00]
Event Rate: [0.96, 0.33, 0.27, 0.37, 0.58, 0.66, 0.38, 0.45, 0.43, 0.54, 0.05, 0.31, 1.00, 1.00, 0.47, 0.31, 0.59, 0.60, 1.00, 1.00]
Event Rate: [0.95, 0.34, 0.28, 0.37, 0.59, 0.66, 0.39, 0.45, 0.43, 0.54, 0.05, 0.31, 1.00, 1.00, 0.47, 0.31, 0.59, 0.61, 1.00, 1.00]
Event Rate: [0.96, 0.34, 0.28, 0.37, 0.59, 0.66, 0.39, 0.45, 0.44, 0.54, 0.05, 0.31, 1.00, 1.00, 0.47, 0.31, 0.59, 0.61, 1.00, 1.00]
Event Rate: [0.96, 0.34, 0.28, 0.37, 0.59, 0.66, 0.39, 0.45, 0.44, 0.54, 0.05, 0.31, 1.00, 1.00, 0.47, 0.32, 0.59, 0.61, 1.00, 1.00]
Event Rate: [0.96, 0.35, 0.28, 0.38, 0.59, 0.67, 0.40, 0.45, 0.44, 0.54, 0.05, 0.31, 1.00, 1.00, 0.47, 0.32, 0.60, 0.61, 1.00, 1.00]
Event Rate: [0.95, 0.35, 0.28, 0.38, 0.60, 0.67, 0.40, 0.45, 0.44, 0.54, 0.05, 0.31, 1.00, 1.00, 0.47, 0.31, 0.60, 0.61, 1.00, 1.00]
Event Rate: [0.95, 0.35, 0.28, 0.38, 0.59, 0.67, 0.40, 0.45, 0.44, 0.54, 0.05, 0.31, 1.00, 1.00, 0.47, 0.31, 0.60, 0.61, 1.00, 1.00]
Event Rate: [0.96, 0.35, 0.29, 0.38, 0.60, 0.67, 0.40, 0.45, 0.44, 0.54, 0.05, 0.31, 1.00, 1.00, 0.47, 0.31, 0.60, 0.61, 1.00, 1.00]
Event Rate: [0.96, 0.35, 0.28, 0.38, 0.60, 0.67, 0.40, 0.45, 0.44, 0.54, 0.05, 0.31, 1.00, 1.00, 0.48, 0.32, 0.60, 0.61, 1.00, 1.00]
Event Rate: [0.96, 0.34, 0.28, 0.38, 0.59, 0.66, 0.39, 0.45, 0.44, 0.54, 0.05, 0.31, 1.00, 1.00, 0.47, 0.31, 0.59, 0.61, 1.00, 1.00]
Event Rate: [0.96, 0.34, 0.29, 0.38, 0.59, 0.66, 0.40, 0.45, 0.44, 0.54, 0.05, 0.32, 1.00, 1.00, 0.48, 0.32, 0.60, 0.61, 1.00, 1.00]
Event Rate: [0.96, 0.35, 0.28, 0.38, 0.59, 0.67, 0.39, 0.45, 0.44, 0.54, 0.05, 0.31, 1.00, 1.00, 0.47, 0.31, 0.60, 0.61, 1.00, 1.00]
Event Rate: [0.96, 0.34, 0.28, 0.37, 0.59, 0.66, 0.39, 0.45, 0.44, 0.54, 0.05, 0.31, 1.00, 1.00, 0.47, 0.32, 0.59, 0.61, 1.00, 1.00]
Event Rate: [0.96, 0.34, 0.28, 0.37, 0.58, 0.66, 0.39, 0.45, 0.43, 0.53, 0.05, 0.31, 1.00, 1.00, 0.47, 0.31, 0.59, 0.60, 1.00, 1.00]
Event Rate: [0.96, 0.34, 0.28, 0.37, 0.59, 0.66, 0.39, 0.45, 0.44, 0.54, 0.05, 0.31, 1.00, 1.00, 0.47, 0.31, 0.59, 0.61, 1.00, 1.00]
Event Rate: [0.95, 0.33, 0.27, 0.36, 0.58, 0.65, 0.38, 0.44, 0.43, 0.53, 0.05, 0.31, 1.00, 1.00, 0.46, 0.31, 0.58, 0.60, 1.00, 1.00]
